Transaction_ID,Hotel_ID,Chain_ID,City,Country,Region,Year,Quarter,Revenue_USD,ADR_USD,RevPAR_USD,TRevPAR_USD,Occupancy_%,GOP_%,Rooms_Available,Google_Rating,Reviews_Count,Revenue_Type,Segment,Star_Rating,Currency,Latitude,Longitude
TXN10001,1000,CHN04,Cairns,Australia,Asia Pacific,2020,Q2,496896,73,24.82,32.54,34,22.0,220,4.1,4208.0,Reported,Midscale,3,AUD,-16.9186,145.7781
TXN10002,1001,CHN06,Utrecht,Netherlands,Europe,2022,Q2,993720,42,27.3,33.91,65,26.9,400,4.0,919.0,Reported,Economy,2,EUR,52.0907,5.1214
TXN10003,1002,CHN01,Udaipur,India,Asia Pacific,2020,Q3,7142990,711,277.29,362.34,39,23.2,280,4.8,1840.0,Reported,Luxury,5,INR,24.5854,73.7125
TXN10004,1003,CHN12,Da Nang,Vietnam,Asia Pacific,2023,Q2,614250,150,112.5,130.45,75,11.4,60,4.3,3632.0,Reported,Midscale,3,VND,16.0544,108.2022
TXN10005,1004,CHN05,Sharjah,UAE,Middle East,2019,Q4,1622549,213,146.97,212.22,69,43.3,120,4.6,8257.0,Reported,Upscale,4,AED,25.3463,55.4209
TXN10006,1005,CHN06,Fez,Morocco,Africa,2022,Q1,2777040,133,77.14,108.03,58,21.9,400,4.7,3037.0,Reported,Upscale,4,MAD,34.0181,-5.0078
TXN10007,1006,CHN07,Kyoto,Japan,Asia Pacific,2020,Q3,492246,87,35.67,41.46,41,24.4,150,4.1,,Reported,Midscale,3,JPY,35.0116,135.7681
TXN10008,1007,CHN04,Strasbourg,France,Europe,2022,Q3,12733591,939,629.13,888.92,67,31.9,220,4.7,1615.0,Reported,Luxury,5,EUR,48.5734,7.7521
TXN10009,1008,CHN04,Darwin,Australia,Asia Pacific,2025,Q2,4747088,397,289.81,347.39,73,39.0,180,4.9,5091.0,Estimated,Upper-Upscale,5,AUD,-12.4634,130.8456
TXN10010,1009,CHN07,Deira,UAE,Middle East,2019,Q3,3630614,162,140.94,184.91,87,42.2,280,4.4,5765.0,Reported,Upscale,4,AED,25.2697,55.3095
TXN10011,1010,CHN05,Mykonos,Greece,Europe,2024,Q4,7876598,1034,713.46,887.79,69,35.3,120,4.9,14933.0,Reported,Luxury,5,EUR,37.4467,25.3289
TXN10012,1011,CHN11,Nara,Japan,Asia Pacific,2024,Q2,1761360,106,87.98,98.65,83,18.0,220,4.1,4477.0,Reported,Midscale,3,JPY,34.6851,135.8048
TXN10013,1012,CHN09,Mecca,Saudi Arabia,Middle East,2020,Q3,1401344,136,54.4,71.9,40,34.3,280,4.6,14607.0,Reported,Upscale,4,SAR,21.3891,39.8579
TXN10014,1013,CHN02,Rome,Italy,Europe,2021,Q1,926640,104,46.8,57.47,45,27.4,220,4.3,4909.0,Reported,Midscale,3,EUR,41.9028,12.4964
TXN10015,1014,CHN03,Cairns,Australia,Asia Pacific,2022,Q3,2753229,167,106.88,153.1,64,36.1,280,4.5,10205.0,Reported,Upscale,4,AUD,-16.9186,145.7781
TXN10016,1015,CHN05,Jaipur,India,Asia Pacific,2023,Q4,12345480,675,479.25,635.58,71,34.3,280,5.0,11895.0,Reported,Luxury,5,INR,26.9124,75.7873
TXN10017,1016,CHN09,Kuching,Malaysia,Asia Pacific,2019,Q3,1422173,339,257.64,341.39,76,31.9,60,4.9,10550.0,Reported,Luxury,5,MYR,1.5497,110.3626
TXN10018,1017,CHN01,New Orleans,USA,Americas,2019,Q1,7416360,872,549.36,646.63,63,29.4,150,4.9,7843.0,Reported,Luxury,5,USD,29.9511,-90.0715
TXN10019,1018,CHN05,Los Cabos,Mexico,Americas,2024,Q3,13301820,459,413.1,488.5,90,27.2,350,5.0,9764.0,Reported,Luxury,5,MXN,22.8905,-109.9167
TXN10020,1019,CHN03,Mecca,Saudi Arabia,Middle East,2023,Q1,1609344,127,81.28,95.91,64,25.4,220,4.3,1519.0,Reported,Midscale,3,SAR,21.3891,39.8579
TXN10021,1020,CHN04,Guilin,China,Asia Pacific,2020,Q1,2358720,234,74.88,103.56,32,18.3,350,4.8,12175.0,Reported,Upper-Upscale,5,CNY,25.2736,110.2907
TXN10022,1021,CHN08,Genting,Malaysia,Asia Pacific,2025,Q1,2505420,449,278.38,389.36,62,27.7,100,4.7,1747.0,Estimated,Luxury,5,MYR,0.0,0.0
TXN10023,1022,CHN01,Kyoto,Japan,Asia Pacific,2025,Q3,1019434,171,138.51,157.14,81,22.3,80,4.6,14870.0,Estimated,Upscale,4,JPY,35.0116,135.7681
TXN10024,1023,CHN05,Toulouse,France,Europe,2020,Q2,743242,165,54.45,75.47,33,28.9,150,4.6,13693.0,Reported,Upscale,4,EUR,43.6047,1.4442
TXN10025,1024,CHN04,Marseille,France,Europe,2020,Q1,430272,249,79.68,113.27,32,21.4,60,5.0,11309.0,Reported,Upper-Upscale,5,EUR,43.2965,5.3698
TXN10026,1025,CHN10,Agra,India,Asia Pacific,2020,Q1,1889118,329,95.41,139.04,29,43.4,220,4.6,10637.0,Reported,Luxury,5,INR,27.1767,78.0081
TXN10027,1026,CHN02,Puebla,Mexico,Americas,2023,Q2,767676,95,70.3,96.84,74,10.0,120,4.3,1621.0,Reported,Midscale,3,MXN,19.0414,-98.2063
TXN10028,1027,CHN11,Langkawi,Malaysia,Asia Pacific,2020,Q1,460350,75,23.25,29.35,31,19.2,220,4.2,2854.0,Reported,Midscale,3,MYR,6.35,99.8
TXN10029,1028,CHN11,Venice,Italy,Europe,2019,Q4,1377130,378,249.48,338.97,66,22.8,60,5.0,12007.0,Reported,Upper-Upscale,5,EUR,45.4408,12.3155
TXN10030,1029,CHN12,Granada,Spain,Europe,2019,Q2,2093364,213,153.36,201.07,72,23.2,150,4.4,1445.0,Reported,Upscale,4,EUR,37.1773,-3.5986
TXN10031,1030,CHN01,Al Ain,UAE,Middle East,2021,Q4,259661,84,35.28,39.79,42,11.5,80,4.1,2296.0,Reported,Upscale,3,AED,24.2075,55.7447
TXN10032,1031,CHN02,Ayutthaya,Thailand,Asia Pacific,2022,Q1,2504196,262,154.58,200.8,59,32.5,180,4.5,10162.0,Reported,Upper-Upscale,4,THB,14.3532,100.5659
TXN10033,1032,CHN02,Phu Quoc,Vietnam,Asia Pacific,2023,Q2,853944,92,62.56,77.41,68,10.0,150,4.4,2191.0,Reported,Midscale,3,VND,10.2899,103.984
TXN10034,1033,CHN10,Rio de Janeiro,Brazil,Americas,2019,Q4,2341069,142,90.88,126.8,64,41.5,280,4.6,7976.0,Reported,Upscale,4,BRL,-22.9068,-43.1729
TXN10035,1034,CHN10,Fortaleza,Brazil,Americas,2025,Q1,6587136,953,609.92,698.07,64,42.1,120,4.8,9029.0,Estimated,Luxury,5,BRL,-3.7319,-38.5267
TXN10036,1035,CHN01,Ho Chi Minh City,Vietnam,Asia Pacific,2024,Q2,9691500,355,266.25,353.67,75,18.5,400,4.9,4572.0,Reported,Upper-Upscale,5,VND,10.8231,106.6297
TXN10037,1036,CHN07,London,UK,Europe,2020,Q2,727272,216,79.92,109.81,37,20.7,100,4.6,13316.0,Reported,Upscale,4,GBP,51.5074,-0.1278
TXN10038,1037,CHN09,Ras Al Khaimah,UAE,Middle East,2021,Q2,350860,126,64.26,89.29,51,39.5,60,4.4,7408.0,Reported,Upscale,4,AED,25.8007,55.9762
TXN10039,1038,CHN09,Guadalajara,Mexico,Americas,2025,Q4,938860,157,102.05,131.18,65,21.9,100,4.5,3109.0,Estimated,Upscale,4,MXN,20.6597,-103.3496
TXN10040,1039,CHN09,Daegu,South Korea,Asia Pacific,2020,Q4,1327946,243,80.19,110.74,33,37.1,180,,2349.0,Reported,Luxury,5,KRW,35.8714,128.6014
TXN10041,1040,CHN02,Antalya,Turkey,Europe/Middle East,2020,Q1,624240,289,86.7,101.68,30,24.7,80,4.7,14536.0,Reported,Upper-Upscale,5,TRY,36.8969,30.7133
TXN10042,1041,CHN02,JBR,UAE,Middle East,2019,Q2,367676,91,67.34,86.16,74,27.3,60,4.2,3062.0,Reported,Midscale,3,AED,25.0777,55.1308
TXN10043,1042,CHN12,Phu Quoc,Vietnam,Asia Pacific,2025,Q2,10482472,374,287.98,366.56,77,30.4,400,4.4,6694.0,Estimated,Upscale,4,VND,10.2899,103.984
TXN10044,1043,CHN01,Cologne,Germany,Europe,2023,Q3,1814093,316,246.48,323.44,78,42.8,80,4.8,14664.0,Reported,Upper-Upscale,5,EUR,50.9333,6.95
TXN10045,1044,CHN12,Hanoi,Vietnam,Asia Pacific,2019,Q3,1006186,217,182.28,215.67,84,20.4,60,4.5,9914.0,Reported,Upscale,4,VND,21.0285,105.8542
TXN10046,1045,CHN05,Coimbra,Portugal,Europe,2020,Q3,944950,347,128.39,186.28,37,27.6,80,4.7,4881.0,Reported,Luxury,5,EUR,0.0,0.0
TXN10047,1046,CHN07,Valencia,Spain,Europe,2020,Q2,119192,59,21.83,28.76,37,18.7,60,4.1,3569.0,Reported,Midscale,3,EUR,39.4699,-0.3763
TXN10048,1047,CHN12,Bilbao,Spain,Europe,2019,Q3,2492538,118,96.76,131.06,82,18.0,280,4.2,4357.0,Reported,Midscale,3,EUR,43.263,-2.935
TXN10049,1048,CHN09,Fujairah,UAE,Middle East,2024,Q3,1806420,385,327.25,374.13,85,39.5,60,4.9,1255.0,Reported,Luxury,5,AED,25.1288,56.3264
TXN10050,1049,CHN08,Essaouira,Morocco,Africa,2024,Q1,2782836,409,257.67,303.03,63,34.6,120,4.7,3057.0,Reported,Luxury,5,MAD,31.5125,-9.77
TXN10051,1050,CHN05,Dusseldorf,Germany,Europe,2023,Q1,438372,123,81.18,99.74,66,20.5,60,4.3,4865.0,Reported,Midscale,3,EUR,51.2217,6.7762
TXN10052,1051,CHN03,Essaouira,Morocco,Africa,2023,Q3,898656,220,162.8,228.49,74,33.0,60,4.5,14785.0,Reported,Upscale,4,MAD,31.5125,-9.77
TXN10053,1052,CHN03,Komodo,Indonesia,Asia Pacific,2021,Q4,8920780,1025,440.75,607.94,43,24.8,220,,8854.0,Reported,Luxury,5,IDR,0.0,0.0
TXN10054,1053,CHN04,Krabi,Thailand,Asia Pacific,2024,Q1,1137240,117,84.24,102.11,72,15.9,150,4.2,2372.0,Reported,Midscale,3,THB,8.0863,98.9063
TXN10055,1054,CHN08,Honolulu,USA,Americas,2021,Q4,694048,164,75.44,93.39,46,21.7,100,4.6,9247.0,Reported,Upscale,4,USD,21.3069,-157.8583
TXN10056,1055,CHN04,Washington DC,USA,Americas,2025,Q4,5303984,232,164.72,203.24,71,43.4,350,4.6,2466.0,Estimated,Upscale,4,USD,38.9072,-77.0369
TXN10057,1056,CHN03,Ipoh,Malaysia,Asia Pacific,2024,Q4,685658,137,93.16,110.53,68,22.5,80,4.1,4056.0,Reported,Midscale,3,MYR,4.5975,101.0901
TXN10058,1057,CHN06,Bangalore,India,Asia Pacific,2019,Q2,1855053,113,92.66,123.68,82,20.9,220,4.2,1581.0,Reported,Midscale,3,INR,12.9716,77.5946
TXN10059,1058,CHN12,Maastricht,Netherlands,Europe,2022,Q4,5249244,286,163.02,211.17,57,33.5,350,4.5,11070.0,Reported,Upscale,4,EUR,50.8514,5.691
TXN10060,1059,CHN04,Cannes,France,Europe,2021,Q4,837936,115,50.6,71.76,44,37.0,180,4.4,13835.0,Reported,Upscale,4,EUR,43.5528,7.0174
TXN10061,1060,CHN01,Changi,Singapore,Asia Pacific,2020,Q2,900354,194,65.96,74.36,34,36.3,150,4.6,1711.0,Reported,Upper-Upscale,5,SGD,1.3644,103.9915
TXN10062,1061,CHN04,Genting,Malaysia,Asia Pacific,2023,Q1,691740,70,42.7,60.56,61,14.9,180,4.1,2197.0,Reported,Economy,2,MYR,0.0,0.0
TXN10063,1062,CHN10,Manchester,UK,Europe,2025,Q2,6828276,676,500.24,699.23,74,39.8,150,4.7,12592.0,Estimated,Luxury,5,GBP,53.4808,-2.2426
TXN10064,1063,CHN11,Toledo,Spain,Europe,2019,Q4,443072,86,60.2,74.62,70,27.6,80,4.1,3679.0,Reported,Midscale,3,EUR,39.8628,-4.0273
TXN10065,1064,CHN03,Ho Chi Minh City,Vietnam,Asia Pacific,2021,Q3,1457611,163,88.02,127.66,54,41.2,180,4.7,5346.0,Reported,Upscale,4,VND,10.8231,106.6297
TXN10066,1065,CHN09,Kota Kinabalu,Malaysia,Asia Pacific,2019,Q4,2070221,293,187.52,217.55,64,28.1,120,4.7,4618.0,Reported,Luxury,5,MYR,5.9788,116.0753
TXN10067,1066,CHN05,Honolulu,USA,Americas,2023,Q4,1227427,109,74.12,91.4,68,15.5,180,4.2,1664.0,Reported,Midscale,3,USD,21.3069,-157.8583
TXN10068,1067,CHN11,Bali,Indonesia,Asia Pacific,2020,Q1,594270,213,66.03,75.37,31,25.5,100,4.7,5241.0,Reported,Upper-Upscale,5,IDR,-8.3405,115.092
TXN10069,1068,CHN05,Marseille,France,Europe,2019,Q1,16374960,722,454.86,621.75,63,26.2,400,4.8,3289.0,Reported,Luxury,5,EUR,43.2965,5.3698
TXN10070,1069,CHN04,Tangier,Morocco,Africa,2025,Q4,8309035,1031,752.63,963.87,73,23.9,120,4.9,9496.0,Estimated,Luxury,5,MAD,35.7595,-5.833
TXN10071,1070,CHN12,Suzhou,China,Asia Pacific,2019,Q1,2865915,299,212.29,303.63,71,29.4,150,,3783.0,Reported,Upscale,4,CNY,31.2983,120.5832
TXN10072,1071,CHN02,Abu Dhabi,UAE,Middle East,2024,Q3,6764926,459,408.51,483.14,89,28.0,180,4.6,3944.0,Reported,Upper-Upscale,5,AED,24.4539,54.3773
TXN10073,1072,CHN06,Beijing,China,Asia Pacific,2024,Q3,380218,84,68.88,92.96,82,21.4,60,3.8,4717.0,Reported,Economy,2,CNY,39.9042,116.4074
TXN10074,1073,CHN02,Zakynthos,Greece,Europe,2025,Q4,647680,110,70.4,91.03,64,10.4,100,4.3,1852.0,Estimated,Midscale,3,EUR,37.7902,20.9051
TXN10075,1074,CHN05,JBR,UAE,Middle East,2025,Q2,12875362,539,404.25,455.39,75,34.0,350,4.9,8434.0,Estimated,Luxury,5,AED,25.0777,55.1308
TXN10076,1075,CHN08,Udaipur,India,Asia Pacific,2023,Q4,8797298,481,341.51,474.78,71,38.6,280,4.8,2781.0,Reported,Luxury,5,INR,24.5854,73.7125
TXN10077,1076,CHN03,Porto,Portugal,Europe,2020,Q2,4776408,972,349.92,492.57,36,25.3,150,4.7,6918.0,Reported,Luxury,5,EUR,41.1579,-8.6291
TXN10078,1077,CHN04,JBR,UAE,Middle East,2021,Q2,3885700,305,152.5,189.96,50,40.1,280,5.0,6625.0,Reported,Upper-Upscale,5,AED,25.0777,55.1308
TXN10079,1078,CHN05,Komodo,Indonesia,Asia Pacific,2023,Q1,9049320,399,251.37,292.86,63,25.2,400,4.7,3834.0,Reported,Upper-Upscale,5,IDR,0.0,0.0
TXN10080,1079,CHN09,Marrakech,Morocco,Africa,2021,Q1,1073358,139,54.21,75.42,39,34.2,220,4.4,2476.0,Reported,Upscale,4,MAD,31.6295,-7.9811
TXN10081,1080,CHN03,Haarlem,Netherlands,Europe,2021,Q2,12813255,894,402.3,465.49,45,20.7,350,4.9,5997.0,Reported,Luxury,5,EUR,0.0,0.0
TXN10082,1081,CHN09,Canberra,Australia,Asia Pacific,2022,Q1,3286800,166,91.3,121.86,55,24.4,400,4.5,12301.0,Reported,Upper-Upscale,4,AUD,-35.2809,149.13
TXN10083,1082,CHN12,Manchester,UK,Europe,2024,Q3,3479808,394,315.2,417.27,80,38.5,120,4.5,7271.0,Reported,Upscale,4,GBP,53.4808,-2.2426
TXN10084,1083,CHN03,Mumbai,India,Asia Pacific,2023,Q1,1271160,107,64.2,87.83,60,10.9,220,4.3,2643.0,Reported,Midscale,3,INR,19.076,72.8777
TXN10085,1084,CHN08,Fujairah,UAE,Middle East,2020,Q1,1198800,296,88.8,114.58,30,40.5,150,4.9,6410.0,Reported,Luxury,5,AED,25.1288,56.3264
TXN10086,1085,CHN12,Crete,Greece,Europe,2022,Q2,4616976,302,181.2,234.38,60,40.9,280,4.6,6745.0,Reported,Upscale,4,EUR,35.2401,24.8093
TXN10087,1086,CHN09,Bologna,Italy,Europe,2023,Q1,3988845,189,126.63,144.43,67,23.7,350,4.4,10671.0,Reported,Upper-Upscale,4,EUR,44.4949,11.3426
TXN10088,1087,CHN04,Pattaya,Thailand,Asia Pacific,2020,Q4,590198,108,35.64,44.83,33,39.8,180,4.6,6851.0,Reported,Upscale,4,THB,12.9236,100.8825
TXN10089,1088,CHN01,Delft,Netherlands,Europe,2022,Q4,2183068,389,237.29,266.63,61,26.2,100,4.7,5416.0,Reported,Luxury,5,EUR,0.0,0.0
TXN10090,1089,CHN06,Toledo,Spain,Europe,2025,Q4,843640,131,91.7,133.51,70,8.6,100,4.3,4971.0,Estimated,Midscale,3,EUR,39.8628,-4.0273
TXN10091,1090,CHN09,Al Ula,Saudi Arabia,Middle East,2022,Q1,2082780,145,82.65,98.11,57,40.4,280,4.7,7170.0,Reported,Upscale,4,SAR,0.0,0.0
TXN10092,1091,CHN08,Kochi,India,Asia Pacific,2023,Q4,1799888,365,244.55,317.79,67,22.0,80,4.7,13773.0,Reported,Luxury,5,INR,9.9312,76.2673
TXN10093,1092,CHN08,Sao Paulo,Brazil,Americas,2023,Q2,5801996,397,289.81,348.49,73,23.9,220,5.0,12823.0,Reported,Luxury,5,BRL,-23.5505,-46.6333
TXN10094,1093,CHN06,Goa,India,Asia Pacific,2025,Q2,1058148,102,77.52,89.51,76,18.0,150,4.3,631.0,Estimated,Midscale,3,INR,15.2993,74.124
TXN10095,1094,CHN01,San Francisco,USA,Americas,2025,Q2,11054180,503,347.07,443.07,69,40.0,350,4.9,12780.0,Estimated,Upper-Upscale,5,USD,37.7749,-122.4194
TXN10096,1095,CHN06,Penang,Malaysia,Asia Pacific,2024,Q2,689562,128,94.72,133.69,74,18.9,80,4.2,2878.0,Reported,Midscale,3,MYR,5.4141,100.3288
TXN10097,1096,CHN12,Agra,India,Asia Pacific,2020,Q1,5535360,496,153.76,220.1,31,31.6,400,4.7,2610.0,Reported,Luxury,5,INR,27.1767,78.0081
TXN10098,1097,CHN06,Los Angeles,USA,Americas,2019,Q3,3693598,231,182.49,209.08,79,40.9,220,4.7,13505.0,Reported,Upscale,4,USD,34.0522,-118.2437
TXN10099,1098,CHN10,Evora,Portugal,Europe,2025,Q4,582912,165,105.6,124.41,64,19.0,60,4.7,6642.0,Estimated,Upscale,4,EUR,0.0,0.0
TXN10100,1099,CHN12,Groningen,Netherlands,Europe,2020,Q2,838292,94,32.9,47.12,35,8.0,280,4.3,2979.0,Reported,Midscale,3,EUR,0.0,0.0
TXN10101,1100,CHN12,Valencia,Spain,Europe,2020,Q1,5631120,474,156.42,194.3,33,40.0,400,4.7,12677.0,Reported,Luxury,5,EUR,39.4699,-0.3763
TXN10102,1101,CHN01,Lille,France,Europe,2021,Q1,1898316,279,117.18,139.37,42,23.8,180,4.8,13156.0,Reported,Upper-Upscale,5,EUR,50.6292,3.0573
TXN10103,1102,CHN02,Lombok,Indonesia,Asia Pacific,2019,Q1,2209680,99,61.38,69.81,62,24.8,400,4.2,2032.0,Reported,Midscale,3,IDR,-8.5833,116.35
TXN10104,1103,CHN06,Rhodes,Greece,Europe,2023,Q4,1557192,93,60.45,74.42,65,17.1,280,4.3,3056.0,Reported,Midscale,3,EUR,36.4349,28.2176
TXN10105,1104,CHN09,Delphi,Greece,Europe,2024,Q4,4518893,379,272.88,326.82,72,37.0,180,4.8,11873.0,Reported,Luxury,5,EUR,0.0,0.0
TXN10106,1105,CHN05,Valencia,Spain,Europe,2020,Q3,588211,296,106.56,130.69,36,29.1,60,4.8,13547.0,Reported,Luxury,5,EUR,39.4699,-0.3763
TXN10107,1106,CHN03,Oxford,UK,Europe,2019,Q4,2040192,560,369.6,488.76,66,33.2,60,4.9,10943.0,Reported,Luxury,5,GBP,51.752,-1.2577
TXN10108,1107,CHN09,Suzhou,China,Asia Pacific,2023,Q3,4052563,322,244.72,325.32,76,28.2,180,4.6,8547.0,Reported,Luxury,5,CNY,31.2983,120.5832
TXN10109,1108,CHN11,Frankfurt,Germany,Europe,2020,Q2,1256482,263,92.05,109.24,35,37.7,150,5.0,7012.0,Reported,Upper-Upscale,5,EUR,50.1109,8.6821
TXN10110,1109,CHN06,Palermo,Italy,Europe,2021,Q4,721243,139,65.33,80.79,47,28.0,120,4.7,2416.0,Reported,Upscale,4,EUR,38.1157,13.3615
TXN10111,1110,CHN01,Hong Kong,China,Asia Pacific,2025,Q1,24552000,2000,1240.0,1596.8,62,19.7,220,4.7,8744.0,Estimated,Luxury,5,CNY,22.3193,114.1694
TXN10112,1111,CHN04,Chefchaouen,Morocco,Africa,2021,Q1,928800,240,103.2,133.9,43,41.9,100,4.4,8274.0,Reported,Upscale,4,MAD,35.1688,-5.2636
TXN10113,1112,CHN01,Thessaloniki,Greece,Europe,2019,Q1,2553525,291,189.15,252.42,65,35.1,150,4.7,11364.0,Reported,Upper-Upscale,5,EUR,40.6401,22.9444
TXN10114,1113,CHN04,Jurong,Singapore,Asia Pacific,2024,Q1,1131165,133,83.79,94.99,63,9.5,150,4.2,462.0,Reported,Midscale,3,SGD,1.3404,103.709
TXN10115,1114,CHN11,Milan,Italy,Europe,2024,Q3,1995066,183,144.57,198.89,79,9.2,150,4.4,1331.0,Reported,Midscale,3,EUR,45.4654,9.1859
TXN10116,1115,CHN08,Hua Hin,Thailand,Asia Pacific,2024,Q2,6355549,429,317.46,386.33,74,22.4,220,4.6,13706.0,Reported,Luxury,5,THB,12.5684,99.9578
TXN10117,1116,CHN12,Perth,Australia,Asia Pacific,2025,Q3,7434336,259,202.02,276.84,78,38.3,400,4.4,13981.0,Estimated,Upscale,4,AUD,-31.9505,115.8605
TXN10118,1117,CHN09,Hanoi,Vietnam,Asia Pacific,2021,Q1,842400,156,62.4,76.31,40,37.9,150,4.4,3220.0,Reported,Upper-Upscale,4,VND,21.0285,105.8542
TXN10119,1118,CHN11,Jaipur,India,Asia Pacific,2020,Q3,134688,61,24.4,28.46,40,11.1,60,4.2,2857.0,Reported,Midscale,3,INR,26.9124,75.7873
TXN10120,1119,CHN07,Nagoya,Japan,Asia Pacific,2022,Q2,893711,46,28.06,35.59,61,19.4,350,3.8,,Reported,Economy,2,JPY,35.1815,136.9066
TXN10121,1120,CHN12,Granada,Spain,Europe,2023,Q4,7353192,346,228.36,330.28,66,28.9,350,4.5,9592.0,Reported,Upscale,4,EUR,37.1773,-3.5986
TXN10122,1121,CHN11,Nice,France,Europe,2019,Q3,1555978,162,140.94,170.55,87,22.9,120,4.4,13661.0,Reported,Upscale,4,EUR,43.7102,7.262
TXN10123,1122,CHN08,Birmingham,UK,Europe,2020,Q4,494592,140,44.8,61.29,32,41.6,120,4.6,3194.0,Reported,Upscale,4,GBP,52.4862,-1.8904
TXN10124,1123,CHN02,Playa del Carmen,Mexico,Americas,2020,Q3,6852160,532,212.8,301.25,40,40.7,350,4.7,5032.0,Reported,Luxury,5,MXN,20.6296,-87.0739
TXN10125,1124,CHN08,Palermo,Italy,Europe,2019,Q2,9201592,469,361.13,526.77,77,19.8,280,4.8,10256.0,Reported,Luxury,5,EUR,38.1157,13.3615
TXN10126,1125,CHN06,Sharjah,UAE,Middle East,2019,Q4,1322482,99,65.34,93.35,66,16.8,220,4.2,2454.0,Reported,Midscale,3,AED,25.3463,55.4209
TXN10127,1126,CHN12,Abu Dhabi,UAE,Middle East,2021,Q3,2386296,262,144.1,206.16,55,41.5,180,4.5,3520.0,Reported,Upscale,4,AED,24.4539,54.3773
TXN10128,1127,CHN08,Bordeaux,France,Europe,2024,Q4,7597139,404,294.92,422.01,73,23.0,280,4.9,11832.0,Reported,Luxury,5,EUR,44.8378,-0.5792
TXN10129,1128,CHN04,Nice,France,Europe,2025,Q4,8891984,331,241.63,353.91,73,34.9,400,4.3,12791.0,Estimated,Upscale,4,EUR,43.7102,7.262
TXN10130,1129,CHN12,Malaga,Spain,Europe,2025,Q4,8590666,786,518.76,583.75,66,38.9,180,5.0,11153.0,Estimated,Luxury,5,EUR,36.7213,-4.4214
TXN10131,1130,CHN11,Turin,Italy,Europe,2019,Q3,2106653,94,81.78,116.1,87,18.8,280,4.2,4045.0,Reported,Midscale,3,EUR,45.0703,7.6869
TXN10132,1131,CHN06,Lille,France,Europe,2025,Q2,310565,54,42.66,53.18,79,9.3,80,4.1,1387.0,Estimated,Economy,2,EUR,50.6292,3.0573
TXN10133,1132,CHN08,Thessaloniki,Greece,Europe,2022,Q3,2424936,382,263.58,361.53,69,42.7,100,4.6,6676.0,Reported,Luxury,5,EUR,40.6401,22.9444
TXN10134,1133,CHN01,Cannes,France,Europe,2020,Q3,398268,185,72.15,83.32,39,26.2,60,4.6,3761.0,Reported,Upper-Upscale,4,EUR,43.5528,7.0174
TXN10135,1134,CHN12,Seville,Spain,Europe,2021,Q4,1592962,614,288.58,343.49,47,31.0,60,4.6,14983.0,Reported,Luxury,5,EUR,37.3891,-5.9845
TXN10136,1135,CHN11,Seoul,South Korea,Asia Pacific,2019,Q4,2683824,204,132.6,149.72,65,20.2,220,4.4,1806.0,Reported,Upscale,4,KRW,37.5665,126.978
TXN10137,1136,CHN11,Guadalajara,Mexico,Americas,2025,Q3,841910,186,152.52,187.06,82,23.9,60,4.4,12518.0,Estimated,Upscale,4,MXN,20.6597,-103.3496
TXN10138,1137,CHN09,Zakynthos,Greece,Europe,2019,Q1,1277640,182,118.3,170.46,65,37.7,120,4.5,8077.0,Reported,Upper-Upscale,4,EUR,37.7902,20.9051
TXN10139,1138,CHN09,London,UK,Europe,2019,Q3,7534800,300,234.0,293.64,78,32.0,350,4.6,11731.0,Reported,Upscale,4,GBP,51.5074,-0.1278
TXN10140,1139,CHN04,Chiang Mai,Thailand,Asia Pacific,2024,Q2,4926776,557,451.17,596.44,81,34.9,120,4.8,11566.0,Reported,Luxury,5,THB,18.7883,98.9853
TXN10141,1140,CHN09,Playa del Carmen,Mexico,Americas,2021,Q4,1450803,128,56.32,74.16,44,35.6,280,4.4,4499.0,Reported,Upscale,4,MXN,20.6296,-87.0739
TXN10142,1141,CHN01,Corfu,Greece,Europe,2021,Q4,3809168,941,414.04,533.69,44,28.8,100,4.7,8958.0,Reported,Luxury,5,EUR,39.6243,19.9217
TXN10143,1142,CHN05,Cairns,Australia,Asia Pacific,2024,Q3,1008320,137,109.6,160.5,80,24.0,100,4.4,3309.0,Reported,Midscale,3,AUD,-16.9186,145.7781
TXN10144,1143,CHN08,Da Nang,Vietnam,Asia Pacific,2025,Q2,13312572,501,365.73,417.65,73,33.6,400,5.0,7654.0,Estimated,Luxury,5,VND,16.0544,108.2022
TXN10145,1144,CHN09,Ha Long Bay,Vietnam,Asia Pacific,2024,Q4,1887840,190,136.8,156.66,72,32.4,150,4.4,5159.0,Reported,Upper-Upscale,4,VND,20.9101,107.1839
TXN10146,1145,CHN12,Sintra,Portugal,Europe,2022,Q2,3467974,316,211.72,311.41,67,29.5,180,4.5,9524.0,Reported,Upscale,4,EUR,38.7978,-9.3902
TXN10147,1146,CHN06,Little India,Singapore,Asia Pacific,2020,Q1,287550,71,21.3,26.27,30,8.4,150,4.1,4260.0,Reported,Midscale,3,SGD,1.3066,103.8518
TXN10148,1147,CHN03,Cambridge,UK,Europe,2020,Q1,2506680,844,278.52,380.46,33,20.3,100,4.6,8646.0,Reported,Luxury,5,GBP,52.2053,0.1218
TXN10149,1148,CHN09,Ibiza,Spain,Europe,2022,Q4,662842,158,90.06,105.6,57,37.6,80,4.5,2851.0,Reported,Upper-Upscale,4,EUR,38.9067,1.4206
TXN10150,1149,CHN08,Incheon,South Korea,Asia Pacific,2024,Q2,10970732,415,344.45,445.65,83,41.7,350,4.6,5389.0,Reported,Luxury,5,KRW,37.4563,126.7052
TXN10151,1150,CHN07,Manchester,UK,Europe,2020,Q4,309120,64,22.4,32.48,35,8.7,150,4.1,954.0,Reported,Midscale,3,GBP,53.4808,-2.2426
TXN10152,1151,CHN04,Belem,Brazil,Americas,2021,Q3,1208659,92,46.92,61.97,51,14.6,280,4.4,4275.0,Reported,Midscale,3,BRL,-1.4558,-48.5044
TXN10153,1152,CHN10,Nara,Japan,Asia Pacific,2025,Q1,10196550,498,323.7,454.37,65,35.7,350,4.7,5824.0,Estimated,Luxury,5,JPY,34.6851,135.8048
TXN10154,1153,CHN04,Ibiza,Spain,Europe,2019,Q4,4045939,1018,732.96,968.86,72,19.2,60,4.6,1367.0,Reported,Luxury,5,EUR,38.9067,1.4206
TXN10155,1154,CHN10,Turin,Italy,Europe,2024,Q1,7047936,437,279.68,373.37,64,34.0,280,4.7,8989.0,Reported,Luxury,5,EUR,45.0703,7.6869
TXN10156,1155,CHN09,Guilin,China,Asia Pacific,2024,Q4,699660,169,126.75,144.35,75,32.6,60,4.6,10388.0,Reported,Upscale,4,CNY,25.2736,110.2907
TXN10157,1156,CHN09,Trabzon,Turkey,Europe/Middle East,2020,Q2,1769040,135,48.6,55.69,36,43.3,400,4.6,9710.0,Reported,Upper-Upscale,4,TRY,0.0,0.0
TXN10158,1157,CHN08,Andong,South Korea,Asia Pacific,2025,Q2,2692945,521,369.91,523.45,71,20.0,80,4.8,7186.0,Estimated,Luxury,5,KRW,36.5684,128.7294
TXN10159,1158,CHN05,Meknes,Morocco,Africa,2023,Q2,7029422,462,351.12,430.82,76,43.7,220,4.9,3305.0,Reported,Luxury,5,MAD,0.0,0.0
TXN10160,1159,CHN07,Marrakech,Morocco,Africa,2024,Q1,518976,106,72.08,97.99,68,21.1,80,4.4,984.0,Reported,Midscale,3,MAD,31.6295,-7.9811
TXN10161,1160,CHN06,Canberra,Australia,Asia Pacific,2021,Q2,349222,41,21.32,30.48,52,24.4,180,4.1,1618.0,Reported,Economy,2,AUD,-35.2809,149.13
TXN10162,1161,CHN03,Haarlem,Netherlands,Europe,2022,Q1,1040364,169,96.33,138.29,57,38.9,120,4.4,6447.0,Reported,Upper-Upscale,4,EUR,0.0,0.0
TXN10163,1162,CHN02,Marseille,France,Europe,2022,Q3,1039747,277,188.36,217.43,68,22.8,60,4.5,,Reported,Upper-Upscale,4,EUR,43.2965,5.3698
TXN10164,1163,CHN10,Fujairah,UAE,Middle East,2022,Q1,3892860,534,288.36,346.92,54,20.4,150,4.6,6975.0,Reported,Luxury,5,AED,25.1288,56.3264
TXN10165,1164,CHN08,Deira,UAE,Middle East,2020,Q3,1615925,153,62.73,74.28,41,30.3,280,4.6,11897.0,Reported,Upscale,4,AED,25.2697,55.3095
TXN10166,1165,CHN03,Agadir,Morocco,Africa,2021,Q2,9908098,1053,494.91,663.18,47,22.6,220,4.7,4480.0,Reported,Luxury,5,MAD,30.4278,-9.5981
TXN10167,1166,CHN08,Marseille,France,Europe,2023,Q4,1434427,426,259.86,298.05,61,37.4,60,4.8,5491.0,Reported,Luxury,5,EUR,43.2965,5.3698
TXN10168,1167,CHN05,Rotterdam,Netherlands,Europe,2021,Q2,2532075,159,79.5,105.97,50,29.5,350,4.5,13508.0,Reported,Upscale,4,EUR,51.9244,4.4777
TXN10169,1168,CHN10,Barcelona,Spain,Europe,2020,Q1,849420,143,42.9,59.72,30,26.5,220,4.4,7257.0,Reported,Upscale,4,EUR,41.3851,2.1734
TXN10170,1169,CHN04,Puebla,Mexico,Americas,2025,Q3,1536768,174,139.2,158.02,80,39.6,120,4.6,4684.0,Estimated,Upscale,4,MXN,19.0414,-98.2063
TXN10171,1170,CHN04,The Hague,Netherlands,Europe,2022,Q2,5115583,794,468.46,569.96,59,32.2,120,5.0,11410.0,Reported,Luxury,5,EUR,52.0705,4.3007
TXN10172,1171,CHN07,Hobart,Australia,Asia Pacific,2024,Q1,554400,110,77.0,100.96,70,18.3,80,4.4,3620.0,Reported,Midscale,3,AUD,-42.8821,147.3272
TXN10173,1172,CHN11,Zhangjiajie,China,Asia Pacific,2021,Q4,1371168,216,99.36,121.42,46,40.1,150,4.6,9627.0,Reported,Upper-Upscale,5,CNY,29.117,110.4793
TXN10174,1173,CHN10,Yanbu,Saudi Arabia,Middle East,2019,Q1,1684782,127,85.09,95.53,67,38.4,220,4.5,,Reported,Upscale,4,SAR,0.0,0.0
TXN10175,1174,CHN12,Incheon,South Korea,Asia Pacific,2022,Q1,618192,106,57.24,69.0,54,9.6,120,4.4,2834.0,Reported,Midscale,3,KRW,37.4563,126.7052
TXN10176,1175,CHN05,Natal,Brazil,Americas,2020,Q3,3121468,262,96.94,136.4,37,42.8,350,4.9,9364.0,Reported,Upper-Upscale,5,BRL,-5.7945,-35.211
TXN10177,1176,CHN08,Zakynthos,Greece,Europe,2023,Q1,3804192,222,150.96,190.67,68,19.1,280,4.6,1984.0,Reported,Upscale,4,EUR,37.7902,20.9051
TXN10178,1177,CHN11,Hoi An,Vietnam,Asia Pacific,2021,Q1,451440,76,33.44,40.2,44,24.1,150,4.1,1493.0,Reported,Midscale,3,VND,15.8801,108.338
TXN10179,1178,CHN09,Cairns,Australia,Asia Pacific,2024,Q3,4489968,166,139.44,172.07,84,25.4,350,4.7,8304.0,Reported,Upscale,4,AUD,-16.9186,145.7781
TXN10180,1179,CHN11,Phu Quoc,Vietnam,Asia Pacific,2025,Q1,4815360,209,133.76,166.7,64,37.3,400,4.6,6186.0,Estimated,Upscale,4,VND,10.2899,103.984
TXN10181,1180,CHN10,NEOM,Saudi Arabia,Middle East,2021,Q2,1162034,347,159.62,228.45,46,23.8,80,4.6,7512.0,Reported,Luxury,5,SAR,0.0,0.0
TXN10182,1181,CHN08,Little India,Singapore,Asia Pacific,2021,Q2,856128,160,78.4,92.17,49,43.2,120,4.7,11048.0,Reported,Upscale,4,SGD,1.3066,103.8518
TXN10183,1182,CHN03,Sentosa,Singapore,Asia Pacific,2023,Q1,26044200,1378,826.8,1154.86,60,32.9,350,4.9,7930.0,Reported,Luxury,5,SGD,1.2494,103.8303
TXN10184,1183,CHN10,Koh Samui,Thailand,Asia Pacific,2020,Q4,7289344,619,198.08,238.98,32,29.0,400,4.6,9683.0,Reported,Luxury,5,THB,9.512,100.0136
TXN10185,1184,CHN03,Coimbra,Portugal,Europe,2025,Q4,7409091,1379,1006.67,1386.5,73,26.8,80,4.9,9954.0,Estimated,Luxury,5,EUR,0.0,0.0
TXN10186,1185,CHN12,Fukuoka,Japan,Asia Pacific,2023,Q4,3451840,140,93.8,131.16,67,10.3,400,4.2,4447.0,Reported,Midscale,3,JPY,33.5904,130.4017
TXN10187,1186,CHN10,Kota Kinabalu,Malaysia,Asia Pacific,2022,Q4,3270821,559,296.27,370.91,53,43.7,120,4.8,3859.0,Reported,Luxury,5,MYR,5.9788,116.0753
TXN10188,1187,CHN11,Dresden,Germany,Europe,2024,Q3,593069,102,80.58,93.38,79,27.1,80,4.2,3415.0,Reported,Midscale,3,EUR,51.0509,13.7383
TXN10189,1188,CHN02,Jeddah,Saudi Arabia,Middle East,2023,Q2,10559858,908,644.68,869.54,71,21.5,180,4.7,10460.0,Reported,Luxury,5,SAR,21.5433,39.1728
TXN10190,1189,CHN01,Madeira,Portugal,Europe,2024,Q2,3233412,282,236.88,266.9,84,18.2,150,4.5,2749.0,Reported,Upper-Upscale,4,EUR,32.6669,-16.9241
TXN10191,1190,CHN06,Washington DC,USA,Americas,2023,Q1,262440,81,48.6,67.95,60,23.8,60,4.1,4852.0,Reported,Economy,2,USD,38.9072,-77.0369
TXN10192,1191,CHN12,Nha Trang,Vietnam,Asia Pacific,2020,Q1,615600,152,45.6,53.24,30,34.2,150,4.6,9303.0,Reported,Upscale,4,VND,12.2388,109.1967
TXN10193,1192,CHN10,Okinawa,Japan,Asia Pacific,2022,Q3,8836416,348,240.12,299.53,69,43.0,400,4.7,12735.0,Reported,Luxury,5,JPY,26.2124,127.6809
TXN10194,1193,CHN07,Phu Quoc,Vietnam,Asia Pacific,2025,Q2,5911360,232,162.4,203.32,70,33.3,400,4.4,7851.0,Estimated,Upscale,4,VND,10.2899,103.984
TXN10195,1194,CHN03,Strasbourg,France,Europe,2021,Q1,4617270,349,146.58,207.04,42,29.4,350,4.7,6447.0,Reported,Luxury,5,EUR,48.5734,7.7521
TXN10196,1195,CHN09,Cascais,Portugal,Europe,2021,Q4,1495368,129,58.05,67.36,45,33.7,280,4.4,8185.0,Reported,Upscale,4,EUR,0.0,0.0
TXN10197,1196,CHN06,Da Lat,Vietnam,Asia Pacific,2019,Q1,521856,151,96.64,128.05,64,31.0,60,4.6,6975.0,Reported,Upscale,4,VND,0.0,0.0
TXN10198,1197,CHN10,Naples,Italy,Europe,2024,Q3,4559078,464,412.96,541.63,89,34.3,120,4.7,9114.0,Reported,Luxury,5,EUR,40.8518,14.2681
TXN10199,1198,CHN07,Bandung,Indonesia,Asia Pacific,2019,Q3,1910748,161,138.46,191.24,86,24.0,150,4.6,7714.0,Reported,Upscale,4,IDR,-6.9175,107.6191
TXN10200,1199,CHN02,Paris,France,Europe,2024,Q2,4934530,312,246.48,316.46,79,26.8,220,4.6,13584.0,Reported,Upscale,4,EUR,48.8566,2.3522
TXN10201,1200,CHN08,Sydney,Australia,Asia Pacific,2025,Q4,5818522,549,351.36,465.68,64,38.4,180,4.7,5046.0,Estimated,Luxury,5,AUD,-33.8688,151.2093
TXN10202,1201,CHN10,Milan,Italy,Europe,2025,Q2,1522576,191,139.43,206.25,73,21.0,120,4.5,12936.0,Estimated,Upscale,4,EUR,45.4654,9.1859
TXN10203,1202,CHN07,Delhi,India,Asia Pacific,2023,Q1,609444,171,112.86,153.63,66,26.1,60,4.5,4919.0,Reported,Upscale,4,INR,28.6139,77.209
TXN10204,1203,CHN11,Brasilia,Brazil,Americas,2019,Q1,2523150,267,186.9,231.74,70,20.1,150,4.9,10211.0,Reported,Upper-Upscale,5,BRL,-15.7975,-47.8919
TXN10205,1204,CHN07,Guangzhou,China,Asia Pacific,2021,Q1,640332,77,32.34,40.25,42,23.5,220,4.3,1112.0,Reported,Midscale,3,CNY,23.1291,113.2644
TXN10206,1205,CHN07,Udaipur,India,Asia Pacific,2021,Q4,1916176,127,52.07,76.74,41,36.3,400,4.5,3726.0,Reported,Upscale,4,INR,24.5854,73.7125
TXN10207,1206,CHN02,Sokcho,South Korea,Asia Pacific,2023,Q2,2298296,164,114.8,155.62,70,37.6,220,4.5,11176.0,Reported,Upscale,4,KRW,38.207,128.5918
TXN10208,1207,CHN12,Mecca,Saudi Arabia,Middle East,2020,Q4,1519840,118,41.3,48.33,35,17.9,400,4.3,2347.0,Reported,Midscale,3,SAR,21.3891,39.8579
TXN10209,1208,CHN02,Medan,Indonesia,Asia Pacific,2022,Q1,1287252,137,79.46,100.41,58,42.9,180,4.6,3751.0,Reported,Upscale,4,IDR,0.0,0.0
TXN10210,1209,CHN12,San Francisco,USA,Americas,2021,Q2,1888205,261,138.33,198.06,53,40.3,150,4.6,4472.0,Reported,Upscale,4,USD,37.7749,-122.4194
TXN10211,1210,CHN01,JBR,UAE,Middle East,2019,Q4,8204560,364,254.8,351.18,70,27.7,350,4.7,8297.0,Reported,Luxury,5,AED,25.0777,55.1308
TXN10212,1211,CHN03,Venice,Italy,Europe,2021,Q3,1829880,255,132.6,185.41,52,31.5,150,4.6,6183.0,Reported,Upscale,4,EUR,45.4408,12.3155
TXN10213,1212,CHN11,Guadalajara,Mexico,Americas,2023,Q4,1081920,112,78.4,90.13,70,17.3,150,4.2,4088.0,Reported,Midscale,3,MXN,20.6597,-103.3496
TXN10214,1213,CHN05,Turin,Italy,Europe,2020,Q4,2291867,287,88.97,130.77,31,18.2,280,4.8,1836.0,Reported,Luxury,5,EUR,45.0703,7.6869
TXN10215,1214,CHN02,San Francisco,USA,Americas,2022,Q2,395577,115,72.45,94.81,63,8.2,60,4.4,1132.0,Reported,Midscale,3,USD,37.7749,-122.4194
TXN10216,1215,CHN11,Kusadasi,Turkey,Europe/Middle East,2025,Q4,680506,92,61.64,83.09,67,26.4,120,4.3,,Estimated,Midscale,3,TRY,0.0,0.0
TXN10217,1216,CHN11,Oxford,UK,Europe,2024,Q4,473395,128,85.76,124.1,67,15.6,60,4.1,251.0,Reported,Midscale,3,GBP,51.752,-1.2577
TXN10218,1217,CHN04,Abha,Saudi Arabia,Middle East,2022,Q3,2487606,463,337.99,487.88,73,38.0,80,4.7,9284.0,Reported,Luxury,5,SAR,18.2164,42.5053
TXN10219,1218,CHN03,Komodo,Indonesia,Asia Pacific,2020,Q3,312487,153,56.61,66.9,37,31.4,60,4.7,7874.0,Reported,Upscale,4,IDR,0.0,0.0
TXN10220,1219,CHN01,Valencia,Spain,Europe,2019,Q2,1373372,245,188.65,214.28,77,37.0,80,4.6,11078.0,Reported,Upper-Upscale,4,EUR,39.4699,-0.3763
TXN10221,1220,CHN11,Cameron Highlands,Malaysia,Asia Pacific,2020,Q4,1357552,124,42.16,52.68,34,26.3,350,4.4,7886.0,Reported,Upscale,4,MYR,0.0,0.0
TXN10222,1221,CHN04,Chengdu,China,Asia Pacific,2024,Q3,15129492,573,469.86,688.53,82,39.1,350,4.8,5011.0,Reported,Luxury,5,CNY,30.5728,104.0668
TXN10223,1222,CHN05,Izmir,Turkey,Europe/Middle East,2021,Q2,1659840,95,45.6,53.76,48,27.7,400,4.2,4258.0,Reported,Midscale,3,TRY,38.4192,27.1287
TXN10224,1223,CHN11,Washington DC,USA,Americas,2024,Q2,862407,117,94.77,108.17,81,8.5,100,4.1,4558.0,Reported,Midscale,3,USD,38.9072,-77.0369
TXN10225,1224,CHN08,Santorini,Greece,Europe,2022,Q4,5087232,512,307.2,346.27,60,32.0,180,4.8,12894.0,Reported,Luxury,5,EUR,36.3932,25.4615
TXN10226,1225,CHN06,The Hague,Netherlands,Europe,2021,Q2,391300,86,43.0,57.88,50,17.7,100,4.3,3059.0,Reported,Midscale,3,EUR,52.0705,4.3007
TXN10227,1226,CHN12,Honolulu,USA,Americas,2025,Q1,1558062,129,78.69,110.44,61,14.4,220,4.4,1994.0,Estimated,Midscale,3,USD,21.3069,-157.8583
TXN10228,1227,CHN12,Verona,Italy,Europe,2020,Q4,379776,86,27.52,34.36,32,18.0,150,4.1,795.0,Reported,Midscale,3,EUR,45.4384,10.9916
TXN10229,1228,CHN12,Sukhothai,Thailand,Asia Pacific,2021,Q4,1217160,525,220.5,326.22,42,30.3,60,4.9,2248.0,Reported,Luxury,5,THB,0.0,0.0
TXN10230,1229,CHN12,Turin,Italy,Europe,2024,Q3,3055320,270,221.4,272.87,82,41.5,150,4.4,7599.0,Reported,Upscale,4,EUR,45.0703,7.6869
TXN10231,1230,CHN11,Pattaya,Thailand,Asia Pacific,2020,Q1,1230390,126,39.06,49.38,31,23.9,350,4.6,5584.0,Reported,Upscale,4,THB,12.9236,100.8825
TXN10232,1231,CHN03,Adelaide,Australia,Asia Pacific,2021,Q4,869400,350,157.5,212.22,45,22.8,60,4.7,14696.0,Reported,Luxury,5,AUD,-34.9285,138.6007
TXN10233,1232,CHN01,Meknes,Morocco,Africa,2023,Q3,1386182,258,188.34,250.97,73,39.9,80,4.6,11796.0,Reported,Upper-Upscale,4,MAD,0.0,0.0
TXN10234,1233,CHN11,Turin,Italy,Europe,2020,Q4,2615008,209,71.06,98.88,34,36.2,400,4.6,14436.0,Reported,Upper-Upscale,5,EUR,45.0703,7.6869
TXN10235,1234,CHN12,Ipoh,Malaysia,Asia Pacific,2025,Q2,529292,131,96.94,134.46,74,12.7,60,4.1,3349.0,Estimated,Midscale,3,MYR,4.5975,101.0901
TXN10236,1235,CHN10,Guangzhou,China,Asia Pacific,2022,Q2,1040130,127,76.2,90.22,60,32.8,150,4.7,6323.0,Reported,Upscale,4,CNY,23.1291,113.2644
TXN10237,1236,CHN04,Dresden,Germany,Europe,2020,Q3,1423553,697,257.89,300.6,37,29.9,60,4.9,4684.0,Reported,Luxury,5,EUR,51.0509,13.7383
TXN10238,1237,CHN03,Rome,Italy,Europe,2024,Q3,3848544,166,149.4,174.77,90,24.4,280,4.3,3888.0,Reported,Midscale,3,EUR,41.9028,12.4964
TXN10239,1238,CHN11,Manaus,Brazil,Americas,2023,Q2,827008,128,90.88,123.68,71,27.0,100,4.3,2633.0,Reported,Midscale,3,BRL,-3.119,-60.0217
TXN10240,1239,CHN03,Darwin,Australia,Asia Pacific,2021,Q4,1958772,453,212.91,285.89,47,30.4,100,4.9,12468.0,Reported,Luxury,5,AUD,-12.4634,130.8456
TXN10241,1240,CHN03,Naples,Italy,Europe,2024,Q1,6366330,646,471.58,672.8,73,21.0,150,4.8,11539.0,Reported,Luxury,5,EUR,40.8518,14.2681
TXN10242,1241,CHN03,Oaxaca,Mexico,Americas,2025,Q2,7183777,443,358.83,430.86,81,30.5,220,5.0,11453.0,Estimated,Luxury,5,MXN,17.0732,-96.7266
TXN10243,1242,CHN06,Varanasi,India,Asia Pacific,2022,Q2,1170770,86,58.48,84.9,68,11.5,220,4.2,1211.0,Reported,Midscale,3,INR,25.3176,82.9739
TXN10244,1243,CHN01,Marmaris,Turkey,Europe/Middle East,2020,Q1,1048896,607,194.24,251.13,32,33.7,60,4.9,6909.0,Reported,Luxury,5,TRY,36.8551,28.2553
TXN10245,1244,CHN01,Medina,Saudi Arabia,Middle East,2019,Q2,1423422,110,86.9,98.83,79,20.6,180,4.1,2678.0,Reported,Upscale,3,SAR,24.5247,39.5692
TXN10246,1245,CHN05,Sokcho,South Korea,Asia Pacific,2022,Q1,4303530,483,265.65,363.61,55,26.5,180,4.8,8351.0,Reported,Luxury,5,KRW,38.207,128.5918
TXN10247,1246,CHN05,Merida,Mexico,Americas,2023,Q4,4789980,445,289.25,427.54,65,42.6,180,4.9,12950.0,Reported,Luxury,5,MXN,20.9674,-89.5926
TXN10248,1247,CHN07,Bologna,Italy,Europe,2020,Q2,575757,114,42.18,53.39,37,22.2,150,4.4,12197.0,Reported,Upscale,4,EUR,44.4949,11.3426
TXN10249,1248,CHN08,Verona,Italy,Europe,2023,Q2,3119116,451,342.76,412.1,76,19.9,100,4.8,12967.0,Reported,Luxury,5,EUR,45.4384,10.9916
TXN10250,1249,CHN06,Merida,Mexico,Americas,2019,Q2,210428,47,38.54,45.55,82,13.9,60,3.9,3777.0,Reported,Economy,2,MXN,20.9674,-89.5926
TXN10251,1250,CHN12,Deira,UAE,Middle East,2023,Q2,2637180,138,103.5,151.82,75,24.8,280,4.4,1692.0,Reported,Midscale,3,AED,25.2697,55.3095
TXN10252,1251,CHN04,Varanasi,India,Asia Pacific,2025,Q4,9830016,1113,712.32,949.25,64,18.4,150,4.7,6678.0,Estimated,Luxury,5,INR,25.3176,82.9739
TXN10253,1252,CHN04,Fortaleza,Brazil,Americas,2020,Q1,4296600,440,136.4,163.82,31,18.3,350,4.7,7774.0,Reported,Luxury,5,BRL,-3.7319,-38.5267
TXN10254,1253,CHN04,Crete,Greece,Europe,2021,Q2,1391208,84,43.68,52.61,52,13.7,350,4.3,4866.0,Reported,Midscale,3,EUR,35.2401,24.8093
TXN10255,1254,CHN07,Suzhou,China,Asia Pacific,2022,Q1,1908522,189,96.39,142.12,51,23.5,220,4.6,14352.0,Reported,Upscale,4,CNY,31.2983,120.5832
TXN10256,1255,CHN02,Da Nang,Vietnam,Asia Pacific,2022,Q1,657072,78,40.56,56.99,52,13.2,180,4.2,1663.0,Reported,Midscale,3,VND,16.0544,108.2022
TXN10257,1256,CHN08,The Hague,Netherlands,Europe,2019,Q3,5161200,425,374.0,496.48,88,21.3,150,5.0,1055.0,Reported,Luxury,5,EUR,52.0705,4.3007
TXN10258,1257,CHN11,Delhi,India,Asia Pacific,2023,Q4,327557,86,59.34,76.09,69,17.1,60,4.3,305.0,Reported,Midscale,3,INR,28.6139,77.209
TXN10259,1258,CHN05,Antalya,Turkey,Europe/Middle East,2020,Q2,2304411,238,90.44,101.42,38,22.9,280,5.0,14852.0,Reported,Upper-Upscale,5,TRY,36.8969,30.7133
TXN10260,1259,CHN02,Los Angeles,USA,Americas,2020,Q1,2712150,287,86.1,106.99,30,24.1,350,4.4,5962.0,Reported,Upper-Upscale,4,USD,34.0522,-118.2437
TXN10261,1260,CHN11,Manchester,UK,Europe,2020,Q3,427745,63,25.83,29.52,41,14.3,180,4.1,1522.0,Reported,Midscale,3,GBP,53.4808,-2.2426
TXN10262,1261,CHN02,Mumbai,India,Asia Pacific,2020,Q2,309309,103,33.99,49.65,33,26.8,100,4.4,10148.0,Reported,Upscale,4,INR,19.076,72.8777
TXN10263,1262,CHN02,Azores,Portugal,Europe,2020,Q4,1640654,193,63.69,74.99,33,26.4,280,4.4,6345.0,Reported,Upper-Upscale,4,EUR,0.0,0.0
TXN10264,1263,CHN09,Ayutthaya,Thailand,Asia Pacific,2022,Q4,470635,147,85.26,116.86,58,25.4,60,4.6,5736.0,Reported,Upscale,4,THB,14.3532,100.5659
TXN10265,1264,CHN01,San Francisco,USA,Americas,2021,Q3,7981092,459,247.86,307.64,54,36.5,350,4.7,2524.0,Reported,Luxury,5,USD,37.7749,-122.4194
TXN10266,1265,CHN09,Kyoto,Japan,Asia Pacific,2024,Q4,5364262,274,208.24,286.02,76,22.4,280,4.7,10639.0,Reported,Upper-Upscale,4,JPY,35.0116,135.7681
TXN10267,1266,CHN04,San Sebastian,Spain,Europe,2020,Q3,4483206,357,139.23,197.09,39,25.9,350,4.9,14241.0,Reported,Luxury,5,EUR,43.3183,-1.9812
TXN10268,1267,CHN01,Marmaris,Turkey,Europe/Middle East,2025,Q2,2621128,127,102.87,132.45,81,12.2,280,4.2,908.0,Estimated,Upscale,3,TRY,36.8551,28.2553
TXN10269,1268,CHN03,Heidelberg,Germany,Europe,2019,Q2,630302,117,86.58,105.52,74,16.3,80,4.1,1251.0,Reported,Midscale,3,EUR,49.3988,8.6724
TXN10270,1269,CHN02,Tokyo,Japan,Asia Pacific,2024,Q4,5880456,530,355.1,503.18,67,37.0,180,4.4,3475.0,Reported,Upper-Upscale,4,JPY,35.6762,139.6503
TXN10271,1270,CHN05,Groningen,Netherlands,Europe,2024,Q4,690662,138,93.84,130.88,68,8.1,80,4.2,3123.0,Reported,Midscale,3,EUR,0.0,0.0
TXN10272,1271,CHN04,Zhangjiajie,China,Asia Pacific,2021,Q1,638550,275,118.25,172.25,43,26.5,60,4.8,2724.0,Reported,Upper-Upscale,5,CNY,29.117,110.4793
TXN10273,1272,CHN06,Rome,Italy,Europe,2021,Q3,356040,129,64.5,83.06,50,17.0,60,4.4,2931.0,Reported,Midscale,3,EUR,41.9028,12.4964
TXN10274,1273,CHN09,San Sebastian,Spain,Europe,2024,Q3,5410152,330,267.3,358.02,81,24.6,220,4.9,3500.0,Reported,Luxury,5,EUR,43.3183,-1.9812
TXN10275,1274,CHN02,Turin,Italy,Europe,2021,Q4,3553224,628,257.48,307.97,41,27.2,150,4.8,8570.0,Reported,Luxury,5,EUR,45.0703,7.6869
TXN10276,1275,CHN06,Los Cabos,Mexico,Americas,2019,Q2,693602,103,76.22,85.99,74,24.3,100,4.2,4874.0,Reported,Midscale,3,MXN,22.8905,-109.9167
TXN10277,1276,CHN04,Andong,South Korea,Asia Pacific,2020,Q4,555588,183,60.39,69.48,33,24.7,100,4.5,10482.0,Reported,Upscale,4,KRW,36.5684,128.7294
TXN10278,1277,CHN06,Osaka,Japan,Asia Pacific,2022,Q4,298816,58,32.48,46.03,56,9.5,100,4.0,4693.0,Reported,Economy,2,JPY,34.6937,135.5023
TXN10279,1278,CHN05,Trabzon,Turkey,Europe/Middle East,2025,Q1,12587400,555,349.65,480.84,63,18.9,400,5.0,,Estimated,Luxury,5,TRY,0.0,0.0
TXN10280,1279,CHN12,Gyeongju,South Korea,Asia Pacific,2024,Q3,2921184,392,317.52,377.55,81,33.8,100,4.4,10674.0,Reported,Upscale,4,KRW,35.8562,129.2247
TXN10281,1280,CHN04,Nha Trang,Vietnam,Asia Pacific,2024,Q1,851148,74,52.54,75.15,71,27.8,180,3.9,908.0,Reported,Economy,2,VND,12.2388,109.1967
TXN10282,1281,CHN05,Chiang Mai,Thailand,Asia Pacific,2023,Q1,2883600,534,320.4,463.26,60,25.3,100,4.8,6954.0,Reported,Luxury,5,THB,18.7883,98.9853
TXN10283,1282,CHN09,Athens,Greece,Europe,2021,Q2,775757,296,142.08,167.45,48,29.1,60,5.0,11283.0,Reported,Luxury,5,EUR,37.9838,23.7275
TXN10284,1283,CHN09,Deira,UAE,Middle East,2020,Q3,839426,137,50.69,72.12,37,40.7,180,4.6,3916.0,Reported,Upper-Upscale,4,AED,25.2697,55.3095
TXN10285,1284,CHN11,Athens,Greece,Europe,2023,Q1,1413720,154,104.72,119.24,68,20.8,150,4.4,1272.0,Reported,Midscale,3,EUR,37.9838,23.7275
TXN10286,1285,CHN12,York,UK,Europe,2021,Q1,3674160,243,102.06,135.95,42,34.0,400,4.5,14395.0,Reported,Upscale,4,GBP,53.96,-1.0873
TXN10287,1286,CHN08,Daegu,South Korea,Asia Pacific,2023,Q4,1360128,231,147.84,205.19,64,28.1,100,4.6,2185.0,Reported,Upscale,4,KRW,35.8714,128.6014
TXN10288,1287,CHN09,Chengdu,China,Asia Pacific,2020,Q3,576950,134,52.26,61.24,39,24.3,120,4.6,14232.0,Reported,Upper-Upscale,4,CNY,30.5728,104.0668
TXN10289,1288,CHN08,Kuala Lumpur,Malaysia,Asia Pacific,2019,Q2,4805401,381,293.37,354.04,77,22.3,180,4.9,9875.0,Reported,Luxury,5,MYR,3.139,101.6869
TXN10290,1289,CHN09,Utrecht,Netherlands,Europe,2021,Q3,2134400,116,58.0,71.45,50,41.5,400,4.4,14647.0,Reported,Upscale,4,EUR,52.0907,5.1214
TXN10291,1290,CHN07,Birmingham,UK,Europe,2021,Q4,459043,66,27.72,32.06,42,9.2,180,4.1,3695.0,Reported,Midscale,3,GBP,52.4862,-1.8904
TXN10292,1291,CHN04,Nara,Japan,Asia Pacific,2020,Q3,3976387,667,240.12,295.05,36,32.4,180,4.8,6154.0,Reported,Luxury,5,JPY,34.6851,135.8048
TXN10293,1292,CHN03,Recife,Brazil,Americas,2019,Q2,1223768,205,168.1,226.41,82,33.7,80,4.5,12856.0,Reported,Upscale,4,BRL,-8.0476,-34.877
TXN10294,1293,CHN06,Jurong,Singapore,Asia Pacific,2020,Q4,288512,32,11.2,16.29,35,10.0,280,3.9,2882.0,Reported,Economy,2,SGD,1.3404,103.709
TXN10295,1294,CHN07,Johor Bahru,Malaysia,Asia Pacific,2021,Q3,482227,78,43.68,53.49,56,25.2,120,4.2,3542.0,Reported,Midscale,3,MYR,1.4927,103.7414
TXN10296,1295,CHN08,San Francisco,USA,Americas,2021,Q2,1092000,240,120.0,173.13,50,27.7,100,4.7,9604.0,Reported,Upscale,4,USD,37.7749,-122.4194
TXN10297,1296,CHN02,Seoul,South Korea,Asia Pacific,2025,Q2,1355172,136,99.28,130.71,73,20.4,150,4.4,1885.0,Estimated,Midscale,3,KRW,37.5665,126.978
TXN10298,1297,CHN05,Cambridge,UK,Europe,2024,Q4,3072653,588,417.48,511.58,71,28.4,80,4.6,6834.0,Reported,Luxury,5,GBP,52.2053,0.1218
TXN10299,1298,CHN06,Suzhou,China,Asia Pacific,2021,Q2,245700,90,45.0,60.87,50,13.5,60,4.3,1787.0,Reported,Midscale,3,CNY,31.2983,120.5832
TXN10300,1299,CHN12,Ha Long Bay,Vietnam,Asia Pacific,2020,Q2,871416,95,34.2,41.68,36,18.3,280,4.3,2980.0,Reported,Midscale,3,VND,20.9101,107.1839
TXN10301,1300,CHN06,Koh Samui,Thailand,Asia Pacific,2023,Q3,348202,57,47.31,58.19,83,10.6,80,3.8,584.0,Reported,Economy,2,THB,9.512,100.0136
TXN10302,1301,CHN11,Medan,Indonesia,Asia Pacific,2019,Q3,2033384,257,221.02,313.19,86,34.7,100,4.9,8646.0,Reported,Upper-Upscale,5,IDR,0.0,0.0
TXN10303,1302,CHN08,Jaipur,India,Asia Pacific,2023,Q4,5087968,223,138.26,193.8,62,27.7,400,4.4,2564.0,Reported,Upscale,4,INR,26.9124,75.7873
TXN10304,1303,CHN03,Marrakech,Morocco,Africa,2021,Q1,648000,180,72.0,93.4,40,27.0,100,4.4,14412.0,Reported,Upscale,4,MAD,31.6295,-7.9811
TXN10305,1304,CHN07,Komodo,Indonesia,Asia Pacific,2021,Q1,642060,145,59.45,74.64,41,31.6,120,4.4,13665.0,Reported,Upscale,4,IDR,0.0,0.0
TXN10306,1305,CHN11,Valencia,Spain,Europe,2024,Q1,1226880,128,90.88,125.36,71,8.6,150,4.1,4320.0,Reported,Midscale,3,EUR,39.4699,-0.3763
TXN10307,1306,CHN05,Agadir,Morocco,Africa,2025,Q3,1724890,372,312.48,392.83,84,30.2,60,5.0,10613.0,Estimated,Upper-Upscale,5,MAD,30.4278,-9.5981
TXN10308,1307,CHN06,Florence,Italy,Europe,2020,Q3,477204,38,14.82,20.74,39,12.5,350,3.8,512.0,Reported,Economy,2,EUR,43.7696,11.2558
TXN10309,1308,CHN05,Bordeaux,France,Europe,2022,Q1,1564920,92,49.68,56.35,54,25.8,350,4.3,4012.0,Reported,Midscale,3,EUR,44.8378,-0.5792
TXN10310,1309,CHN11,Chiang Mai,Thailand,Asia Pacific,2021,Q4,591192,238,107.1,140.1,45,42.5,60,4.6,11342.0,Reported,Upper-Upscale,5,THB,18.7883,98.9853
TXN10311,1310,CHN11,Ajman,UAE,Middle East,2020,Q2,714714,66,22.44,30.83,34,20.2,350,4.3,3190.0,Reported,Midscale,3,AED,25.4052,55.5136
TXN10312,1311,CHN11,Chicago,USA,Americas,2020,Q2,373464,90,34.2,40.86,38,24.1,120,4.2,3397.0,Reported,Midscale,3,USD,41.8781,-87.6298
TXN10313,1312,CHN10,Marseille,France,Europe,2021,Q4,1058515,136,63.92,83.31,47,27.1,180,4.3,7863.0,Reported,Upscale,4,EUR,43.2965,5.3698
TXN10314,1313,CHN04,Bristol,UK,Europe,2023,Q1,433620,73,48.18,71.12,66,9.1,100,4.0,2476.0,Reported,Economy,2,GBP,51.4545,-2.5879
TXN10315,1314,CHN10,Suwon,South Korea,Asia Pacific,2021,Q4,563702,111,51.06,65.28,46,34.7,120,4.4,12504.0,Reported,Upscale,4,KRW,37.2636,127.0286
TXN10316,1315,CHN05,Sokcho,South Korea,Asia Pacific,2021,Q2,964891,376,176.72,208.2,47,21.9,60,4.9,9564.0,Reported,Luxury,5,KRW,38.207,128.5918
TXN10317,1316,CHN11,Tulum,Mexico,Americas,2024,Q2,1975428,201,144.72,163.16,72,43.3,150,4.7,7208.0,Reported,Upscale,4,MXN,20.2114,-87.4654
TXN10318,1317,CHN12,Andong,South Korea,Asia Pacific,2022,Q1,2931120,690,407.1,531.19,59,26.5,80,4.7,7998.0,Reported,Luxury,5,KRW,36.5684,128.7294
TXN10319,1318,CHN07,Clarke Quay,Singapore,Asia Pacific,2022,Q2,1819272,84,57.12,75.42,68,9.9,350,4.1,,Reported,Midscale,3,SGD,1.2906,103.8467
TXN10320,1319,CHN06,Natal,Brazil,Americas,2021,Q4,628029,53,24.38,30.26,46,24.9,280,4.1,1752.0,Reported,Economy,2,BRL,-5.7945,-35.211
TXN10321,1320,CHN06,Casablanca,Morocco,Africa,2024,Q4,1401344,80,54.4,65.46,68,21.2,280,3.8,3242.0,Reported,Economy,2,MAD,33.5731,-7.5898
TXN10322,1321,CHN11,Sharjah,UAE,Middle East,2020,Q3,922944,66,25.08,34.93,38,21.6,400,4.3,1605.0,Reported,Midscale,3,AED,25.3463,55.4209
TXN10323,1322,CHN09,Bristol,UK,Europe,2025,Q2,3716513,187,145.86,175.62,78,21.6,280,4.5,11953.0,Estimated,Upper-Upscale,4,GBP,51.4545,-2.5879
TXN10324,1323,CHN04,Surabaya,Indonesia,Asia Pacific,2021,Q4,825930,133,59.85,80.22,45,23.2,150,4.7,12879.0,Reported,Upscale,4,IDR,-7.2575,112.7521
TXN10325,1324,CHN10,Merida,Mexico,Americas,2022,Q3,2890272,136,89.76,100.87,66,25.5,350,4.3,12088.0,Reported,Upscale,4,MXN,20.9674,-89.5926
TXN10326,1325,CHN11,Washington DC,USA,Americas,2019,Q3,1389494,217,188.79,230.25,87,28.2,80,4.5,2452.0,Reported,Upscale,4,USD,38.9072,-77.0369
TXN10327,1326,CHN12,Rome,Italy,Europe,2023,Q2,5171712,192,142.08,189.84,74,9.9,400,4.1,1145.0,Reported,Midscale,3,EUR,41.9028,12.4964
TXN10328,1327,CHN10,Guangzhou,China,Asia Pacific,2020,Q3,6423900,525,199.5,267.67,38,37.0,350,4.9,14005.0,Reported,Luxury,5,CNY,23.1291,113.2644
TXN10329,1328,CHN06,Strasbourg,France,Europe,2025,Q4,3102792,165,120.45,136.91,73,35.6,280,4.4,14646.0,Estimated,Upscale,4,EUR,48.5734,7.7521
TXN10330,1329,CHN11,San Sebastian,Spain,Europe,2021,Q1,950400,66,26.4,34.78,40,26.2,400,4.3,2304.0,Reported,Midscale,3,EUR,43.3183,-1.9812
TXN10331,1330,CHN08,Eindhoven,Netherlands,Europe,2023,Q4,12336832,493,335.24,480.93,68,27.5,400,4.6,7529.0,Reported,Luxury,5,EUR,51.4416,5.4697
TXN10332,1331,CHN01,Bilbao,Spain,Europe,2023,Q4,1673885,361,227.43,291.78,63,38.9,80,4.8,5505.0,Reported,Upper-Upscale,5,EUR,43.263,-2.935
TXN10333,1332,CHN04,Marseille,France,Europe,2024,Q2,10763189,1202,985.64,1454.12,82,37.5,120,4.6,7005.0,Reported,Luxury,5,EUR,43.2965,5.3698
TXN10334,1333,CHN07,Strasbourg,France,Europe,2025,Q3,787520,107,85.6,110.31,80,9.0,100,4.3,2703.0,Estimated,Midscale,3,EUR,48.5734,7.7521
TXN10335,1334,CHN12,Nha Trang,Vietnam,Asia Pacific,2023,Q3,1931264,320,262.4,318.5,82,29.5,80,4.4,3633.0,Reported,Upscale,4,VND,12.2388,109.1967
TXN10336,1335,CHN04,San Sebastian,Spain,Europe,2021,Q1,380808,86,35.26,44.64,41,20.0,120,4.3,3012.0,Reported,Midscale,3,EUR,43.3183,-1.9812
TXN10337,1336,CHN01,Gyeongju,South Korea,Asia Pacific,2023,Q4,7618704,309,207.03,277.45,67,37.2,400,5.0,6736.0,Reported,Upper-Upscale,5,KRW,35.8562,129.2247
TXN10338,1337,CHN06,Marina Bay,Singapore,Asia Pacific,2021,Q3,567732,121,61.71,83.1,51,25.5,100,4.3,3454.0,Reported,Midscale,3,SGD,1.2819,103.8636
TXN10339,1338,CHN07,Malacca,Malaysia,Asia Pacific,2019,Q3,2380224,88,73.92,105.1,84,22.2,350,4.2,2805.0,Reported,Midscale,3,MYR,2.1896,102.2501
TXN10340,1339,CHN01,Algarve,Portugal,Europe,2020,Q2,7108920,620,223.2,327.88,36,24.3,350,4.9,7814.0,Reported,Luxury,5,EUR,37.0194,-8.1383
TXN10341,1340,CHN03,Eindhoven,Netherlands,Europe,2022,Q4,518659,174,93.96,106.36,54,18.3,60,4.5,2529.0,Reported,Upper-Upscale,4,EUR,51.4416,5.4697
TXN10342,1341,CHN08,Nara,Japan,Asia Pacific,2021,Q1,409968,146,56.94,63.82,39,38.9,80,4.5,13268.0,Reported,Upscale,4,JPY,34.6851,135.8048
TXN10343,1039,CHN09,Daegu,South Korea,Asia Pacific,2024,Q3,7824600,375,303.75,355.91,81,23.4,280,5.0,1209.0,Reported,Luxury,5,KRW,35.8714,128.6014
TXN10344,1342,CHN09,Agadir,Morocco,Africa,2021,Q1,794610,109,49.05,66.19,45,21.6,180,4.4,8803.0,Reported,Upscale,4,MAD,30.4278,-9.5981
TXN10345,1343,CHN07,Little India,Singapore,Asia Pacific,2021,Q1,1289484,119,51.17,75.56,43,42.0,280,4.5,7680.0,Reported,Upscale,4,SGD,1.3066,103.8518
TXN10346,1344,CHN11,Hobart,Australia,Asia Pacific,2021,Q2,1878131,234,114.66,131.97,49,32.7,180,4.6,7214.0,Reported,Upper-Upscale,5,AUD,-42.8821,147.3272
TXN10347,1345,CHN09,Delhi,India,Asia Pacific,2024,Q3,1576696,209,171.38,238.85,82,29.8,100,4.4,10691.0,Reported,Upper-Upscale,4,INR,28.6139,77.209
TXN10348,1346,CHN11,Tulum,Mexico,Americas,2024,Q1,2390850,115,75.9,104.92,66,22.4,350,4.1,2428.0,Reported,Midscale,3,MXN,20.2114,-87.4654
TXN10349,1347,CHN05,Izmir,Turkey,Europe/Middle East,2022,Q4,2034120,670,368.5,476.67,55,38.1,60,4.6,5434.0,Reported,Luxury,5,TRY,38.4192,27.1287
TXN10350,1348,CHN11,Orlando,USA,Americas,2020,Q3,1759666,207,86.94,111.61,42,29.8,220,4.8,7752.0,Reported,Upper-Upscale,5,USD,28.5383,-81.3792
TXN10351,1349,CHN04,Yokohama,Japan,Asia Pacific,2025,Q3,11749872,367,319.29,389.51,87,19.7,400,4.7,12021.0,Estimated,Upper-Upscale,5,JPY,35.4437,139.638
TXN10352,1350,CHN07,Evora,Portugal,Europe,2020,Q4,197064,63,21.42,28.37,34,20.9,100,4.3,2469.0,Reported,Midscale,3,EUR,0.0,0.0
TXN10353,1351,CHN10,Las Vegas,USA,Americas,2022,Q3,4192256,178,113.92,131.5,64,36.7,400,4.4,11059.0,Reported,Upscale,4,USD,36.1699,-115.1398
TXN10354,1352,CHN06,NEOM,Saudi Arabia,Middle East,2024,Q1,1842876,103,73.13,88.03,71,21.7,280,4.3,1880.0,Reported,Midscale,3,SAR,0.0,0.0
TXN10355,1353,CHN11,Rome,Italy,Europe,2021,Q2,2827643,193,88.78,126.19,46,24.1,350,4.6,14803.0,Reported,Upscale,4,EUR,41.9028,12.4964
TXN10356,1354,CHN02,Medina,Saudi Arabia,Middle East,2023,Q4,6130880,272,190.4,243.9,70,23.8,350,4.4,9051.0,Reported,Upper-Upscale,4,SAR,24.5247,39.5692
TXN10357,1355,CHN04,Bali,Indonesia,Asia Pacific,2025,Q4,597724,89,64.97,86.51,73,8.4,100,3.9,1135.0,Estimated,Economy,2,IDR,-8.3405,115.092
TXN10358,1356,CHN09,Hangzhou,China,Asia Pacific,2020,Q1,684288,128,42.24,52.42,33,26.2,180,4.4,3968.0,Reported,Upper-Upscale,4,CNY,30.2741,120.1551
TXN10359,1357,CHN08,Bordeaux,France,Europe,2025,Q1,4843476,453,298.98,387.55,66,43.4,180,4.8,11859.0,Estimated,Luxury,5,EUR,44.8378,-0.5792
TXN10360,1358,CHN12,Shanghai,China,Asia Pacific,2020,Q1,794880,230,73.6,84.51,32,23.5,120,4.6,6547.0,Reported,Upscale,4,CNY,31.2304,121.4737
TXN10361,1359,CHN06,Kota Kinabalu,Malaysia,Asia Pacific,2023,Q1,403920,110,74.8,99.76,68,21.0,60,4.2,4584.0,Reported,Midscale,3,MYR,5.9788,116.0753
TXN10362,1360,CHN06,Groningen,Netherlands,Europe,2022,Q4,1003094,84,49.56,70.99,59,19.5,220,4.3,4724.0,Reported,Midscale,3,EUR,0.0,0.0
TXN10363,1356,CHN09,Hangzhou,China,Asia Pacific,2022,Q4,3132416,152,85.12,120.14,56,36.4,400,4.5,7486.0,Reported,Upper-Upscale,4,CNY,30.2741,120.1551
TXN10364,1361,CHN03,Pattaya,Thailand,Asia Pacific,2023,Q1,3984120,434,295.12,412.82,68,34.2,150,4.7,5696.0,Reported,Luxury,5,THB,12.9236,100.8825
TXN10365,1362,CHN03,Azores,Portugal,Europe,2023,Q2,3770567,473,345.29,454.31,73,26.6,120,4.7,12219.0,Reported,Luxury,5,EUR,0.0,0.0
TXN10366,1363,CHN07,Jurong,Singapore,Asia Pacific,2021,Q2,122522,44,22.44,25.49,51,21.9,60,4.0,4830.0,Reported,Economy,2,SGD,1.3404,103.709
TXN10367,1364,CHN11,Manaus,Brazil,Americas,2023,Q1,287928,86,53.32,71.07,62,8.3,60,4.4,2597.0,Reported,Midscale,3,BRL,-3.119,-60.0217
TXN10368,1365,CHN02,Suzhou,China,Asia Pacific,2025,Q3,8852976,297,240.57,352.59,81,38.4,400,4.5,14601.0,Estimated,Upper-Upscale,4,CNY,31.2983,120.5832
TXN10369,1366,CHN07,Cannes,France,Europe,2023,Q1,506520,84,56.28,75.2,67,24.6,100,4.3,,Reported,Midscale,3,EUR,43.5528,7.0174
TXN10370,1367,CHN05,Orchard Road,Singapore,Asia Pacific,2022,Q4,3876365,627,351.12,411.6,56,35.7,120,4.9,14939.0,Reported,Luxury,5,SGD,1.3048,103.8318
TXN10371,1209,CHN12,San Francisco,USA,Americas,2025,Q1,3197880,376,236.88,345.81,63,28.9,150,4.5,12203.0,Estimated,Upscale,4,USD,37.7749,-122.4194
TXN10372,1368,CHN02,Corfu,Greece,Europe,2022,Q3,2979144,257,179.9,202.44,70,22.3,180,4.4,,Reported,Upper-Upscale,4,EUR,39.6243,19.9217
TXN10373,1369,CHN06,Bugis,Singapore,Asia Pacific,2023,Q3,391037,92,70.84,98.57,77,18.4,60,4.2,3915.0,Reported,Midscale,3,SGD,1.3006,103.8551
TXN10374,1370,CHN07,Las Vegas,USA,Americas,2025,Q2,3449628,117,94.77,128.81,81,23.4,400,4.3,765.0,Estimated,Midscale,3,USD,36.1699,-115.1398
TXN10375,1371,CHN01,Essaouira,Morocco,Africa,2023,Q2,15152974,1171,925.09,1209.48,79,32.5,180,4.8,5242.0,Reported,Luxury,5,MAD,31.5125,-9.77
TXN10376,1372,CHN10,Barcelona,Spain,Europe,2024,Q3,23525964,891,730.62,889.06,82,31.5,350,4.7,14689.0,Reported,Luxury,5,EUR,41.3851,2.1734
TXN10377,1134,CHN12,Seville,Spain,Europe,2023,Q4,8552578,833,516.46,645.71,62,30.5,180,4.7,10174.0,Reported,Luxury,5,EUR,37.3891,-5.9845
TXN10378,1373,CHN08,Amsterdam,Netherlands,Europe,2019,Q3,2880704,515,391.4,512.95,76,32.8,80,4.9,2779.0,Reported,Luxury,5,EUR,52.3676,4.9041
TXN10379,1374,CHN04,Oaxaca,Mexico,Americas,2022,Q1,1553310,523,287.65,412.39,55,39.6,60,4.6,8341.0,Reported,Luxury,5,MXN,17.0732,-96.7266
TXN10380,1375,CHN06,Labuan Bajo,Indonesia,Asia Pacific,2020,Q4,333960,121,36.3,51.54,30,36.1,100,4.6,10440.0,Reported,Upscale,4,IDR,0.0,0.0
TXN10381,1376,CHN05,Rio de Janeiro,Brazil,Americas,2020,Q4,140318,82,25.42,34.46,31,27.3,60,4.4,320.0,Reported,Midscale,3,BRL,-22.9068,-43.1729
TXN10382,1377,CHN02,Pattaya,Thailand,Asia Pacific,2021,Q2,11053952,584,303.68,386.52,52,32.9,400,4.7,8937.0,Reported,Luxury,5,THB,12.9236,100.8825
TXN10383,1378,CHN05,Chicago,USA,Americas,2020,Q2,876767,93,34.41,43.74,37,26.3,280,4.4,969.0,Reported,Midscale,3,USD,41.8781,-87.6298
TXN10384,1379,CHN03,Trabzon,Turkey,Europe/Middle East,2021,Q4,821376,155,74.4,103.85,48,33.9,120,4.7,12513.0,Reported,Upscale,4,TRY,0.0,0.0
TXN10385,1380,CHN08,Ho Chi Minh City,Vietnam,Asia Pacific,2022,Q3,2704248,355,244.95,292.12,69,22.5,120,4.7,10954.0,Reported,Luxury,5,VND,10.8231,106.6297
TXN10386,1381,CHN02,Suwon,South Korea,Asia Pacific,2019,Q3,3581431,801,648.81,776.02,81,30.4,60,4.9,8557.0,Reported,Luxury,5,KRW,37.2636,127.0286
TXN10387,1382,CHN07,Surabaya,Indonesia,Asia Pacific,2019,Q3,1037613,53,40.28,45.86,76,12.1,280,3.8,3231.0,Reported,Economy,2,IDR,-7.2575,112.7521
TXN10388,1383,CHN08,Bath,UK,Europe,2023,Q3,4845456,418,351.12,478.31,84,33.9,150,4.7,3936.0,Reported,Luxury,5,GBP,51.3811,-2.359
TXN10389,1384,CHN08,Hobart,Australia,Asia Pacific,2025,Q1,4216320,488,312.32,422.16,64,21.7,150,4.6,14690.0,Estimated,Luxury,5,AUD,-42.8821,147.3272
TXN10390,1385,CHN07,Cambridge,UK,Europe,2024,Q2,807206,88,73.92,97.22,84,22.2,120,4.2,4164.0,Reported,Midscale,3,GBP,52.2053,0.1218
TXN10391,1386,CHN11,Essaouira,Morocco,Africa,2025,Q4,6354348,299,197.34,261.17,66,42.9,350,4.7,8086.0,Estimated,Upper-Upscale,5,MAD,31.5125,-9.77
TXN10392,1387,CHN01,Rome,Italy,Europe,2020,Q2,3824184,309,105.06,138.11,34,37.3,400,4.7,5933.0,Reported,Upper-Upscale,5,EUR,41.9028,12.4964
TXN10393,1388,CHN04,Hobart,Australia,Asia Pacific,2022,Q4,883476,97,53.35,66.46,55,17.7,180,4.1,3201.0,Reported,Midscale,3,AUD,-42.8821,147.3272
TXN10394,1389,CHN07,Santorini,Greece,Europe,2024,Q3,1947456,90,75.6,96.27,84,19.6,280,4.0,4787.0,Reported,Economy,2,EUR,36.3932,25.4615
TXN10395,1390,CHN07,Changi,Singapore,Asia Pacific,2021,Q1,1890000,150,60.0,83.92,40,25.2,350,4.6,8105.0,Reported,Upscale,4,SGD,1.3644,103.9915
TXN10396,1391,CHN06,Suwon,South Korea,Asia Pacific,2021,Q2,625388,83,38.18,51.93,46,21.2,180,4.1,4294.0,Reported,Midscale,3,KRW,37.2636,127.0286
TXN10397,1392,CHN02,Rio de Janeiro,Brazil,Americas,2019,Q2,1994538,281,219.18,270.44,78,31.6,100,4.5,14329.0,Reported,Upper-Upscale,4,BRL,-22.9068,-43.1729
TXN10398,1393,CHN10,Suzhou,China,Asia Pacific,2024,Q1,4380192,908,608.36,897.85,67,20.4,80,4.8,6539.0,Reported,Luxury,5,CNY,31.2983,120.5832
TXN10399,1394,CHN09,Al Ain,UAE,Middle East,2022,Q4,2577288,138,80.04,112.67,58,21.2,350,4.4,14636.0,Reported,Upscale,4,AED,24.2075,55.7447
TXN10400,1395,CHN06,Nice,France,Europe,2019,Q3,929016,54,45.9,65.26,85,22.6,220,3.9,2172.0,Reported,Economy,2,EUR,43.7102,7.262
TXN10401,1396,CHN02,Marmaris,Turkey,Europe/Middle East,2025,Q4,2967552,160,115.2,150.11,72,22.8,280,4.4,12856.0,Estimated,Upscale,4,TRY,36.8551,28.2553
TXN10402,1397,CHN05,Rhodes,Greece,Europe,2025,Q3,6388572,586,462.94,670.18,79,24.3,150,4.8,6795.0,Estimated,Luxury,5,EUR,36.4349,28.2176
TXN10403,1398,CHN09,Bangkok,Thailand,Asia Pacific,2022,Q1,1142712,269,158.71,225.41,59,25.9,80,4.7,3987.0,Reported,Luxury,5,THB,13.7563,100.5018
TXN10404,1399,CHN03,Hue,Vietnam,Asia Pacific,2019,Q1,805464,113,74.58,91.49,66,27.7,120,4.1,3100.0,Reported,Midscale,3,VND,16.4637,107.5909
TXN10405,1400,CHN01,Langkawi,Malaysia,Asia Pacific,2023,Q2,4266662,352,260.48,366.54,74,39.1,180,4.8,9400.0,Reported,Upper-Upscale,5,MYR,6.35,99.8
TXN10406,1280,CHN04,Nha Trang,Vietnam,Asia Pacific,2023,Q3,1876800,68,51.0,67.83,75,10.6,400,3.8,4875.0,Reported,Economy,2,VND,12.2388,109.1967
TXN10407,1401,CHN02,Marina Bay,Singapore,Asia Pacific,2020,Q2,8614469,731,270.47,393.31,37,26.8,350,4.7,3485.0,Reported,Luxury,5,SGD,1.2819,103.8636
TXN10408,1402,CHN03,Lille,France,Europe,2020,Q2,687960,140,50.4,71.98,36,20.9,150,4.5,3375.0,Reported,Upper-Upscale,4,EUR,50.6292,3.0573
TXN10409,1403,CHN12,Bangalore,India,Asia Pacific,2021,Q4,2677752,231,103.95,126.26,45,30.6,280,4.5,9902.0,Reported,Upscale,4,INR,12.9716,77.5946
TXN10410,1404,CHN09,York,UK,Europe,2023,Q2,10192728,359,280.02,324.33,78,32.8,400,,10877.0,Reported,Luxury,5,GBP,53.96,-1.0873
TXN10411,1405,CHN10,Haarlem,Netherlands,Europe,2022,Q1,4355964,761,403.33,495.42,53,30.1,120,4.9,5572.0,Reported,Luxury,5,EUR,0.0,0.0
TXN10412,1406,CHN01,Krabi,Thailand,Asia Pacific,2019,Q3,10386432,336,282.24,353.98,84,43.4,400,4.7,6904.0,Reported,Upper-Upscale,5,THB,8.0863,98.9063
TXN10413,1407,CHN10,Beijing,China,Asia Pacific,2019,Q1,10280025,535,326.35,420.01,61,40.0,350,5.0,6148.0,Reported,Luxury,5,CNY,39.9042,116.4074
TXN10414,1408,CHN10,Bali,Indonesia,Asia Pacific,2019,Q3,17617632,606,478.74,568.56,79,42.0,400,5.0,5605.0,Reported,Luxury,5,IDR,-8.3405,115.092
TXN10415,1409,CHN07,Malacca,Malaysia,Asia Pacific,2024,Q2,671580,60,49.2,72.14,82,21.2,150,4.0,4094.0,Reported,Economy,2,MYR,2.1896,102.2501
TXN10416,1410,CHN03,Jeonju,South Korea,Asia Pacific,2025,Q4,12756996,558,396.18,542.79,71,19.3,350,4.7,9786.0,Estimated,Luxury,5,KRW,35.8242,127.148
TXN10417,1362,CHN03,Azores,Portugal,Europe,2024,Q4,5042520,435,304.5,366.36,70,18.6,180,4.6,8090.0,Reported,Luxury,5,EUR,0.0,0.0
TXN10418,1411,CHN11,Belem,Brazil,Americas,2025,Q4,3210818,281,193.89,280.11,69,28.7,180,4.6,13142.0,Estimated,Upper-Upscale,5,BRL,-1.4558,-48.5044
TXN10419,1412,CHN03,Medina,Saudi Arabia,Middle East,2022,Q1,1487808,369,206.64,240.02,56,39.1,80,4.6,3849.0,Reported,Luxury,5,SAR,24.5247,39.5692
TXN10420,1413,CHN06,Nara,Japan,Asia Pacific,2025,Q4,2596608,112,70.56,82.22,63,9.2,400,4.1,1071.0,Estimated,Midscale,3,JPY,34.6851,135.8048
TXN10421,1414,CHN12,Amalfi,Italy,Europe,2022,Q1,1982880,272,146.88,200.48,54,34.8,150,4.5,3248.0,Reported,Upscale,4,EUR,40.634,14.6027
TXN10422,1415,CHN12,Sapporo,Japan,Asia Pacific,2022,Q2,464100,125,85.0,102.02,68,18.6,60,4.2,3427.0,Reported,Midscale,3,JPY,43.0618,141.3545
TXN10423,1416,CHN02,Al Ain,UAE,Middle East,2025,Q1,7479990,383,237.46,296.83,62,43.4,350,4.8,12902.0,Estimated,Upper-Upscale,5,AED,24.2075,55.7447
TXN10424,1320,CHN06,Casablanca,Morocco,Africa,2023,Q3,1545600,64,48.0,62.24,75,8.3,350,3.9,2246.0,Reported,Economy,2,MAD,33.5731,-7.5898
TXN10425,1417,CHN08,New York,USA,Americas,2023,Q3,9585811,443,372.12,525.66,84,22.7,280,4.4,2919.0,Reported,Upscale,4,USD,40.7128,-74.006
TXN10426,1282,CHN09,Athens,Greece,Europe,2021,Q1,916920,283,127.35,144.94,45,29.6,80,5.0,2564.0,Reported,Luxury,5,EUR,37.9838,23.7275
TXN10427,1418,CHN05,Chiang Mai,Thailand,Asia Pacific,2022,Q1,4500972,337,178.61,233.55,53,41.9,280,4.8,3371.0,Reported,Upper-Upscale,5,THB,18.7883,98.9853
TXN10428,1419,CHN11,Agra,India,Asia Pacific,2023,Q4,1017060,110,73.7,90.73,67,9.7,150,4.2,3671.0,Reported,Midscale,3,INR,27.1767,78.0081
TXN10429,1420,CHN03,Andong,South Korea,Asia Pacific,2020,Q2,809172,130,49.4,56.89,38,41.9,180,4.7,4138.0,Reported,Upper-Upscale,4,KRW,36.5684,128.7294
TXN10430,1421,CHN01,Oxford,UK,Europe,2019,Q1,3483648,336,215.04,271.77,64,42.6,180,4.9,3385.0,Reported,Upper-Upscale,5,GBP,51.752,-1.2577
TXN10431,1422,CHN01,Xian,China,Asia Pacific,2025,Q1,1013472,138,93.84,111.8,68,41.4,120,4.4,6901.0,Estimated,Upscale,4,CNY,34.3416,108.9398
TXN10432,1423,CHN12,Al Ula,Saudi Arabia,Middle East,2019,Q2,13526822,672,530.88,641.54,79,21.4,280,4.8,10053.0,Reported,Luxury,5,SAR,0.0,0.0
TXN10433,1424,CHN09,Brisbane,Australia,Asia Pacific,2021,Q2,1659840,304,152.0,184.52,50,35.2,120,4.8,2667.0,Reported,Luxury,5,AUD,-27.4698,153.0251
TXN10434,1425,CHN09,Andong,South Korea,Asia Pacific,2025,Q3,1363808,218,185.3,221.92,85,42.2,80,4.6,,Estimated,Upper-Upscale,4,KRW,36.5684,128.7294
TXN10435,1426,CHN02,San Sebastian,Spain,Europe,2019,Q1,4057200,644,450.8,565.26,70,27.8,100,4.7,9990.0,Reported,Luxury,5,EUR,43.3183,-1.9812
TXN10436,1427,CHN09,Chicago,USA,Americas,2021,Q2,1328746,156,81.12,94.9,52,33.4,180,4.5,8181.0,Reported,Upscale,4,USD,41.8781,-87.6298
TXN10437,1428,CHN05,Marina Bay,Singapore,Asia Pacific,2020,Q3,3032688,536,219.76,284.92,41,19.1,150,4.8,10135.0,Reported,Luxury,5,SGD,1.2819,103.8636
TXN10438,1429,CHN09,Los Angeles,USA,Americas,2022,Q3,1062600,165,115.5,144.75,70,28.9,100,4.6,2260.0,Reported,Upscale,4,USD,34.0522,-118.2437
TXN10439,1430,CHN08,Orlando,USA,Americas,2019,Q1,4872240,202,135.34,199.31,67,40.6,400,4.7,9837.0,Reported,Upscale,4,USD,28.5383,-81.3792
TXN10440,1431,CHN10,Rabat,Morocco,Africa,2024,Q1,2020590,157,102.05,134.86,65,40.3,220,4.6,5396.0,Reported,Upscale,4,MAD,33.9716,-6.8498
TXN10441,1432,CHN01,Heidelberg,Germany,Europe,2022,Q1,7015680,348,194.88,280.51,56,27.6,400,4.8,2485.0,Reported,Luxury,5,EUR,49.3988,8.6724
TXN10442,1433,CHN07,Hong Kong,China,Asia Pacific,2022,Q2,5423418,258,170.28,238.92,66,22.2,350,4.4,12360.0,Reported,Upscale,4,CNY,22.3193,114.1694
TXN10443,1434,CHN04,Liverpool,UK,Europe,2020,Q2,8798881,727,276.26,401.48,38,30.8,350,4.8,8159.0,Reported,Luxury,5,GBP,53.4084,-2.9916
TXN10444,1435,CHN12,Brisbane,Australia,Asia Pacific,2025,Q4,3503765,298,211.58,274.26,71,19.6,180,4.5,5921.0,Estimated,Upscale,4,AUD,-27.4698,153.0251
TXN10445,1436,CHN12,San Francisco,USA,Americas,2020,Q4,3593520,315,97.65,141.06,31,40.7,400,4.5,8774.0,Reported,Upscale,4,USD,37.7749,-122.4194
TXN10446,1437,CHN11,Casablanca,Morocco,Africa,2021,Q3,1707888,91,46.41,57.35,51,10.3,400,4.3,720.0,Reported,Midscale,3,MAD,33.5731,-7.5898
TXN10447,1438,CHN02,Mykonos,Greece,Europe,2023,Q3,25389056,1232,985.6,1129.66,80,27.7,280,4.8,12160.0,Reported,Luxury,5,EUR,37.4467,25.3289
TXN10448,1439,CHN04,Versailles,France,Europe,2023,Q1,24906240,1081,691.84,867.93,64,31.4,400,5.0,10968.0,Reported,Luxury,5,EUR,48.8014,2.1301
TXN10449,1440,CHN10,Koh Samui,Thailand,Asia Pacific,2024,Q4,13248000,500,360.0,437.78,72,19.9,400,4.9,3137.0,Reported,Luxury,5,THB,9.512,100.0136
TXN10450,1441,CHN06,Riyadh,Saudi Arabia,Middle East,2023,Q4,2346221,132,91.08,113.45,69,11.6,280,4.2,4755.0,Reported,Midscale,3,SAR,24.6877,46.7219
TXN10451,1036,CHN07,London,UK,Europe,2021,Q2,697788,213,95.85,125.54,45,42.3,80,4.5,9466.0,Reported,Upscale,4,GBP,51.5074,-0.1278
TXN10452,1442,CHN04,Groningen,Netherlands,Europe,2025,Q4,868406,114,78.66,92.07,69,25.2,120,4.1,4360.0,Estimated,Midscale,3,EUR,0.0,0.0
TXN10453,1443,CHN08,Bangalore,India,Asia Pacific,2022,Q2,3806302,429,278.85,384.55,65,30.8,150,4.8,5137.0,Reported,Luxury,5,INR,12.9716,77.5946
TXN10454,1444,CHN09,Stuttgart,Germany,Europe,2025,Q2,4157572,343,253.82,357.33,74,29.6,180,5.0,4557.0,Estimated,Luxury,5,EUR,48.7758,9.1829
TXN10455,1445,CHN07,Ha Long Bay,Vietnam,Asia Pacific,2021,Q2,701501,73,35.04,44.19,48,10.1,220,4.3,3571.0,Reported,Midscale,3,VND,20.9101,107.1839
TXN10456,1446,CHN09,Eindhoven,Netherlands,Europe,2025,Q1,1357128,206,125.66,174.74,61,32.2,120,4.6,13893.0,Estimated,Upper-Upscale,4,EUR,51.4416,5.4697
TXN10457,1447,CHN12,Zhangjiajie,China,Asia Pacific,2023,Q2,15744092,835,617.9,692.79,74,43.9,280,4.8,1291.0,Reported,Luxury,5,CNY,29.117,110.4793
TXN10458,1448,CHN10,Tokyo,Japan,Asia Pacific,2023,Q4,5819184,251,158.13,216.47,63,32.7,400,4.5,8854.0,Reported,Upscale,4,JPY,35.6762,139.6503
TXN10459,1449,CHN02,Genting,Malaysia,Asia Pacific,2022,Q4,4190894,357,207.06,242.08,58,25.4,220,4.8,10124.0,Reported,Upper-Upscale,5,MYR,0.0,0.0
TXN10460,1450,CHN11,Penang,Malaysia,Asia Pacific,2023,Q4,875840,175,119.0,175.23,68,33.0,80,4.3,8787.0,Reported,Upscale,4,MYR,5.4141,100.3288
TXN10461,1451,CHN08,Riyadh,Saudi Arabia,Middle East,2023,Q2,5726448,552,419.52,582.29,76,27.0,150,4.8,8434.0,Reported,Luxury,5,SAR,24.6877,46.7219
TXN10462,1452,CHN02,Jeju Island,South Korea,Asia Pacific,2024,Q2,18942788,793,594.75,731.4,75,33.1,350,4.8,10024.0,Reported,Luxury,5,KRW,33.4996,126.5312
TXN10463,1453,CHN08,Washington DC,USA,Americas,2025,Q4,3338496,576,362.88,523.67,63,21.8,100,4.8,5336.0,Estimated,Luxury,5,USD,38.9072,-77.0369
TXN10464,1427,CHN09,Chicago,USA,Americas,2025,Q2,2507614,189,153.09,217.27,81,22.5,180,4.5,7615.0,Estimated,Upscale,4,USD,41.8781,-87.6298
TXN10465,1454,CHN07,Versailles,France,Europe,2023,Q3,1707888,221,185.64,243.13,84,24.5,100,4.5,11842.0,Reported,Upscale,4,EUR,48.8014,2.1301
TXN10466,1455,CHN02,Florence,Italy,Europe,2020,Q2,502102,66,25.08,33.61,38,20.1,220,4.4,4693.0,Reported,Midscale,3,EUR,43.7696,11.2558
TXN10467,1456,CHN07,Fukuoka,Japan,Asia Pacific,2019,Q1,1313280,57,36.48,52.29,64,25.8,400,4.0,2140.0,Reported,Economy,2,JPY,33.5904,130.4017
TXN10468,1457,CHN10,Verona,Italy,Europe,2019,Q3,4216176,402,305.52,418.08,76,41.5,150,4.7,6477.0,Reported,Luxury,5,EUR,45.4384,10.9916
TXN10469,1458,CHN10,Las Vegas,USA,Americas,2023,Q1,838890,239,155.35,207.86,65,42.3,60,4.7,8681.0,Reported,Upscale,4,USD,36.1699,-115.1398
TXN10470,1459,CHN06,Chennai,India,Asia Pacific,2021,Q4,710424,78,35.1,47.63,45,16.4,220,4.2,2603.0,Reported,Midscale,3,INR,13.0827,80.2707
TXN10471,1460,CHN04,Verona,Italy,Europe,2024,Q1,407160,87,56.55,65.52,65,10.0,80,,2783.0,Reported,Economy,2,EUR,45.4384,10.9916
TXN10472,1461,CHN06,Izmir,Turkey,Europe/Middle East,2025,Q1,579150,99,64.35,81.21,65,11.0,100,4.4,2059.0,Estimated,Midscale,3,TRY,38.4192,27.1287
TXN10473,1462,CHN07,Ipoh,Malaysia,Asia Pacific,2022,Q1,582120,196,107.8,140.34,55,39.3,60,4.6,7981.0,Reported,Upscale,4,MYR,4.5975,101.0901
TXN10474,1463,CHN07,Melbourne,Australia,Asia Pacific,2021,Q3,1392144,194,100.88,123.88,52,32.1,150,4.6,2430.0,Reported,Upscale,4,AUD,-37.8136,144.9631
TXN10475,1150,CHN07,Manchester,UK,Europe,2019,Q3,574963,93,78.12,106.66,84,19.8,80,4.4,3189.0,Reported,Midscale,3,GBP,53.4808,-2.2426
TXN10476,1464,CHN03,Amalfi,Italy,Europe,2019,Q1,17136702,1219,865.49,1021.44,71,20.5,220,4.7,11657.0,Reported,Luxury,5,EUR,40.634,14.6027
TXN10477,1465,CHN09,Hua Hin,Thailand,Asia Pacific,2023,Q1,3292380,201,130.65,174.64,65,43.3,280,4.5,2069.0,Reported,Upper-Upscale,4,THB,12.5684,99.9578
TXN10478,1466,CHN05,Merida,Mexico,Americas,2021,Q3,2670990,395,193.55,223.09,49,24.2,150,4.7,8348.0,Reported,Luxury,5,MXN,20.9674,-89.5926
TXN10479,1467,CHN02,Haarlem,Netherlands,Europe,2020,Q3,2022970,509,183.24,229.41,36,25.0,120,4.6,4316.0,Reported,Luxury,5,EUR,0.0,0.0
TXN10480,1468,CHN05,Al Ula,Saudi Arabia,Middle East,2023,Q2,11602000,499,364.27,469.37,73,43.9,350,4.8,13923.0,Reported,Luxury,5,SAR,0.0,0.0
TXN10481,1469,CHN12,Abu Dhabi,UAE,Middle East,2020,Q1,1222452,147,48.51,65.14,33,30.0,280,4.7,4031.0,Reported,Upscale,4,AED,24.4539,54.3773
TXN10482,1470,CHN05,Rabat,Morocco,Africa,2024,Q2,4615338,428,338.12,480.85,79,22.2,150,4.9,12328.0,Reported,Upper-Upscale,5,MAD,33.9716,-6.8498
TXN10483,1471,CHN06,Turin,Italy,Europe,2024,Q3,1209542,198,164.34,198.41,83,30.8,80,4.7,2266.0,Reported,Upscale,4,EUR,45.0703,7.6869
TXN10484,1472,CHN02,Agadir,Morocco,Africa,2024,Q3,573197,118,103.84,139.16,88,22.3,60,4.2,1931.0,Reported,Midscale,3,MAD,30.4278,-9.5981
TXN10485,1473,CHN03,Cameron Highlands,Malaysia,Asia Pacific,2021,Q4,194304,80,35.2,51.96,44,23.5,60,4.3,686.0,Reported,Midscale,3,MYR,0.0,0.0
TXN10486,1474,CHN09,Lisbon,Portugal,Europe,2023,Q4,2190888,189,132.3,150.62,70,18.6,180,4.6,2471.0,Reported,Upscale,4,EUR,38.7223,-9.1393
TXN10487,1475,CHN07,NEOM,Saudi Arabia,Middle East,2020,Q1,619650,135,45.9,64.0,34,27.0,150,4.5,,Reported,Upscale,4,SAR,0.0,0.0
TXN10488,1476,CHN05,Da Lat,Vietnam,Asia Pacific,2021,Q2,5515146,333,173.16,201.91,52,35.5,350,4.9,10132.0,Reported,Luxury,5,VND,0.0,0.0
TXN10489,1050,CHN05,Dusseldorf,Germany,Europe,2025,Q2,1462243,113,89.27,131.7,79,8.5,180,4.2,1053.0,Estimated,Midscale,3,EUR,51.2217,6.7762
TXN10490,1477,CHN11,Hiroshima,Japan,Asia Pacific,2024,Q3,4970944,307,245.6,298.51,80,18.4,220,4.9,1794.0,Reported,Upper-Upscale,5,JPY,34.3853,132.4553
TXN10491,1478,CHN09,Chinatown,Singapore,Asia Pacific,2021,Q3,595884,127,64.77,93.88,51,31.2,100,4.6,9204.0,Reported,Upscale,4,SGD,1.2826,103.8446
TXN10492,1479,CHN08,Cologne,Germany,Europe,2024,Q3,13085436,521,406.38,500.35,78,43.4,350,4.9,8958.0,Reported,Luxury,5,EUR,50.9333,6.95
TXN10493,1480,CHN08,Medan,Indonesia,Asia Pacific,2022,Q4,2087554,191,103.14,119.52,54,40.3,220,4.6,11824.0,Reported,Upscale,4,IDR,0.0,0.0
TXN10494,1481,CHN04,Rotterdam,Netherlands,Europe,2020,Q2,1647446,211,82.29,110.66,39,34.1,220,4.5,3592.0,Reported,Upscale,4,EUR,51.9244,4.4777
TXN10495,1482,CHN10,Clarke Quay,Singapore,Asia Pacific,2020,Q3,1616256,549,219.6,247.39,40,19.1,80,4.9,5288.0,Reported,Luxury,5,SGD,1.2906,103.8467
TXN10496,1483,CHN10,Barcelona,Spain,Europe,2024,Q1,8129808,1107,752.76,1009.97,68,24.4,120,4.9,6228.0,Reported,Luxury,5,EUR,41.3851,2.1734
TXN10497,1484,CHN12,Sentosa,Singapore,Asia Pacific,2025,Q2,20049120,765,550.8,634.16,72,32.2,400,4.9,7680.0,Estimated,Luxury,5,SGD,1.2494,103.8303
TXN10498,1485,CHN05,Athens,Greece,Europe,2023,Q2,1563962,279,214.83,306.91,77,44.0,80,4.7,11995.0,Reported,Upscale,4,EUR,37.9838,23.7275
TXN10499,1486,CHN11,Seoul,South Korea,Asia Pacific,2025,Q2,3773224,146,103.66,151.67,71,20.0,400,4.3,3867.0,Estimated,Midscale,3,KRW,37.5665,126.978
TXN10500,1487,CHN10,York,UK,Europe,2021,Q4,251602,106,45.58,63.95,43,41.1,60,4.5,7328.0,Reported,Upscale,4,GBP,53.96,-1.0873
TXN10501,1488,CHN10,New York,USA,Americas,2021,Q4,871718,252,118.44,134.47,47,37.8,80,4.5,11566.0,Reported,Upscale,4,USD,40.7128,-74.006
TXN10502,1489,CHN03,Los Cabos,Mexico,Americas,2020,Q4,375360,150,51.0,72.37,34,21.4,80,4.7,5189.0,Reported,Upscale,4,MXN,22.8905,-109.9167
TXN10503,1490,CHN07,York,UK,Europe,2020,Q3,127954,61,23.18,27.07,38,8.0,60,4.3,3428.0,Reported,Midscale,3,GBP,53.96,-1.0873
TXN10504,1491,CHN12,Deira,UAE,Middle East,2024,Q3,19799136,854,768.6,1038.51,90,28.6,280,4.9,6627.0,Reported,Luxury,5,AED,25.2697,55.3095
TXN10505,1492,CHN05,Cannes,France,Europe,2022,Q4,3287988,627,357.39,450.74,57,35.6,100,4.6,2610.0,Reported,Luxury,5,EUR,43.5528,7.0174
TXN10506,1493,CHN12,Kanchanaburi,Thailand,Asia Pacific,2024,Q4,5070120,334,250.5,361.75,75,30.1,220,4.6,5586.0,Reported,Upscale,4,THB,0.0,0.0
TXN10507,1494,CHN03,Lille,France,Europe,2020,Q4,5039208,895,304.3,412.47,34,19.5,180,5.0,4749.0,Reported,Luxury,5,EUR,50.6292,3.0573
TXN10508,1115,CHN08,Hua Hin,Thailand,Asia Pacific,2022,Q1,5662440,321,179.76,236.53,56,19.4,350,4.6,3662.0,Reported,Luxury,5,THB,12.5684,99.9578
TXN10509,1495,CHN10,Santorini,Greece,Europe,2025,Q3,6947472,248,215.76,289.79,87,32.4,350,4.6,5665.0,Estimated,Upscale,4,EUR,36.3932,25.4615
TXN10510,1496,CHN11,Versailles,France,Europe,2023,Q1,2572164,173,102.07,129.45,59,24.0,280,4.5,14447.0,Reported,Upscale,4,EUR,48.8014,2.1301
TXN10511,1497,CHN04,Ras Al Khaimah,UAE,Middle East,2022,Q2,17417036,811,478.49,668.94,59,19.0,400,4.7,11806.0,Reported,Luxury,5,AED,25.8007,55.9762
TXN10512,1498,CHN12,Marseille,France,Europe,2023,Q1,11666844,691,462.97,671.12,67,42.4,280,4.6,12758.0,Reported,Luxury,5,EUR,43.2965,5.3698
TXN10513,1499,CHN01,Sao Paulo,Brazil,Americas,2019,Q2,990662,112,90.72,128.1,81,10.6,120,4.1,3347.0,Reported,Upscale,3,BRL,-23.5505,-46.6333
TXN10514,1500,CHN09,Goa,India,Asia Pacific,2021,Q2,1016215,132,62.04,89.09,47,21.0,180,4.4,6934.0,Reported,Upscale,4,INR,15.2993,74.124
TXN10515,1501,CHN07,Honolulu,USA,Americas,2025,Q2,609336,62,44.64,63.92,72,16.3,150,4.1,899.0,Estimated,Economy,2,USD,21.3069,-157.8583
TXN10516,1502,CHN11,Rhodes,Greece,Europe,2021,Q2,382200,70,35.0,51.45,50,21.8,120,4.2,4200.0,Reported,Midscale,3,EUR,36.4349,28.2176
TXN10517,1414,CHN12,Amalfi,Italy,Europe,2020,Q3,2011083,211,78.07,92.27,37,28.7,280,4.7,14137.0,Reported,Upscale,4,EUR,40.634,14.6027
TXN10518,1503,CHN03,New York,USA,Americas,2024,Q1,34849782,2627,1760.09,2361.57,67,34.1,220,4.9,1865.0,Reported,Luxury,5,USD,40.7128,-74.006
TXN10519,1430,CHN08,Orlando,USA,Americas,2020,Q4,942779,137,46.58,65.96,34,35.7,220,4.6,13705.0,Reported,Upscale,4,USD,28.5383,-81.3792
TXN10520,1504,CHN06,Casablanca,Morocco,Africa,2025,Q2,2801344,104,76.96,92.96,74,18.8,400,4.1,405.0,Estimated,Midscale,3,MAD,33.5731,-7.5898
TXN10521,1505,CHN08,Algarve,Portugal,Europe,2025,Q2,8365594,432,328.32,475.81,76,41.2,280,4.9,11229.0,Estimated,Luxury,5,EUR,37.0194,-8.1383
TXN10522,1506,CHN10,Chicago,USA,Americas,2020,Q4,665933,377,120.64,158.67,32,19.7,60,5.0,3648.0,Reported,Luxury,5,USD,41.8781,-87.6298
TXN10523,1507,CHN12,Nagoya,Japan,Asia Pacific,2019,Q2,2639728,140,103.6,120.28,74,19.0,280,4.3,2403.0,Reported,Midscale,3,JPY,35.1815,136.9066
TXN10524,1508,CHN02,Porto,Portugal,Europe,2022,Q3,3153686,621,428.49,627.52,69,27.8,80,4.8,14340.0,Reported,Luxury,5,EUR,41.1579,-8.6291
TXN10525,1509,CHN03,Sapa,Vietnam,Asia Pacific,2019,Q3,3190560,102,86.7,106.33,85,10.1,400,4.4,3178.0,Reported,Midscale,3,VND,0.0,0.0
TXN10526,1510,CHN04,Kanchanaburi,Thailand,Asia Pacific,2019,Q2,3636196,281,221.99,257.72,79,36.8,180,4.4,11358.0,Reported,Upscale,4,THB,0.0,0.0
TXN10527,1511,CHN07,Seoul,South Korea,Asia Pacific,2019,Q3,6839924,247,212.42,260.35,86,44.0,350,4.5,12250.0,Reported,Upscale,4,KRW,37.5665,126.978
TXN10528,1512,CHN10,Genting,Malaysia,Asia Pacific,2021,Q4,1554064,103,42.23,52.25,41,42.2,400,4.3,8279.0,Reported,Upscale,4,MYR,0.0,0.0
TXN10529,1513,CHN11,Seville,Spain,Europe,2025,Q1,1393524,102,70.38,81.61,69,23.3,220,4.3,718.0,Estimated,Midscale,3,EUR,37.3891,-5.9845
TXN10530,1514,CHN03,Medina,Saudi Arabia,Middle East,2022,Q2,4057690,196,127.4,167.78,65,25.7,350,4.6,10880.0,Reported,Upscale,4,SAR,24.5247,39.5692
TXN10531,1515,CHN12,Meknes,Morocco,Africa,2021,Q3,1000666,103,49.44,68.17,48,27.2,220,4.2,3054.0,Reported,Midscale,3,MAD,0.0,0.0
TXN10532,1516,CHN03,Verona,Italy,Europe,2020,Q4,10072160,805,273.7,324.22,34,40.6,400,4.9,1664.0,Reported,Luxury,5,EUR,45.4384,10.9916
TXN10533,1441,CHN06,Riyadh,Saudi Arabia,Middle East,2021,Q2,1817088,104,49.92,61.48,48,24.4,400,4.1,1506.0,Reported,Midscale,3,SAR,24.6877,46.7219
TXN10534,1517,CHN03,Bali,Indonesia,Asia Pacific,2020,Q3,1289030,139,50.04,72.88,36,36.9,280,4.6,3128.0,Reported,Upper-Upscale,4,IDR,-8.3405,115.092
TXN10535,1518,CHN06,Johor Bahru,Malaysia,Asia Pacific,2022,Q4,1078056,54,33.48,47.23,62,22.7,350,3.8,2279.0,Reported,Economy,2,MYR,1.4927,103.7414
TXN10536,1519,CHN04,Utrecht,Netherlands,Europe,2024,Q1,5160384,1054,716.72,1043.2,68,31.1,80,4.9,2201.0,Reported,Luxury,5,EUR,52.0907,5.1214
TXN10537,1520,CHN08,Hong Kong,China,Asia Pacific,2019,Q1,2560005,301,189.63,234.9,63,41.8,150,4.3,14460.0,Reported,Upscale,4,CNY,22.3193,114.1694
TXN10538,1521,CHN07,Sintra,Portugal,Europe,2021,Q3,339020,67,36.85,49.51,55,9.9,100,4.2,3857.0,Reported,Midscale,3,EUR,38.7978,-9.3902
TXN10539,1522,CHN02,Lisbon,Portugal,Europe,2024,Q2,4548398,356,277.68,337.27,78,31.7,180,4.7,7027.0,Reported,Upper-Upscale,4,EUR,38.7223,-9.1393
TXN10540,1523,CHN07,Rabat,Morocco,Africa,2025,Q3,638112,102,86.7,119.92,85,9.6,80,4.1,3060.0,Estimated,Midscale,3,MAD,33.9716,-6.8498
TXN10541,1524,CHN05,Makassar,Indonesia,Asia Pacific,2022,Q3,1761984,456,319.2,430.14,70,38.1,60,4.9,5002.0,Reported,Luxury,5,IDR,0.0,0.0
TXN10542,1525,CHN02,Da Lat,Vietnam,Asia Pacific,2024,Q4,8605901,464,334.08,391.08,72,23.0,280,5.0,8930.0,Reported,Upper-Upscale,5,VND,0.0,0.0
TXN10543,1248,CHN08,Verona,Italy,Europe,2021,Q1,1211760,374,168.3,229.0,45,43.5,80,4.9,3441.0,Reported,Luxury,5,EUR,45.4384,10.9916
TXN10544,1526,CHN08,Florianopolis,Brazil,Americas,2023,Q2,3295438,382,301.78,398.85,79,36.9,120,5.0,7535.0,Reported,Luxury,5,BRL,-27.5954,-48.548
TXN10545,1527,CHN08,Nagoya,Japan,Asia Pacific,2024,Q4,1423792,212,154.76,190.72,73,29.9,100,4.7,2336.0,Reported,Upscale,4,JPY,35.1815,136.9066
TXN10546,1528,CHN05,Kusadasi,Turkey,Europe/Middle East,2021,Q3,3238032,419,234.64,285.28,56,26.2,150,4.8,13585.0,Reported,Luxury,5,TRY,0.0,0.0
TXN10547,1529,CHN10,Bangkok,Thailand,Asia Pacific,2024,Q1,844200,175,117.25,160.16,67,18.7,80,4.5,2357.0,Reported,Upscale,4,THB,13.7563,100.5018
TXN10548,1530,CHN07,Mumbai,India,Asia Pacific,2025,Q2,2210317,173,134.94,184.92,78,35.5,180,4.4,9957.0,Estimated,Upscale,4,INR,19.076,72.8777
TXN10549,1531,CHN07,Salvador,Brazil,Americas,2023,Q4,1630994,147,98.49,111.53,67,23.1,180,4.7,6678.0,Reported,Upscale,4,BRL,-12.9714,-38.5014
TXN10550,1532,CHN10,Jeddah,Saudi Arabia,Middle East,2021,Q1,6317388,583,250.69,313.37,43,31.8,280,4.9,4023.0,Reported,Luxury,5,SAR,21.5433,39.1728
TXN10551,1533,CHN11,Groningen,Netherlands,Europe,2020,Q1,139896,67,19.43,27.75,29,11.7,80,4.3,2513.0,Reported,Midscale,3,EUR,0.0,0.0
TXN10552,1534,CHN12,Sintra,Portugal,Europe,2025,Q4,10565280,725,522.0,696.02,72,43.3,220,4.8,6353.0,Estimated,Luxury,5,EUR,38.7978,-9.3902
TXN10553,1535,CHN09,Phuket,Thailand,Asia Pacific,2025,Q4,3347254,178,129.94,179.58,73,21.2,280,4.6,6667.0,Estimated,Upper-Upscale,4,THB,7.8804,98.3923
TXN10554,1536,CHN06,Fortaleza,Brazil,Americas,2022,Q2,394430,86,54.18,74.79,63,23.4,80,4.1,1667.0,Reported,Midscale,3,BRL,-3.7319,-38.5267
TXN10555,1537,CHN10,Jurong,Singapore,Asia Pacific,2024,Q3,1185254,183,161.04,206.01,88,34.5,80,4.6,11699.0,Reported,Upscale,4,SGD,1.3404,103.709
TXN10556,1538,CHN01,Milan,Italy,Europe,2020,Q1,1456380,310,89.9,115.94,29,34.0,180,4.6,4550.0,Reported,Upper-Upscale,5,EUR,45.4654,9.1859
TXN10557,1539,CHN03,Florianopolis,Brazil,Americas,2022,Q2,6652191,354,208.86,237.19,59,19.7,350,4.6,2972.0,Reported,Luxury,5,BRL,-27.5954,-48.548
TXN10558,1540,CHN09,Dubai,UAE,Middle East,2024,Q4,3013920,312,218.4,311.31,70,23.5,150,4.7,3198.0,Reported,Upper-Upscale,4,AED,25.2048,55.2708
TXN10559,1541,CHN11,Ipoh,Malaysia,Asia Pacific,2024,Q4,566426,104,76.96,94.44,74,20.2,80,,1204.0,Reported,Midscale,3,MYR,4.5975,101.0901
TXN10560,1542,CHN04,Haarlem,Netherlands,Europe,2020,Q4,2327232,204,63.24,90.2,31,29.5,400,4.4,3469.0,Reported,Upscale,4,EUR,0.0,0.0
TXN10561,1543,CHN05,Evora,Portugal,Europe,2023,Q4,5589414,587,405.03,498.55,69,26.9,150,4.8,3165.0,Reported,Luxury,5,EUR,0.0,0.0
TXN10562,1314,CHN10,Suwon,South Korea,Asia Pacific,2023,Q4,886788,153,96.39,115.51,63,32.1,100,4.5,10561.0,Reported,Upscale,4,KRW,37.2636,127.0286
TXN10563,1048,CHN09,Fujairah,UAE,Middle East,2020,Q4,2967552,252,80.64,99.73,32,21.1,400,4.7,12671.0,Reported,Luxury,5,AED,25.1288,56.3264
TXN10564,1544,CHN09,Clarke Quay,Singapore,Asia Pacific,2024,Q2,4829734,223,189.55,218.89,85,32.0,280,4.5,9555.0,Reported,Upper-Upscale,4,SGD,1.2906,103.8467
TXN10565,1545,CHN05,Groningen,Netherlands,Europe,2020,Q2,2510508,484,183.92,212.57,38,34.7,150,4.8,11113.0,Reported,Luxury,5,EUR,0.0,0.0
TXN10566,1546,CHN05,Varanasi,India,Asia Pacific,2021,Q2,1149658,96,45.12,54.14,47,20.2,280,4.1,1879.0,Reported,Midscale,3,INR,25.3176,82.9739
TXN10567,1547,CHN06,Phuket,Thailand,Asia Pacific,2021,Q1,552825,39,17.55,19.93,45,16.2,350,3.9,4218.0,Reported,Economy,2,THB,7.8804,98.3923
TXN10568,1548,CHN02,Dusseldorf,Germany,Europe,2022,Q4,1731734,253,156.86,212.64,62,32.2,120,4.7,2536.0,Reported,Upper-Upscale,4,EUR,51.2217,6.7762
TXN10569,1549,CHN12,Andong,South Korea,Asia Pacific,2024,Q4,1068856,157,116.18,131.88,74,11.4,100,4.4,2389.0,Reported,Midscale,3,KRW,36.5684,128.7294
TXN10570,1550,CHN06,Kuala Lumpur,Malaysia,Asia Pacific,2024,Q1,1499400,68,47.6,65.49,70,20.9,350,4.0,1508.0,Reported,Economy,2,MYR,3.139,101.6869
TXN10571,1551,CHN06,Essaouira,Morocco,Africa,2022,Q1,560736,48,28.32,35.65,59,12.2,220,3.9,958.0,Reported,Economy,2,MAD,31.5125,-9.77
TXN10572,1552,CHN06,Playa del Carmen,Mexico,Americas,2022,Q4,273240,54,29.7,39.07,55,8.2,100,4.1,550.0,Reported,Economy,2,MXN,20.6296,-87.0739
TXN10573,1553,CHN03,Santorini,Greece,Europe,2022,Q1,4586400,280,145.6,199.63,52,43.3,350,4.4,3676.0,Reported,Upscale,4,EUR,36.3932,25.4615
TXN10574,1554,CHN03,Delphi,Greece,Europe,2024,Q2,8270262,510,413.1,489.78,81,19.1,220,4.7,4688.0,Reported,Luxury,5,EUR,0.0,0.0
TXN10575,1555,CHN06,Abha,Saudi Arabia,Middle East,2024,Q4,230736,55,41.8,61.28,76,18.9,60,3.8,4174.0,Reported,Economy,2,SAR,18.2164,42.5053
TXN10576,1556,CHN06,Orlando,USA,Americas,2021,Q4,216200,50,23.5,27.55,47,16.5,100,4.1,795.0,Reported,Economy,2,USD,28.5383,-81.3792
TXN10577,1557,CHN07,Essaouira,Morocco,Africa,2021,Q4,816077,176,73.92,108.4,42,38.3,120,4.7,13991.0,Reported,Upscale,4,MAD,31.5125,-9.77
TXN10578,1558,CHN04,Kyoto,Japan,Asia Pacific,2021,Q2,563882,81,41.31,56.82,51,11.0,150,3.8,2581.0,Reported,Economy,2,JPY,35.0116,135.7681
TXN10579,1559,CHN11,Fujairah,UAE,Middle East,2023,Q2,2692280,107,84.53,108.78,79,24.0,350,4.3,307.0,Reported,Midscale,3,AED,25.1288,56.3264
TXN10580,1560,CHN10,Jurong,Singapore,Asia Pacific,2025,Q3,6698520,809,606.75,738.14,75,28.3,120,4.8,9624.0,Estimated,Luxury,5,SGD,1.3404,103.709
TXN10581,1561,CHN02,Xian,China,Asia Pacific,2023,Q2,1711710,165,125.4,164.56,76,30.8,150,4.7,14455.0,Reported,Upscale,4,CNY,34.3416,108.9398
TXN10582,1562,CHN03,Liverpool,UK,Europe,2023,Q2,15872220,1275,969.0,1221.73,76,35.4,180,4.7,4960.0,Reported,Luxury,5,GBP,53.4084,-2.9916
TXN10583,1563,CHN08,Las Vegas,USA,Americas,2024,Q1,5503032,698,509.54,633.91,73,38.5,120,4.8,6934.0,Reported,Luxury,5,USD,36.1699,-115.1398
TXN10584,1564,CHN10,Mecca,Saudi Arabia,Middle East,2019,Q3,8611200,650,520.0,635.45,80,27.4,180,5.0,8239.0,Reported,Luxury,5,SAR,21.3891,39.8579
TXN10585,1565,CHN08,Udaipur,India,Asia Pacific,2025,Q3,3138010,204,155.04,180.48,76,26.1,220,4.4,9203.0,Estimated,Upscale,4,INR,24.5854,73.7125
TXN10586,1566,CHN12,Canberra,Australia,Asia Pacific,2020,Q2,1050449,159,52.47,63.9,33,31.3,220,4.7,14216.0,Reported,Upscale,4,AUD,-35.2809,149.13
TXN10587,1567,CHN05,Heidelberg,Germany,Europe,2019,Q3,6291972,447,379.95,525.56,85,33.1,180,4.7,14227.0,Reported,Luxury,5,EUR,49.3988,8.6724
TXN10588,1568,CHN02,Nha Trang,Vietnam,Asia Pacific,2024,Q4,2983781,819,540.54,655.63,66,24.3,60,4.9,2378.0,Reported,Luxury,5,VND,12.2388,109.1967
TXN10589,1569,CHN05,Mecca,Saudi Arabia,Middle East,2023,Q4,3565037,936,645.84,783.97,69,43.3,60,5.0,12652.0,Reported,Luxury,5,SAR,21.3891,39.8579
TXN10590,1570,CHN07,Nha Trang,Vietnam,Asia Pacific,2019,Q2,383292,90,70.2,85.0,78,22.6,60,4.3,1261.0,Reported,Midscale,3,VND,12.2388,109.1967
TXN10591,1571,CHN11,Melbourne,Australia,Asia Pacific,2021,Q2,1004640,200,92.0,104.46,46,30.8,120,4.4,4931.0,Reported,Upscale,4,AUD,-37.8136,144.9631
TXN10592,1572,CHN11,Belem,Brazil,Americas,2020,Q2,840840,80,26.4,36.24,33,12.4,350,,562.0,Reported,Midscale,3,BRL,-1.4558,-48.5044
TXN10593,1573,CHN05,Cappadocia,Turkey,Europe/Middle East,2021,Q4,855490,378,154.98,208.41,41,25.2,60,4.9,7998.0,Reported,Luxury,5,TRY,38.6431,34.8289
TXN10594,1574,CHN10,Bali,Indonesia,Asia Pacific,2024,Q1,3179520,512,353.28,458.82,69,37.5,100,4.8,12445.0,Reported,Luxury,5,IDR,-8.3405,115.092
TXN10595,1575,CHN11,Sapa,Vietnam,Asia Pacific,2021,Q4,1309123,147,64.68,89.97,44,31.8,220,4.6,4574.0,Reported,Upscale,4,VND,0.0,0.0
TXN10596,1576,CHN01,Nara,Japan,Asia Pacific,2022,Q1,3914820,239,124.28,172.67,52,24.0,350,4.7,11788.0,Reported,Upper-Upscale,4,JPY,34.6851,135.8048
TXN10597,1577,CHN07,Zakynthos,Greece,Europe,2023,Q1,603720,86,55.9,76.73,65,17.8,120,4.2,402.0,Reported,Midscale,3,EUR,37.7902,20.9051
TXN10598,1578,CHN07,Florence,Italy,Europe,2024,Q1,484704,102,67.32,79.74,66,8.2,80,4.3,1883.0,Reported,Midscale,3,EUR,43.7696,11.2558
TXN10599,1579,CHN09,Medan,Indonesia,Asia Pacific,2022,Q3,2912490,135,90.45,131.84,67,33.9,350,4.4,14467.0,Reported,Upscale,4,IDR,0.0,0.0
TXN10600,1580,CHN10,Ho Chi Minh City,Vietnam,Asia Pacific,2024,Q2,2069777,162,126.36,142.54,78,18.4,180,4.6,14714.0,Reported,Upscale,4,VND,10.8231,106.6297
TXN10601,1581,CHN04,Cannes,France,Europe,2021,Q4,1134618,376,154.16,193.98,41,36.3,80,4.6,4286.0,Reported,Luxury,5,EUR,43.5528,7.0174
TXN10602,1582,CHN01,Xian,China,Asia Pacific,2020,Q3,2817408,638,255.2,364.6,40,30.0,120,4.8,2091.0,Reported,Luxury,5,CNY,34.3416,108.9398
TXN10603,1583,CHN04,Florianopolis,Brazil,Americas,2021,Q4,5495252,371,170.66,194.21,46,19.2,350,4.9,3181.0,Reported,Luxury,5,BRL,-27.5954,-48.548
TXN10604,1584,CHN06,Obidos,Portugal,Europe,2019,Q4,1298304,70,50.4,73.02,72,8.7,280,4.0,2805.0,Reported,Economy,2,EUR,0.0,0.0
TXN10605,1585,CHN10,Eindhoven,Netherlands,Europe,2022,Q4,2535502,753,459.33,672.19,61,32.3,60,4.6,5912.0,Reported,Luxury,5,EUR,51.4416,5.4697
TXN10606,1586,CHN07,San Francisco,USA,Americas,2022,Q3,439171,117,79.56,116.32,68,8.4,60,4.4,4533.0,Reported,Midscale,3,USD,37.7749,-122.4194
TXN10607,1587,CHN02,Tabuk,Saudi Arabia,Middle East,2023,Q3,832858,92,75.44,84.67,82,25.1,120,,3426.0,Reported,Midscale,3,SAR,0.0,0.0
TXN10608,1588,CHN10,Dresden,Germany,Europe,2022,Q2,2654761,151,104.19,137.51,69,28.0,280,4.5,8457.0,Reported,Upscale,4,EUR,51.0509,13.7383
TXN10609,1589,CHN12,Sentosa,Singapore,Asia Pacific,2020,Q1,265518,149,49.17,59.46,33,20.1,60,4.6,5362.0,Reported,Upscale,4,SGD,1.2494,103.8303
TXN10610,1590,CHN05,Tokyo,Japan,Asia Pacific,2022,Q1,1862190,171,94.05,136.85,55,27.9,220,4.1,4464.0,Reported,Midscale,3,JPY,35.6762,139.6503
TXN10611,1591,CHN05,Meteora,Greece,Europe,2021,Q1,4150440,366,164.7,192.6,45,26.2,280,5.0,6299.0,Reported,Luxury,5,EUR,0.0,0.0
TXN10612,1592,CHN06,Bordeaux,France,Europe,2021,Q3,211600,46,23.0,31.73,50,24.0,100,3.9,1930.0,Reported,Economy,2,EUR,44.8378,-0.5792
TXN10613,1593,CHN02,Liverpool,UK,Europe,2023,Q2,2484300,104,78.0,91.97,75,21.5,350,4.2,4886.0,Reported,Midscale,3,GBP,53.4084,-2.9916
TXN10614,1594,CHN11,Mumbai,India,Asia Pacific,2023,Q1,2325015,121,73.81,83.14,61,27.9,350,4.3,4842.0,Reported,Midscale,3,INR,19.076,72.8777
TXN10615,1595,CHN12,Seville,Spain,Europe,2024,Q1,1394820,246,154.98,186.8,63,29.5,100,4.4,5335.0,Reported,Upscale,4,EUR,37.3891,-5.9845
TXN10616,1596,CHN09,Yogyakarta,Indonesia,Asia Pacific,2022,Q4,2209104,276,160.08,233.84,58,35.2,150,4.7,13409.0,Reported,Luxury,5,IDR,-7.7971,110.3688
TXN10617,1597,CHN09,Changi,Singapore,Asia Pacific,2024,Q3,3909154,222,193.14,217.16,87,25.1,220,4.4,3880.0,Reported,Upper-Upscale,4,SGD,1.3644,103.9915
TXN10618,1598,CHN03,Crete,Greece,Europe,2023,Q4,2218580,106,68.9,100.48,65,23.9,350,4.1,2364.0,Reported,Midscale,3,EUR,35.2401,24.8093
TXN10619,1599,CHN08,Utrecht,Netherlands,Europe,2024,Q4,5095788,499,369.26,495.82,74,18.0,150,4.9,13105.0,Reported,Luxury,5,EUR,52.0907,5.1214
TXN10620,1600,CHN10,Tabuk,Saudi Arabia,Middle East,2022,Q4,6947472,372,215.76,297.72,58,21.7,350,4.9,14670.0,Reported,Luxury,5,SAR,0.0,0.0
TXN10621,1601,CHN02,Athens,Greece,Europe,2023,Q2,405132,106,74.2,105.18,70,27.6,60,4.1,1441.0,Reported,Midscale,3,EUR,37.9838,23.7275
TXN10622,1602,CHN10,Utrecht,Netherlands,Europe,2020,Q3,747518,122,45.14,66.71,37,30.5,180,4.6,6096.0,Reported,Upscale,4,EUR,52.0907,5.1214
TXN10623,1603,CHN08,Orchard Road,Singapore,Asia Pacific,2024,Q2,9698762,731,592.11,845.33,81,23.0,180,4.7,1424.0,Reported,Luxury,5,SGD,1.3048,103.8318
TXN10624,1604,CHN07,Cancun,Mexico,Americas,2022,Q2,3217360,207,126.27,179.91,61,25.7,280,4.5,3192.0,Reported,Upscale,4,MXN,21.1619,-86.8515
TXN10625,1605,CHN11,Puerto Vallarta,Mexico,Americas,2024,Q2,687960,90,75.6,102.01,84,17.9,100,4.1,704.0,Reported,Midscale,3,MXN,20.6534,-105.2253
TXN10626,1606,CHN01,Malaga,Spain,Europe,2024,Q3,593400,125,107.5,129.96,86,12.7,60,4.1,3315.0,Reported,Upscale,3,EUR,36.7213,-4.4214
TXN10627,1607,CHN04,Toulouse,France,Europe,2019,Q4,3490848,372,252.96,373.04,68,21.5,150,4.7,6431.0,Reported,Upper-Upscale,5,EUR,43.6047,1.4442
TXN10628,1608,CHN07,Mecca,Saudi Arabia,Middle East,2021,Q3,458160,83,41.5,56.26,50,22.2,120,4.1,4404.0,Reported,Midscale,3,SAR,21.3891,39.8579
TXN10629,1609,CHN01,Edinburgh,UK,Europe,2022,Q4,534888,102,58.14,74.68,57,13.3,100,4.3,1834.0,Reported,Upscale,3,GBP,55.9533,-3.1883
TXN10630,1610,CHN10,Guangzhou,China,Asia Pacific,2025,Q4,1460592,189,132.3,193.3,70,18.6,120,4.6,9513.0,Estimated,Upscale,4,CNY,23.1291,113.2644
TXN10631,1611,CHN07,Yogyakarta,Indonesia,Asia Pacific,2022,Q2,676767,74,49.58,64.83,67,10.3,150,4.3,1212.0,Reported,Midscale,3,IDR,-7.7971,110.3688
TXN10632,1612,CHN10,Marina Bay,Singapore,Asia Pacific,2019,Q2,4525248,840,621.6,908.33,74,37.7,80,4.7,12035.0,Reported,Luxury,5,SGD,1.2819,103.8636
TXN10633,1613,CHN01,Deira,UAE,Middle East,2019,Q3,12085488,1068,875.76,1210.59,82,20.5,150,4.7,8088.0,Reported,Luxury,5,AED,25.2697,55.3095
TXN10634,1614,CHN06,Nha Trang,Vietnam,Asia Pacific,2019,Q3,4825216,149,131.12,178.68,88,37.6,400,4.5,12295.0,Reported,Upscale,4,VND,12.2388,109.1967
TXN10635,1615,CHN10,Ho Chi Minh City,Vietnam,Asia Pacific,2023,Q4,3029376,168,117.6,152.1,70,32.1,280,4.6,5952.0,Reported,Upscale,4,VND,10.8231,106.6297
TXN10636,1616,CHN10,Paris,France,Europe,2020,Q2,2366582,602,216.72,248.75,36,41.8,120,4.9,5899.0,Reported,Luxury,5,EUR,48.8566,2.3522
TXN10637,1617,CHN05,Jeddah,Saudi Arabia,Middle East,2025,Q4,13640141,936,673.92,846.33,72,28.7,220,4.8,1799.0,Estimated,Luxury,5,SAR,21.5433,39.1728
TXN10638,1618,CHN10,Miami,USA,Americas,2020,Q3,675648,340,122.4,144.82,36,31.5,60,4.6,8218.0,Reported,Luxury,5,USD,25.7617,-80.1918
TXN10639,1619,CHN05,Jaipur,India,Asia Pacific,2023,Q2,16676660,595,458.15,563.01,77,43.8,400,5.0,8984.0,Reported,Luxury,5,INR,26.9124,75.7873
TXN10640,1620,CHN05,Lisbon,Portugal,Europe,2024,Q3,1395677,294,252.84,345.66,86,36.2,60,4.5,14053.0,Reported,Upscale,4,EUR,38.7223,-9.1393
TXN10641,1621,CHN12,Beijing,China,Asia Pacific,2024,Q2,1414140,210,155.4,200.61,74,13.1,100,4.2,4783.0,Reported,Midscale,3,CNY,39.9042,116.4074
TXN10642,1622,CHN01,Salvador,Brazil,Americas,2021,Q4,4955580,665,299.25,432.31,45,37.2,180,4.6,12983.0,Reported,Luxury,5,BRL,-12.9714,-38.5014
TXN10643,1623,CHN08,Nara,Japan,Asia Pacific,2021,Q3,6870192,381,186.69,260.01,49,20.2,400,4.6,12289.0,Reported,Luxury,5,JPY,34.6851,135.8048
TXN10644,1624,CHN05,Deira,UAE,Middle East,2019,Q4,7881235,661,475.92,631.3,72,38.3,180,4.9,10691.0,Reported,Luxury,5,AED,25.2697,55.3095
TXN10645,1625,CHN02,Zhangjiajie,China,Asia Pacific,2019,Q3,2725114,153,134.64,165.46,88,38.8,220,4.4,1552.0,Reported,Upscale,4,CNY,29.117,110.4793
TXN10646,1626,CHN07,Chiang Mai,Thailand,Asia Pacific,2022,Q1,433998,141,80.37,100.24,57,43.8,60,4.6,12112.0,Reported,Upscale,4,THB,18.7883,98.9853
TXN10647,1627,CHN05,Adelaide,Australia,Asia Pacific,2023,Q2,932677,117,85.41,104.06,73,18.6,120,4.4,1744.0,Reported,Midscale,3,AUD,-34.9285,138.6007
TXN10648,1628,CHN11,Playa del Carmen,Mexico,Americas,2019,Q4,346546,86,62.78,85.26,73,15.2,60,4.2,694.0,Reported,Midscale,3,MXN,20.6296,-87.0739
TXN10649,1629,CHN10,Athens,Greece,Europe,2025,Q1,12502350,567,396.9,450.31,70,41.1,350,4.9,1537.0,Estimated,Luxury,5,EUR,37.9838,23.7275
TXN10650,1630,CHN02,Bangalore,India,Asia Pacific,2019,Q3,7467456,267,202.92,300.08,76,23.6,400,4.6,9483.0,Reported,Upper-Upscale,4,INR,12.9716,77.5946
TXN10651,1631,CHN08,Fez,Morocco,Africa,2021,Q3,7084000,385,192.5,234.93,50,35.7,400,4.8,12227.0,Reported,Luxury,5,MAD,34.0181,-5.0078
TXN10652,1632,CHN04,Kuching,Malaysia,Asia Pacific,2023,Q1,511920,79,47.4,68.83,60,25.3,120,4.1,1838.0,Reported,Economy,2,MYR,1.5497,110.3626
TXN10653,1633,CHN07,Abha,Saudi Arabia,Middle East,2023,Q1,991440,102,61.2,79.15,60,16.4,180,4.3,2340.0,Reported,Midscale,3,SAR,18.2164,42.5053
TXN10654,1634,CHN01,San Francisco,USA,Americas,2021,Q1,2280960,320,140.8,202.84,44,35.0,180,4.9,9978.0,Reported,Upper-Upscale,5,USD,37.7749,-122.4194
TXN10655,1635,CHN11,Abha,Saudi Arabia,Middle East,2019,Q2,476986,91,65.52,95.51,72,27.1,80,4.2,1946.0,Reported,Midscale,3,SAR,18.2164,42.5053
TXN10656,1636,CHN07,Varanasi,India,Asia Pacific,2025,Q2,628992,64,46.08,57.24,72,11.3,150,4.0,4224.0,Estimated,Economy,2,INR,25.3176,82.9739
TXN10657,1637,CHN03,Sydney,Australia,Asia Pacific,2024,Q1,2262816,194,139.68,201.49,72,11.2,180,4.3,3470.0,Reported,Midscale,3,AUD,-33.8688,151.2093
TXN10658,1638,CHN11,Rome,Italy,Europe,2025,Q1,3153150,143,100.1,115.48,70,23.4,350,4.3,4856.0,Estimated,Midscale,3,EUR,41.9028,12.4964
TXN10659,1639,CHN09,Mykonos,Greece,Europe,2023,Q4,3268944,282,197.4,286.64,70,36.0,180,4.6,10152.0,Reported,Upper-Upscale,4,EUR,37.4467,25.3289
TXN10660,1640,CHN05,Tulum,Mexico,Americas,2025,Q2,4494017,361,274.36,380.25,76,29.4,180,4.6,,Estimated,Upper-Upscale,5,MXN,20.2114,-87.4654
TXN10661,1641,CHN01,Incheon,South Korea,Asia Pacific,2023,Q4,1972480,320,214.4,290.58,67,19.7,100,5.0,9287.0,Reported,Upper-Upscale,5,KRW,37.4563,126.7052
TXN10662,1642,CHN05,Melbourne,Australia,Asia Pacific,2025,Q4,13735490,751,533.21,663.23,71,30.9,280,4.8,13180.0,Estimated,Luxury,5,AUD,-37.8136,144.9631
TXN10663,1643,CHN08,San Sebastian,Spain,Europe,2019,Q4,1813651,444,328.56,404.81,74,38.9,60,4.8,13329.0,Reported,Luxury,5,EUR,43.3183,-1.9812
TXN10664,1644,CHN05,Guadalajara,Mexico,Americas,2021,Q2,3271905,425,199.75,261.77,47,38.5,180,5.0,6813.0,Reported,Luxury,5,MXN,20.6597,-103.3496
TXN10665,1645,CHN10,Hamburg,Germany,Europe,2019,Q4,1887840,152,114.0,162.58,75,25.2,180,4.6,8819.0,Reported,Upscale,4,EUR,53.5511,9.9937
TXN10666,1646,CHN02,Langkawi,Malaysia,Asia Pacific,2025,Q2,2223094,174,135.72,183.1,78,29.2,180,4.4,13753.0,Estimated,Upscale,4,MYR,6.35,99.8
TXN10667,1647,CHN02,Hangzhou,China,Asia Pacific,2025,Q1,389232,106,72.08,91.56,68,18.0,60,4.1,375.0,Estimated,Midscale,3,CNY,30.2741,120.1551
TXN10668,1648,CHN06,Okinawa,Japan,Asia Pacific,2020,Q3,240672,109,43.6,55.72,40,24.6,60,4.5,14130.0,Reported,Upscale,4,JPY,26.2124,127.6809
TXN10669,1649,CHN05,Varanasi,India,Asia Pacific,2022,Q4,7489076,401,232.58,306.06,58,32.2,350,4.7,11874.0,Reported,Luxury,5,INR,25.3176,82.9739
TXN10670,1650,CHN05,Merida,Mexico,Americas,2020,Q1,800064,463,148.16,213.77,32,43.0,60,4.8,9761.0,Reported,Luxury,5,MXN,20.9674,-89.5926
TXN10671,1651,CHN07,Sydney,Australia,Asia Pacific,2025,Q1,461160,140,85.4,95.8,61,17.8,60,4.1,4886.0,Estimated,Midscale,3,AUD,-33.8688,151.2093
TXN10672,1652,CHN11,Hong Kong,China,Asia Pacific,2020,Q4,549902,293,99.62,118.03,34,20.6,60,4.9,8174.0,Reported,Upper-Upscale,5,CNY,22.3193,114.1694
TXN10673,1653,CHN01,Zhangjiajie,China,Asia Pacific,2022,Q1,14688000,800,408.0,507.13,51,20.4,400,4.9,7589.0,Reported,Luxury,5,CNY,29.117,110.4793
TXN10674,1654,CHN03,Jeonju,South Korea,Asia Pacific,2022,Q4,2724810,359,197.45,243.57,55,37.5,150,4.8,4268.0,Reported,Luxury,5,KRW,35.8242,127.148
TXN10675,1655,CHN12,Recife,Brazil,Americas,2022,Q4,2222766,273,161.07,200.39,59,31.9,150,4.5,3805.0,Reported,Upscale,4,BRL,-8.0476,-34.877
TXN10676,1656,CHN09,Canberra,Australia,Asia Pacific,2023,Q2,3812445,171,119.7,152.97,70,34.9,350,4.4,10783.0,Reported,Upscale,4,AUD,-35.2809,149.13
TXN10677,1657,CHN11,Berlin,Germany,Europe,2021,Q3,302054,96,54.72,70.58,57,10.9,60,4.2,4049.0,Reported,Midscale,3,EUR,52.52,13.405
TXN10678,1658,CHN12,Ho Chi Minh City,Vietnam,Asia Pacific,2021,Q4,2551050,274,126.04,147.62,46,29.9,220,4.6,9436.0,Reported,Upscale,4,VND,10.8231,106.6297
TXN10679,1659,CHN08,Cancun,Mexico,Americas,2025,Q2,1717443,233,188.73,250.42,81,25.8,100,4.4,,Estimated,Upscale,4,MXN,21.1619,-86.8515
TXN10680,1660,CHN01,Deira,UAE,Middle East,2025,Q1,2367360,274,175.36,249.54,64,25.2,150,4.6,4667.0,Estimated,Upper-Upscale,4,AED,25.2697,55.3095
TXN10681,1661,CHN12,Medina,Saudi Arabia,Middle East,2024,Q4,3153024,136,97.92,120.22,72,16.9,350,4.1,4442.0,Reported,Midscale,3,SAR,24.5247,39.5692
TXN10682,1662,CHN10,Hobart,Australia,Asia Pacific,2023,Q1,2252880,149,89.4,103.33,60,23.4,280,4.6,11931.0,Reported,Upscale,4,AUD,-42.8821,147.3272
TXN10683,1663,CHN05,Mykonos,Greece,Europe,2023,Q4,12377165,728,480.48,601.92,66,19.4,280,4.8,7621.0,Reported,Luxury,5,EUR,37.4467,25.3289
TXN10684,1664,CHN09,Lombok,Indonesia,Asia Pacific,2019,Q3,947894,159,128.79,165.56,81,36.0,80,4.7,3928.0,Reported,Upscale,4,IDR,-8.5833,116.35
TXN10685,1665,CHN07,Cannes,France,Europe,2023,Q1,1085175,53,34.45,38.83,65,8.8,350,4.1,3134.0,Reported,Economy,2,EUR,43.5528,7.0174
TXN10686,1666,CHN11,Marina Bay,Singapore,Asia Pacific,2020,Q1,1028160,102,32.64,41.95,32,25.7,350,4.2,969.0,Reported,Midscale,3,SGD,1.2819,103.8636
TXN10687,1667,CHN04,Hong Kong,China,Asia Pacific,2023,Q3,4908384,855,666.9,877.57,78,24.0,80,4.7,8160.0,Reported,Luxury,5,CNY,22.3193,114.1694
TXN10688,1668,CHN05,Cancun,Mexico,Americas,2024,Q3,14768208,441,401.31,564.63,91,41.3,400,4.8,4678.0,Reported,Upper-Upscale,5,MXN,21.1619,-86.8515
TXN10689,1669,CHN10,Darwin,Australia,Asia Pacific,2022,Q3,3894912,147,105.84,130.13,72,30.6,400,4.5,1451.0,Reported,Upscale,4,AUD,-12.4634,130.8456
TXN10690,1670,CHN10,Lyon,France,Europe,2025,Q3,7142328,681,517.56,603.59,76,30.8,150,5.0,3817.0,Estimated,Luxury,5,EUR,45.764,4.8357
TXN10691,1671,CHN07,Milan,Italy,Europe,2020,Q3,752514,57,23.37,27.93,41,22.3,350,4.1,,Reported,Economy,2,EUR,45.4654,9.1859
TXN10692,1672,CHN11,Merida,Mexico,Americas,2024,Q3,3265632,102,88.74,100.43,87,13.3,400,4.4,4785.0,Reported,Midscale,3,MXN,20.9674,-89.5926
TXN10693,1673,CHN10,Johor Bahru,Malaysia,Asia Pacific,2022,Q2,2347072,416,257.92,307.58,62,42.5,100,4.7,1791.0,Reported,Luxury,5,MYR,1.4927,103.7414
TXN10694,1674,CHN04,Salvador,Brazil,Americas,2019,Q3,9468456,1009,857.65,1176.81,85,32.1,120,4.8,9698.0,Reported,Luxury,5,BRL,-12.9714,-38.5014
TXN10695,1675,CHN10,Cannes,France,Europe,2025,Q4,5557536,839,604.08,835.08,72,38.6,100,4.7,12258.0,Estimated,Luxury,5,EUR,43.5528,7.0174
TXN10696,1676,CHN06,Deira,UAE,Middle East,2023,Q2,547747,99,75.24,100.94,76,20.0,80,4.3,827.0,Reported,Midscale,3,AED,25.2697,55.3095
TXN10697,1677,CHN04,Manchester,UK,Europe,2022,Q1,1409400,290,156.6,196.49,54,43.2,100,,10470.0,Reported,Upper-Upscale,5,GBP,53.4808,-2.2426
TXN10698,1678,CHN02,Fez,Morocco,Africa,2025,Q4,20524096,764,557.72,723.11,73,31.5,400,4.7,9262.0,Estimated,Luxury,5,MAD,34.0181,-5.0078
TXN10699,1679,CHN05,Amsterdam,Netherlands,Europe,2024,Q3,18747806,737,582.23,807.01,79,23.9,350,5.0,4217.0,Reported,Luxury,5,EUR,52.3676,4.9041
TXN10700,1655,CHN12,Recife,Brazil,Americas,2022,Q4,4316346,284,167.56,239.69,59,32.8,280,4.6,14286.0,Reported,Upscale,4,BRL,-8.0476,-34.877
TXN10701,1680,CHN02,Coimbra,Portugal,Europe,2022,Q3,1581517,316,214.88,299.83,68,19.0,80,4.7,7417.0,Reported,Upper-Upscale,5,EUR,0.0,0.0
TXN10702,1681,CHN07,Amalfi,Italy,Europe,2023,Q3,1031357,173,140.13,197.55,81,20.5,80,4.4,4102.0,Reported,Upscale,4,EUR,40.634,14.6027
TXN10703,1682,CHN02,Miami,USA,Americas,2019,Q3,8062880,313,250.4,317.28,80,27.6,350,4.4,8420.0,Reported,Upper-Upscale,4,USD,25.7617,-80.1918
TXN10704,1683,CHN03,Deira,UAE,Middle East,2021,Q1,7777440,982,392.8,545.26,40,43.0,220,4.9,5082.0,Reported,Luxury,5,AED,25.2697,55.3095
TXN10705,1684,CHN05,Fujairah,UAE,Middle East,2019,Q4,2625165,482,356.68,507.85,74,43.1,80,4.9,11239.0,Reported,Luxury,5,AED,25.1288,56.3264
TXN10706,1685,CHN11,Kochi,India,Asia Pacific,2019,Q3,2914560,99,79.2,95.65,80,21.7,400,4.3,1075.0,Reported,Midscale,3,INR,9.9312,76.2673
TXN10707,1686,CHN06,Munich,Germany,Europe,2019,Q1,299520,64,41.6,52.98,65,19.4,80,4.1,2571.0,Reported,Economy,2,EUR,48.1351,11.582
TXN10708,1687,CHN07,Lombok,Indonesia,Asia Pacific,2023,Q2,4024566,162,126.36,151.28,78,22.6,350,4.6,7249.0,Reported,Upscale,4,IDR,-8.5833,116.35
TXN10709,1688,CHN04,Nha Trang,Vietnam,Asia Pacific,2020,Q2,868468,241,79.53,99.34,33,22.4,120,4.7,10386.0,Reported,Upper-Upscale,5,VND,12.2388,109.1967
TXN10710,1689,CHN07,Granada,Spain,Europe,2021,Q3,243984,65,33.15,44.81,51,13.0,80,4.2,3759.0,Reported,Midscale,3,EUR,37.1773,-3.5986
TXN10711,1690,CHN12,Chennai,India,Asia Pacific,2020,Q1,2717280,222,75.48,111.07,34,21.9,400,4.6,9131.0,Reported,Upscale,4,INR,13.0827,80.2707
TXN10712,1691,CHN11,Kota Kinabalu,Malaysia,Asia Pacific,2025,Q4,1416800,100,70.0,96.01,70,18.8,220,4.4,1123.0,Estimated,Midscale,3,MYR,5.9788,116.0753
TXN10713,1692,CHN06,Bordeaux,France,Europe,2021,Q4,816077,84,40.32,52.54,48,27.5,220,4.2,804.0,Reported,Midscale,3,EUR,44.8378,-0.5792
TXN10714,1693,CHN06,Naples,Italy,Europe,2023,Q1,404352,117,74.88,109.17,64,8.9,60,4.3,3348.0,Reported,Midscale,3,EUR,40.8518,14.2681
TXN10715,1694,CHN12,Belem,Brazil,Americas,2025,Q2,3566745,871,653.25,766.28,75,36.8,60,4.8,7366.0,Estimated,Luxury,5,BRL,-1.4558,-48.5044
TXN10716,1695,CHN03,Hua Hin,Thailand,Asia Pacific,2019,Q4,1516344,410,274.7,321.95,67,35.8,60,4.9,11308.0,Reported,Luxury,5,THB,12.5684,99.9578
TXN10717,1473,CHN03,Cameron Highlands,Malaysia,Asia Pacific,2025,Q2,678787,126,93.24,124.02,74,15.3,80,4.1,1425.0,Estimated,Midscale,3,MYR,0.0,0.0
TXN10718,1696,CHN10,Santorini,Greece,Europe,2021,Q4,2075373,613,281.98,398.92,46,35.2,80,4.8,14924.0,Reported,Luxury,5,EUR,36.3932,25.4615
TXN10719,1697,CHN09,Leipzig,Germany,Europe,2021,Q2,4474925,281,140.5,186.21,50,42.7,350,4.7,9950.0,Reported,Luxury,5,EUR,51.3397,12.3731
TXN10720,1698,CHN11,Brisbane,Australia,Asia Pacific,2022,Q4,2390528,116,64.96,77.54,56,18.3,400,4.2,786.0,Reported,Midscale,3,AUD,-27.4698,153.0251
TXN10721,1699,CHN09,Yokohama,Japan,Asia Pacific,2022,Q2,1375920,168,100.8,135.28,60,26.9,150,4.3,3165.0,Reported,Upper-Upscale,4,JPY,35.4437,139.638
TXN10722,1700,CHN01,Tabuk,Saudi Arabia,Middle East,2024,Q3,1229304,131,111.35,140.39,85,26.5,120,4.5,9767.0,Reported,Upscale,4,SAR,0.0,0.0
TXN10723,1701,CHN11,Naples,Italy,Europe,2021,Q1,1329345,229,98.47,132.97,43,25.0,150,4.7,14325.0,Reported,Upper-Upscale,5,EUR,40.8518,14.2681
TXN10724,1702,CHN06,Florianopolis,Brazil,Americas,2022,Q1,2661120,132,73.92,98.2,56,40.3,400,4.4,2169.0,Reported,Upscale,4,BRL,-27.5954,-48.548
TXN10725,1703,CHN07,Labuan Bajo,Indonesia,Asia Pacific,2022,Q1,541872,142,75.26,105.88,53,26.7,80,4.7,9324.0,Reported,Upscale,4,IDR,0.0,0.0
TXN10726,1704,CHN01,Hanoi,Vietnam,Asia Pacific,2023,Q2,2775427,353,254.16,298.79,72,42.9,120,4.8,4945.0,Reported,Upper-Upscale,5,VND,21.0285,105.8542
TXN10727,1705,CHN02,Hamburg,Germany,Europe,2019,Q2,5949216,681,544.8,782.71,80,36.0,120,4.7,3183.0,Reported,Luxury,5,EUR,53.5511,9.9937
TXN10728,1706,CHN11,Bugis,Singapore,Asia Pacific,2021,Q4,332304,70,30.1,36.59,43,10.3,120,4.4,3804.0,Reported,Midscale,3,SGD,1.3006,103.8551
TXN10729,1707,CHN01,Algarve,Portugal,Europe,2019,Q2,3692052,322,225.4,277.58,70,24.2,180,4.8,3990.0,Reported,Upper-Upscale,5,EUR,37.0194,-8.1383
TXN10730,1708,CHN04,Bristol,UK,Europe,2021,Q1,3045600,470,188.0,257.93,40,43.0,180,4.7,7657.0,Reported,Luxury,5,GBP,51.4545,-2.5879
TXN10731,1709,CHN10,Cannes,France,Europe,2024,Q3,883200,150,120.0,157.2,80,28.2,80,4.4,7731.0,Reported,Upscale,4,EUR,43.5528,7.0174
TXN10732,1013,CHN02,Rome,Italy,Europe,2023,Q4,1884344,133,93.1,106.11,70,11.8,220,4.1,,Reported,Midscale,3,EUR,41.9028,12.4964
TXN10733,1686,CHN06,Munich,Germany,Europe,2025,Q3,595976,82,64.78,77.17,79,23.1,100,4.1,3777.0,Estimated,Economy,2,EUR,48.1351,11.582
TXN10734,1710,CHN06,Tabuk,Saudi Arabia,Middle East,2021,Q1,95202,43,17.63,25.74,41,9.4,60,3.8,247.0,Reported,Economy,2,SAR,0.0,0.0
TXN10735,1711,CHN12,Naples,Italy,Europe,2022,Q3,4028864,184,125.12,159.12,68,39.1,350,4.4,3601.0,Reported,Upscale,4,EUR,40.8518,14.2681
TXN10736,1712,CHN01,Essaouira,Morocco,Africa,2023,Q4,765072,126,83.16,97.49,66,37.7,100,4.5,12182.0,Reported,Upscale,4,MAD,31.5125,-9.77
TXN10737,1713,CHN03,Fortaleza,Brazil,Americas,2019,Q4,1023776,214,139.1,177.05,65,35.5,80,4.5,1564.0,Reported,Upscale,4,BRL,-3.7319,-38.5267
TXN10738,1714,CHN12,Chiang Mai,Thailand,Asia Pacific,2025,Q2,3286483,792,601.92,801.02,76,32.7,60,4.8,2989.0,Estimated,Luxury,5,THB,18.7883,98.9853
TXN10739,1715,CHN11,London,UK,Europe,2019,Q3,6628048,217,180.11,224.6,83,24.6,400,4.3,1532.0,Reported,Midscale,3,GBP,51.5074,-0.1278
TXN10740,1716,CHN07,Frankfurt,Germany,Europe,2024,Q1,1760760,268,195.64,226.86,73,23.5,100,4.6,9895.0,Reported,Upscale,4,EUR,50.1109,8.6821
TXN10741,1717,CHN06,Cameron Highlands,Malaysia,Asia Pacific,2022,Q4,297528,49,26.95,38.55,55,9.6,120,3.8,4779.0,Reported,Economy,2,MYR,0.0,0.0
TXN10742,1718,CHN08,Sukhothai,Thailand,Asia Pacific,2022,Q3,3812480,185,118.4,135.59,64,32.5,350,4.5,9953.0,Reported,Upscale,4,THB,0.0,0.0
TXN10743,1257,CHN11,Delhi,India,Asia Pacific,2019,Q1,270270,77,50.05,57.64,65,21.8,60,4.2,2862.0,Reported,Midscale,3,INR,28.6139,77.209
TXN10744,1719,CHN02,Marseille,France,Europe,2025,Q1,10082160,760,509.2,631.1,67,19.4,220,4.6,1645.0,Estimated,Luxury,5,EUR,43.2965,5.3698
TXN10745,1720,CHN12,Cambridge,UK,Europe,2025,Q3,1117469,241,202.44,288.07,84,26.7,60,4.3,4062.0,Estimated,Upscale,4,GBP,52.2053,0.1218
TXN10746,1721,CHN08,Mecca,Saudi Arabia,Middle East,2021,Q1,1229580,207,91.08,130.03,44,24.7,150,4.6,2649.0,Reported,Upscale,4,SAR,21.3891,39.8579
TXN10747,1722,CHN11,Jurong,Singapore,Asia Pacific,2019,Q3,640320,100,87.0,109.19,87,11.2,80,4.3,2375.0,Reported,Midscale,3,SGD,1.3404,103.709
TXN10748,1723,CHN01,Changi,Singapore,Asia Pacific,2021,Q3,2049466,238,123.76,161.99,52,21.0,180,4.6,12351.0,Reported,Upper-Upscale,5,SGD,1.3644,103.9915
TXN10749,1724,CHN05,Bali,Indonesia,Asia Pacific,2019,Q3,15262800,750,592.5,763.65,79,28.7,280,4.6,2639.0,Reported,Luxury,5,IDR,-8.3405,115.092
TXN10750,1725,CHN10,Abu Dhabi,UAE,Middle East,2025,Q2,21450975,898,673.5,941.81,75,23.0,350,4.6,3420.0,Estimated,Luxury,5,AED,24.4539,54.3773
TXN10751,1726,CHN02,Brasilia,Brazil,Americas,2020,Q3,838488,62,26.04,36.8,42,24.8,350,4.1,734.0,Reported,Midscale,3,BRL,-15.7975,-47.8919
TXN10752,1727,CHN09,Agadir,Morocco,Africa,2021,Q3,741520,155,80.6,91.95,52,23.9,100,4.4,10973.0,Reported,Upper-Upscale,4,MAD,30.4278,-9.5981
TXN10753,1728,CHN10,Las Vegas,USA,Americas,2024,Q3,7666728,646,555.56,714.3,86,24.2,150,5.0,5257.0,Reported,Luxury,5,USD,36.1699,-115.1398
TXN10754,1729,CHN07,Daegu,South Korea,Asia Pacific,2023,Q3,503424,90,68.4,85.15,76,13.6,80,4.2,4895.0,Reported,Midscale,3,KRW,35.8714,128.6014
TXN10755,1106,CHN03,Oxford,UK,Europe,2025,Q4,8923006,658,440.86,521.59,67,38.1,220,4.8,12111.0,Estimated,Luxury,5,GBP,51.752,-1.2577
TXN10756,1730,CHN09,Cappadocia,Turkey,Europe/Middle East,2021,Q3,1068396,158,77.42,113.69,49,18.4,150,4.6,7103.0,Reported,Upper-Upscale,4,TRY,38.6431,34.8289
TXN10757,1731,CHN06,Porto,Portugal,Europe,2019,Q2,353808,60,48.6,64.29,81,27.7,80,4.1,483.0,Reported,Economy,2,EUR,41.1579,-8.6291
TXN10758,1598,CHN03,Crete,Greece,Europe,2021,Q4,416429,82,37.72,54.98,46,20.6,120,4.3,2642.0,Reported,Midscale,3,EUR,35.2401,24.8093
TXN10759,1732,CHN10,Okinawa,Japan,Asia Pacific,2022,Q2,1042587,114,76.38,95.74,67,33.8,150,4.5,11944.0,Reported,Upscale,4,JPY,26.2124,127.6809
TXN10760,1733,CHN02,Liverpool,UK,Europe,2025,Q1,17457300,815,554.2,626.89,68,24.4,350,4.6,8920.0,Estimated,Luxury,5,GBP,53.4084,-2.9916
TXN10761,1734,CHN06,Hobart,Australia,Asia Pacific,2021,Q3,2127776,118,57.82,75.9,49,41.8,400,4.5,12307.0,Reported,Upscale,4,AUD,-42.8821,147.3272
TXN10762,1714,CHN12,Chiang Mai,Thailand,Asia Pacific,2025,Q3,6940406,731,628.66,898.39,86,35.5,120,4.9,13472.0,Estimated,Luxury,5,THB,18.7883,98.9853
TXN10763,1735,CHN04,Jaipur,India,Asia Pacific,2022,Q1,1089612,342,201.78,263.04,59,43.1,60,4.9,2251.0,Reported,Upper-Upscale,5,INR,26.9124,75.7873
TXN10764,1736,CHN11,Andong,South Korea,Asia Pacific,2019,Q4,1270667,86,62.78,81.26,73,16.6,220,4.3,537.0,Reported,Midscale,3,KRW,36.5684,128.7294
TXN10765,1737,CHN01,Kuala Lumpur,Malaysia,Asia Pacific,2025,Q2,7673302,317,240.92,326.52,76,29.7,350,4.7,10598.0,Estimated,Upper-Upscale,5,MYR,3.139,101.6869
TXN10766,1738,CHN11,Recife,Brazil,Americas,2022,Q4,2009887,229,121.37,174.64,53,32.2,180,4.9,5628.0,Reported,Upper-Upscale,5,BRL,-8.0476,-34.877
TXN10767,1739,CHN07,Medina,Saudi Arabia,Middle East,2020,Q3,485760,60,24.0,28.38,40,14.6,220,4.4,421.0,Reported,Midscale,3,SAR,24.5247,39.5692
TXN10768,1740,CHN04,Marseille,France,Europe,2025,Q2,3368456,661,462.7,579.65,70,40.6,80,,13610.0,Estimated,Luxury,5,EUR,43.2965,5.3698
TXN10769,1741,CHN07,Bodrum,Turkey,Europe/Middle East,2025,Q2,2547418,192,155.52,215.61,81,34.6,180,4.4,11267.0,Estimated,Upscale,4,TRY,37.0344,27.4305
TXN10770,1742,CHN11,Merida,Mexico,Americas,2023,Q4,705677,94,63.92,90.63,68,24.2,120,4.3,1523.0,Reported,Midscale,3,MXN,20.9674,-89.5926
TXN10771,1743,CHN07,Trabzon,Turkey,Europe/Middle East,2021,Q3,2560544,142,69.58,96.53,49,32.6,400,4.6,8089.0,Reported,Upscale,4,TRY,0.0,0.0
TXN10772,1744,CHN06,Corfu,Greece,Europe,2021,Q2,245700,75,33.75,38.7,45,25.3,80,4.2,4058.0,Reported,Midscale,3,EUR,39.6243,19.9217
TXN10773,1745,CHN04,Da Lat,Vietnam,Asia Pacific,2024,Q4,5805642,1111,788.81,986.91,71,28.6,80,4.6,12129.0,Reported,Luxury,5,VND,0.0,0.0
TXN10774,1746,CHN05,Mecca,Saudi Arabia,Middle East,2022,Q4,390816,120,70.8,104.47,59,13.1,60,4.2,4702.0,Reported,Midscale,3,SAR,21.3891,39.8579
TXN10775,1747,CHN10,Cameron Highlands,Malaysia,Asia Pacific,2024,Q4,5293901,666,479.52,689.82,72,26.0,120,4.9,3661.0,Reported,Luxury,5,MYR,0.0,0.0
TXN10776,1748,CHN08,Ajman,UAE,Middle East,2025,Q4,3137568,406,284.2,377.37,70,20.1,120,4.8,5751.0,Estimated,Luxury,5,AED,25.4052,55.5136
TXN10777,1749,CHN07,Essaouira,Morocco,Africa,2021,Q4,845222,116,51.04,57.19,44,40.5,180,4.4,13695.0,Reported,Upscale,4,MAD,31.5125,-9.77
TXN10778,1750,CHN11,New Orleans,USA,Americas,2024,Q3,3001684,118,93.22,115.62,79,23.6,350,4.1,2542.0,Reported,Midscale,3,USD,29.9511,-90.0715
TXN10779,1751,CHN05,Kyoto,Japan,Asia Pacific,2024,Q3,4513005,713,613.18,822.51,86,43.2,80,4.8,5212.0,Reported,Luxury,5,JPY,35.0116,135.7681
TXN10780,1752,CHN08,Cairns,Australia,Asia Pacific,2025,Q4,5409738,537,392.01,536.12,73,35.3,150,4.9,2490.0,Estimated,Luxury,5,AUD,-16.9186,145.7781
TXN10781,1127,CHN08,Bordeaux,France,Europe,2022,Q2,7903896,376,248.16,344.54,66,21.0,350,4.9,12272.0,Reported,Luxury,5,EUR,44.8378,-0.5792
TXN10782,1753,CHN03,Essaouira,Morocco,Africa,2024,Q1,9446220,441,299.88,441.57,68,34.4,350,4.7,6801.0,Reported,Luxury,5,MAD,31.5125,-9.77
TXN10783,1754,CHN10,Algarve,Portugal,Europe,2024,Q3,654120,150,118.5,173.99,79,34.6,60,4.6,4201.0,Reported,Upscale,4,EUR,37.0194,-8.1383
TXN10784,1755,CHN12,Cambridge,UK,Europe,2025,Q4,2427365,349,219.87,304.04,63,29.3,120,4.6,5972.0,Estimated,Upscale,4,GBP,52.2053,0.1218
TXN10785,1756,CHN06,Fortaleza,Brazil,Americas,2023,Q4,335174,66,45.54,56.18,69,14.4,80,3.9,2078.0,Reported,Economy,2,BRL,-3.7319,-38.5267
TXN10786,1757,CHN11,Labuan Bajo,Indonesia,Asia Pacific,2022,Q3,455731,86,61.92,90.24,72,25.0,80,4.2,1758.0,Reported,Midscale,3,IDR,0.0,0.0
TXN10787,1758,CHN02,Sydney,Australia,Asia Pacific,2024,Q2,37361324,1333,1026.41,1408.69,77,20.0,400,4.8,1343.0,Reported,Luxury,5,AUD,-33.8688,151.2093
TXN10788,1759,CHN08,Istanbul,Turkey,Europe/Middle East,2019,Q2,5920096,214,162.64,186.37,76,19.8,400,4.7,12168.0,Reported,Upscale,4,TRY,41.0082,28.9784
TXN10789,1760,CHN03,New Orleans,USA,Americas,2021,Q2,5604008,345,175.95,245.98,51,42.4,350,4.7,12313.0,Reported,Luxury,5,USD,29.9511,-90.0715
TXN10790,1343,CHN07,Little India,Singapore,Asia Pacific,2020,Q3,234931,112,42.56,57.77,38,42.7,60,4.4,6045.0,Reported,Upscale,4,SGD,1.3066,103.8518
TXN10791,1761,CHN12,Corfu,Greece,Europe,2020,Q1,358560,166,49.8,68.14,30,25.9,80,4.5,12646.0,Reported,Upscale,4,EUR,39.6243,19.9217
TXN10792,1762,CHN10,Woodlands,Singapore,Asia Pacific,2022,Q3,5335190,662,483.26,699.41,73,18.4,120,4.7,7377.0,Reported,Luxury,5,SGD,1.437,103.7862
TXN10793,1763,CHN02,Seville,Spain,Europe,2019,Q1,10798524,814,545.38,802.44,67,29.3,220,4.7,4040.0,Reported,Luxury,5,EUR,37.3891,-5.9845
TXN10794,1764,CHN07,Dammam,Saudi Arabia,Middle East,2025,Q1,1076940,193,119.66,152.99,62,19.6,100,4.3,10769.0,Estimated,Upscale,4,SAR,26.4207,50.0888
TXN10795,1765,CHN01,Woodlands,Singapore,Asia Pacific,2024,Q1,5322240,384,268.8,375.93,70,41.7,220,4.6,4797.0,Reported,Upper-Upscale,5,SGD,1.437,103.7862
TXN10796,1766,CHN12,Florianopolis,Brazil,Americas,2025,Q1,2329992,138,92.46,135.78,67,14.2,280,4.2,3681.0,Estimated,Midscale,3,BRL,-27.5954,-48.548
TXN10797,1767,CHN04,Rhodes,Greece,Europe,2025,Q1,5571720,335,221.1,300.99,66,31.9,280,4.5,14656.0,Estimated,Upscale,4,EUR,36.4349,28.2176
TXN10798,1768,CHN01,Sapa,Vietnam,Asia Pacific,2021,Q2,947783,277,130.19,176.54,47,37.8,80,4.8,7163.0,Reported,Upper-Upscale,5,VND,0.0,0.0
TXN10799,1769,CHN02,San Francisco,USA,Americas,2023,Q2,10379187,1102,760.38,1064.71,69,30.5,150,4.7,3973.0,Reported,Luxury,5,USD,37.7749,-122.4194
TXN10800,1770,CHN12,Manaus,Brazil,Americas,2022,Q1,2922624,688,405.92,508.41,59,27.9,80,5.0,,Reported,Luxury,5,BRL,-3.119,-60.0217
TXN10801,1771,CHN04,San Sebastian,Spain,Europe,2022,Q4,1358196,259,147.63,216.25,57,30.8,100,4.6,12734.0,Reported,Upscale,4,EUR,43.3183,-1.9812
TXN10802,1772,CHN07,Daegu,South Korea,Asia Pacific,2024,Q2,346237,58,47.56,60.59,82,13.4,80,4.0,300.0,Reported,Economy,2,KRW,35.8714,128.6014
TXN10803,1773,CHN09,Little India,Singapore,Asia Pacific,2020,Q1,712206,109,35.97,45.05,33,35.3,220,4.5,12905.0,Reported,Upscale,4,SGD,1.3066,103.8518
TXN10804,1774,CHN07,Lyon,France,Europe,2024,Q3,2378678,171,143.64,194.15,84,41.1,180,4.4,10195.0,Reported,Upscale,4,EUR,45.764,4.8357
TXN10805,1775,CHN09,Bristol,UK,Europe,2022,Q4,924048,135,83.7,117.05,62,29.1,120,4.6,12510.0,Reported,Upscale,4,GBP,51.4545,-2.5879
TXN10806,1776,CHN12,Medina,Saudi Arabia,Middle East,2020,Q2,742560,160,54.4,66.8,34,32.3,150,4.7,14052.0,Reported,Upscale,4,SAR,24.5247,39.5692
TXN10807,1777,CHN02,Deira,UAE,Middle East,2019,Q4,2450604,683,443.95,519.47,65,34.4,60,4.9,3531.0,Reported,Luxury,5,AED,25.2697,55.3095
TXN10808,1516,CHN03,Verona,Italy,Europe,2019,Q4,13294368,1115,802.8,1096.93,72,40.2,180,4.8,12165.0,Reported,Luxury,5,EUR,45.4384,10.9916
TXN10809,1778,CHN08,Natal,Brazil,Americas,2022,Q3,1610957,342,218.88,289.87,64,32.9,80,4.7,1278.0,Reported,Luxury,5,BRL,-5.7945,-35.211
TXN10810,1779,CHN06,Bur Dubai,UAE,Middle East,2022,Q1,822528,136,76.16,100.84,56,26.5,120,4.6,1559.0,Reported,Upscale,4,AED,25.2535,55.296
TXN10811,1780,CHN11,San Francisco,USA,Americas,2025,Q4,3240608,185,125.8,182.06,68,24.7,280,4.3,,Estimated,Midscale,3,USD,37.7749,-122.4194
TXN10812,1781,CHN11,Tulum,Mexico,Americas,2021,Q4,462024,62,27.9,32.16,45,17.5,180,4.2,4635.0,Reported,Midscale,3,MXN,20.2114,-87.4654
TXN10813,1782,CHN01,JBR,UAE,Middle East,2022,Q1,294516,101,54.54,74.75,54,41.7,60,4.7,11156.0,Reported,Upscale,4,AED,25.0777,55.1308
TXN10814,1783,CHN06,Labuan Bajo,Indonesia,Asia Pacific,2024,Q2,376085,63,51.66,75.44,82,26.2,80,3.9,4250.0,Reported,Economy,2,IDR,0.0,0.0
TXN10815,1784,CHN01,Algarve,Portugal,Europe,2025,Q2,6719076,293,210.96,256.94,72,18.9,350,4.5,12238.0,Estimated,Upper-Upscale,4,EUR,37.0194,-8.1383
TXN10816,1785,CHN12,Agra,India,Asia Pacific,2023,Q3,9966544,371,270.83,352.03,73,18.3,400,4.5,2355.0,Reported,Upscale,4,INR,27.1767,78.0081
TXN10817,1786,CHN01,Krabi,Thailand,Asia Pacific,2023,Q1,3701700,457,274.2,400.59,60,20.3,150,4.7,11371.0,Reported,Luxury,5,THB,8.0863,98.9063
TXN10818,1787,CHN01,Johor Bahru,Malaysia,Asia Pacific,2021,Q3,1495920,271,135.5,163.16,50,34.5,120,4.9,6190.0,Reported,Upper-Upscale,5,MYR,1.4927,103.7414
TXN10819,1788,CHN05,Honolulu,USA,Americas,2025,Q2,1069723,248,195.92,264.08,79,32.5,60,4.6,3686.0,Estimated,Upscale,4,USD,21.3069,-157.8583
TXN10820,1789,CHN10,Komodo,Indonesia,Asia Pacific,2024,Q4,16692480,630,453.6,581.82,72,26.7,400,4.8,13623.0,Reported,Luxury,5,IDR,0.0,0.0
TXN10821,1790,CHN02,Washington DC,USA,Americas,2019,Q3,19631181,866,762.08,906.66,88,24.1,280,4.7,12144.0,Reported,Luxury,5,USD,38.9072,-77.0369
TXN10822,1791,CHN09,Amsterdam,Netherlands,Europe,2023,Q1,2194560,254,162.56,196.06,64,39.9,150,4.6,7169.0,Reported,Upper-Upscale,4,EUR,52.3676,4.9041
TXN10823,1792,CHN12,Hue,Vietnam,Asia Pacific,2019,Q4,5877144,351,228.15,258.46,65,18.6,280,4.6,,Reported,Upscale,4,VND,16.4637,107.5909
TXN10824,1793,CHN04,Agadir,Morocco,Africa,2025,Q2,323669,76,59.28,84.09,78,8.4,60,3.9,379.0,Estimated,Economy,2,MAD,30.4278,-9.5981
TXN10825,1794,CHN03,Hoi An,Vietnam,Asia Pacific,2022,Q3,4044320,157,109.9,131.23,70,41.4,400,4.4,6198.0,Reported,Upper-Upscale,4,VND,15.8801,108.338
TXN10826,1795,CHN10,Corfu,Greece,Europe,2023,Q3,14617512,582,453.96,539.96,78,42.3,350,4.8,11736.0,Reported,Luxury,5,EUR,39.6243,19.9217
TXN10827,1796,CHN04,Berlin,Germany,Europe,2019,Q3,5627530,331,278.04,334.41,84,43.2,220,4.4,13219.0,Reported,Upscale,4,EUR,52.52,13.405
TXN10828,1797,CHN02,Busan,South Korea,Asia Pacific,2025,Q1,9196200,393,255.45,370.04,65,20.5,400,4.8,1800.0,Estimated,Upper-Upscale,5,KRW,35.1796,129.0756
TXN10829,1798,CHN01,Dresden,Germany,Europe,2025,Q4,2273357,312,205.92,236.53,66,29.7,120,5.0,14988.0,Estimated,Upper-Upscale,5,EUR,51.0509,13.7383
TXN10830,1799,CHN08,Rotterdam,Netherlands,Europe,2020,Q3,3379712,328,131.2,152.83,40,24.3,280,4.9,8371.0,Reported,Luxury,5,EUR,51.9244,4.4777
TXN10831,1800,CHN12,Jeddah,Saudi Arabia,Middle East,2019,Q4,7152080,299,194.35,263.58,65,24.9,400,4.4,12190.0,Reported,Upscale,4,SAR,21.5433,39.1728
TXN10832,1009,CHN07,Deira,UAE,Middle East,2021,Q1,808704,128,49.92,66.83,39,40.6,180,4.6,4809.0,Reported,Upscale,4,AED,25.2697,55.3095
TXN10833,1801,CHN08,Rome,Italy,Europe,2020,Q1,1396116,417,129.27,149.61,31,32.7,120,4.8,1525.0,Reported,Luxury,5,EUR,41.9028,12.4964
TXN10834,1802,CHN08,Bodrum,Turkey,Europe/Middle East,2022,Q4,3083472,168,95.76,110.61,57,27.8,350,4.6,5764.0,Reported,Upscale,4,TRY,37.0344,27.4305
TXN10835,1803,CHN08,York,UK,Europe,2022,Q1,6552000,350,182.0,229.86,52,21.1,400,4.7,11452.0,Reported,Luxury,5,GBP,53.96,-1.0873
TXN10836,1804,CHN10,Hanoi,Vietnam,Asia Pacific,2019,Q1,1421550,162,105.3,125.55,65,34.7,150,4.4,2161.0,Reported,Upscale,4,VND,21.0285,105.8542
TXN10837,1805,CHN05,Varanasi,India,Asia Pacific,2019,Q2,4848480,480,355.2,523.26,74,26.0,150,5.0,10631.0,Reported,Luxury,5,INR,25.3176,82.9739
TXN10838,1806,CHN04,Adelaide,Australia,Asia Pacific,2021,Q3,6819574,777,411.81,565.97,53,33.4,180,5.0,4648.0,Reported,Luxury,5,AUD,-34.9285,138.6007
TXN10839,1807,CHN07,Abu Dhabi,UAE,Middle East,2025,Q3,610880,100,83.0,117.88,83,13.8,80,4.1,1513.0,Estimated,Midscale,3,AED,24.4539,54.3773
TXN10840,1808,CHN06,Ha Long Bay,Vietnam,Asia Pacific,2021,Q2,222768,48,24.48,35.21,51,22.2,100,3.8,4274.0,Reported,Economy,2,VND,20.9101,107.1839
TXN10841,1809,CHN06,Marseille,France,Europe,2022,Q4,912456,95,55.1,67.31,58,26.3,180,4.1,1990.0,Reported,Midscale,3,EUR,43.2965,5.3698
TXN10842,1810,CHN06,Orchard Road,Singapore,Asia Pacific,2023,Q4,664461,148,90.28,106.09,61,13.6,80,4.2,1442.0,Reported,Midscale,3,SGD,1.3048,103.8318
TXN10843,1253,CHN04,Crete,Greece,Europe,2023,Q3,924048,124,100.44,112.6,81,26.6,100,4.3,3885.0,Reported,Midscale,3,EUR,35.2401,24.8093
TXN10844,1811,CHN03,Thessaloniki,Greece,Europe,2020,Q1,1219050,129,38.7,48.19,30,23.8,350,4.6,6636.0,Reported,Upper-Upscale,4,EUR,40.6401,22.9444
TXN10845,1812,CHN11,Essaouira,Morocco,Africa,2020,Q1,825840,74,22.94,27.96,31,14.8,400,4.1,,Reported,Midscale,3,MAD,31.5125,-9.77
TXN10846,1813,CHN04,Eindhoven,Netherlands,Europe,2021,Q2,609472,95,44.65,52.94,47,12.5,150,4.2,4020.0,Reported,Midscale,3,EUR,51.4416,5.4697
TXN10847,1814,CHN07,Makassar,Indonesia,Asia Pacific,2020,Q3,106205,39,14.43,17.45,37,14.4,80,4.0,4640.0,Reported,Economy,2,IDR,0.0,0.0
TXN10848,1815,CHN01,Essaouira,Morocco,Africa,2021,Q4,3974400,240,108.0,137.18,45,25.3,400,4.8,12308.0,Reported,Upper-Upscale,5,MAD,31.5125,-9.77
TXN10849,1816,CHN12,Bur Dubai,UAE,Middle East,2025,Q1,1216215,143,90.09,103.79,63,15.6,150,4.3,3717.0,Estimated,Midscale,3,AED,25.2535,55.296
TXN10850,1817,CHN06,Da Nang,Vietnam,Asia Pacific,2022,Q2,996996,83,49.8,63.56,60,11.4,220,4.2,2285.0,Reported,Midscale,3,VND,16.0544,108.2022
TXN10851,1818,CHN02,Okinawa,Japan,Asia Pacific,2020,Q1,294030,66,21.78,30.54,33,9.1,150,4.3,4327.0,Reported,Midscale,3,JPY,26.2124,127.6809
TXN10852,1819,CHN09,Turin,Italy,Europe,2021,Q3,2538648,146,78.84,95.86,54,41.5,350,4.4,9414.0,Reported,Upper-Upscale,4,EUR,45.0703,7.6869
TXN10853,1820,CHN08,Changi,Singapore,Asia Pacific,2023,Q1,2321280,403,257.92,335.39,64,22.2,100,4.8,7595.0,Reported,Luxury,5,SGD,1.3644,103.9915
TXN10854,1821,CHN12,Agadir,Morocco,Africa,2023,Q1,2482272,338,229.84,336.3,68,29.5,120,4.4,3267.0,Reported,Upscale,4,MAD,30.4278,-9.5981
TXN10855,1822,CHN10,Jeju Island,South Korea,Asia Pacific,2019,Q1,3534300,385,261.8,364.42,68,30.5,150,4.7,4024.0,Reported,Luxury,5,KRW,33.4996,126.5312
TXN10856,1823,CHN05,Pamukkale,Turkey,Europe/Middle East,2019,Q4,2342320,380,254.6,355.23,67,31.6,100,4.7,,Reported,Upper-Upscale,5,TRY,37.9214,29.1189
TXN10857,1824,CHN09,Florianopolis,Brazil,Americas,2024,Q1,3118176,401,288.72,363.78,72,23.8,120,5.0,9832.0,Reported,Luxury,5,BRL,-27.5954,-48.548
TXN10858,1825,CHN10,Agadir,Morocco,Africa,2019,Q4,2486079,173,122.83,141.32,71,40.0,220,4.6,4508.0,Reported,Upscale,4,MAD,30.4278,-9.5981
TXN10859,1826,CHN12,Guilin,China,Asia Pacific,2021,Q2,453362,94,49.82,59.41,53,14.7,100,4.3,,Reported,Midscale,3,CNY,25.2736,110.2907
TXN10860,1827,CHN04,Goa,India,Asia Pacific,2023,Q2,12076501,697,473.96,554.29,68,30.2,280,4.8,14163.0,Reported,Luxury,5,INR,15.2993,74.124
TXN10861,1828,CHN05,Lyon,France,Europe,2024,Q1,4396680,708,488.52,651.88,69,25.1,100,4.9,3413.0,Reported,Luxury,5,EUR,45.764,4.8357
TXN10862,1829,CHN12,Manchester,UK,Europe,2022,Q4,975384,186,106.02,132.24,57,23.5,100,4.5,1965.0,Reported,Upscale,4,GBP,53.4808,-2.2426
TXN10863,1830,CHN05,Shanghai,China,Asia Pacific,2020,Q4,1437850,222,71.04,83.3,32,42.2,220,4.4,5192.0,Reported,Upscale,4,CNY,31.2304,121.4737
TXN10864,1139,CHN04,Chiang Mai,Thailand,Asia Pacific,2022,Q4,3597660,474,260.7,341.13,55,32.1,150,4.9,4716.0,Reported,Luxury,5,THB,18.7883,98.9853
TXN10865,1831,CHN01,Darwin,Australia,Asia Pacific,2019,Q4,1981128,291,215.34,283.78,74,40.1,100,4.8,9487.0,Reported,Upper-Upscale,5,AUD,-12.4634,130.8456
TXN10866,1832,CHN07,Bandung,Indonesia,Asia Pacific,2022,Q4,263801,81,47.79,60.57,59,9.1,60,4.1,4528.0,Reported,Midscale,3,IDR,-6.9175,107.6191
TXN10867,1833,CHN10,Lisbon,Portugal,Europe,2020,Q2,7164976,532,196.84,223.95,37,21.4,400,4.8,13365.0,Reported,Luxury,5,EUR,38.7223,-9.1393
TXN10868,1834,CHN09,Chicago,USA,Americas,2020,Q3,3031179,287,117.67,151.36,41,20.3,280,4.9,8280.0,Reported,Luxury,5,USD,41.8781,-87.6298
TXN10869,1835,CHN05,Jeju Island,South Korea,Asia Pacific,2021,Q4,5355706,563,264.61,340.49,47,29.7,220,4.8,13282.0,Reported,Luxury,5,KRW,33.4996,126.5312
TXN10870,1836,CHN09,Genting,Malaysia,Asia Pacific,2025,Q4,1054872,182,114.66,145.06,63,40.2,100,4.6,13565.0,Estimated,Upper-Upscale,4,MYR,0.0,0.0
TXN10871,1837,CHN09,Lisbon,Portugal,Europe,2022,Q4,1367856,210,123.9,181.43,59,24.5,120,4.5,5003.0,Reported,Upper-Upscale,4,EUR,38.7223,-9.1393
TXN10872,1838,CHN11,Casablanca,Morocco,Africa,2023,Q3,2211496,101,85.85,107.66,85,23.0,280,4.4,4852.0,Reported,Midscale,3,MAD,33.5731,-7.5898
TXN10873,1839,CHN03,Labuan Bajo,Indonesia,Asia Pacific,2024,Q2,8042434,1331,1104.73,1514.37,83,23.7,80,4.9,5914.0,Reported,Luxury,5,IDR,0.0,0.0
TXN10874,1840,CHN08,Chinatown,Singapore,Asia Pacific,2025,Q1,3457728,464,320.16,454.33,69,36.6,120,4.7,9663.0,Estimated,Luxury,5,SGD,1.2826,103.8446
TXN10875,1841,CHN07,The Hague,Netherlands,Europe,2021,Q4,483552,73,35.04,44.45,48,24.0,150,4.2,1096.0,Reported,Midscale,3,EUR,52.0705,4.3007
TXN10876,1358,CHN12,Shanghai,China,Asia Pacific,2023,Q2,1290908,333,236.43,346.33,71,24.2,60,4.7,5722.0,Reported,Upscale,4,CNY,31.2304,121.4737
TXN10877,1842,CHN12,Pamukkale,Turkey,Europe/Middle East,2025,Q2,2963306,229,180.91,248.25,79,21.6,180,4.5,8149.0,Estimated,Upscale,4,TRY,37.9214,29.1189
TXN10878,1843,CHN01,Kochi,India,Asia Pacific,2025,Q3,1420848,132,102.96,138.86,78,14.1,150,4.2,4747.0,Estimated,Upscale,3,INR,9.9312,76.2673
TXN10879,1844,CHN08,Bilbao,Spain,Europe,2025,Q2,3427788,430,313.9,401.83,73,37.8,120,4.8,11035.0,Estimated,Luxury,5,EUR,43.263,-2.935
TXN10880,1845,CHN03,Bologna,Italy,Europe,2020,Q2,2547418,432,155.52,195.72,36,33.7,180,4.7,2884.0,Reported,Luxury,5,EUR,44.4949,11.3426
TXN10881,1846,CHN07,Cameron Highlands,Malaysia,Asia Pacific,2025,Q4,364486,93,66.03,74.78,71,27.0,60,4.4,4823.0,Estimated,Midscale,3,MYR,0.0,0.0
TXN10882,1279,CHN12,Gyeongju,South Korea,Asia Pacific,2021,Q1,1735020,238,107.1,137.29,45,25.3,180,4.5,6555.0,Reported,Upscale,4,KRW,35.8562,129.2247
TXN10883,1847,CHN12,Zhangjiajie,China,Asia Pacific,2023,Q4,1652596,253,179.63,203.78,71,39.6,100,4.5,12424.0,Reported,Upscale,4,CNY,29.117,110.4793
TXN10884,1848,CHN08,Delhi,India,Asia Pacific,2019,Q2,788424,190,144.4,206.74,76,33.8,60,4.6,9818.0,Reported,Upscale,4,INR,28.6139,77.209
TXN10885,1849,CHN05,Thessaloniki,Greece,Europe,2021,Q1,1106820,286,122.98,173.98,43,31.6,100,4.9,10485.0,Reported,Upper-Upscale,5,EUR,40.6401,22.9444
TXN10886,1850,CHN11,Cancun,Mexico,Americas,2024,Q4,2652820,395,288.35,390.81,73,31.8,100,4.8,14670.0,Reported,Upper-Upscale,5,MXN,21.1619,-86.8515
TXN10887,1851,CHN07,Ras Al Khaimah,UAE,Middle East,2022,Q4,1430618,163,86.39,104.4,53,22.4,180,4.4,12219.0,Reported,Upscale,4,AED,25.8007,55.9762
TXN10888,1852,CHN12,Manaus,Brazil,Americas,2019,Q1,2825550,130,89.7,114.81,69,24.0,350,4.1,1898.0,Reported,Midscale,3,BRL,-3.119,-60.0217
TXN10889,1853,CHN10,New York,USA,Americas,2023,Q3,15757116,1543,1141.82,1667.73,74,31.7,150,4.9,3212.0,Reported,Luxury,5,USD,40.7128,-74.006
TXN10890,1854,CHN01,Sharjah,UAE,Middle East,2022,Q3,14819728,1046,732.2,887.51,70,26.3,220,4.9,13767.0,Reported,Luxury,5,AED,25.3463,55.4209
TXN10891,1855,CHN11,Clarke Quay,Singapore,Asia Pacific,2019,Q2,4306120,169,135.2,194.2,80,28.7,350,,3269.0,Reported,Upscale,4,SGD,1.2906,103.8467
TXN10892,1856,CHN08,Kota Kinabalu,Malaysia,Asia Pacific,2020,Q4,466330,256,84.48,99.08,33,31.8,60,4.7,4386.0,Reported,Luxury,5,MYR,5.9788,116.0753
TXN10893,1857,CHN05,Nha Trang,Vietnam,Asia Pacific,2019,Q1,3572010,559,396.89,446.72,71,37.3,100,4.7,6021.0,Reported,Luxury,5,VND,12.2388,109.1967
TXN10894,1858,CHN11,Woodlands,Singapore,Asia Pacific,2021,Q1,466560,64,28.8,34.08,45,12.6,180,4.3,3430.0,Reported,Midscale,3,SGD,1.437,103.7862
TXN10895,1859,CHN07,Rhodes,Greece,Europe,2022,Q1,757350,85,46.75,55.72,55,9.9,180,4.2,2781.0,Reported,Midscale,3,EUR,36.4349,28.2176
TXN10896,1860,CHN08,Sentosa,Singapore,Asia Pacific,2021,Q1,1701216,358,157.52,232.51,44,31.9,120,4.8,7423.0,Reported,Luxury,5,SGD,1.2494,103.8303
TXN10897,1861,CHN07,Dubai,UAE,Middle East,2020,Q3,220800,100,40.0,49.81,40,21.8,60,4.1,4924.0,Reported,Midscale,3,AED,25.2048,55.2708
TXN10898,1862,CHN01,Hue,Vietnam,Asia Pacific,2024,Q3,6023130,998,818.36,994.98,82,28.6,80,4.8,1451.0,Reported,Luxury,5,VND,16.4637,107.5909
TXN10899,1863,CHN09,Ankara,Turkey,Europe/Middle East,2024,Q4,3354982,224,165.76,224.56,74,35.0,220,4.5,12836.0,Reported,Upper-Upscale,4,TRY,39.9334,32.8597
TXN10900,1864,CHN09,Koh Samui,Thailand,Asia Pacific,2019,Q2,4393116,149,120.69,169.92,81,42.9,400,4.4,4592.0,Reported,Upscale,4,THB,9.512,100.0136
TXN10901,1865,CHN05,Ankara,Turkey,Europe/Middle East,2025,Q1,4263192,387,263.16,333.1,68,38.5,180,4.7,8530.0,Estimated,Upper-Upscale,5,TRY,39.9334,32.8597
TXN10902,1866,CHN06,The Hague,Netherlands,Europe,2025,Q2,1499261,113,91.53,103.93,81,17.5,180,,591.0,Estimated,Midscale,3,EUR,52.0705,4.3007
TXN10903,1867,CHN08,Bugis,Singapore,Asia Pacific,2019,Q3,887726,187,160.82,199.36,86,42.8,60,4.4,12366.0,Reported,Upscale,4,SGD,1.3006,103.8551
TXN10904,1868,CHN04,Jaipur,India,Asia Pacific,2019,Q2,5719896,485,349.2,508.5,72,18.8,180,4.9,7396.0,Reported,Luxury,5,INR,26.9124,75.7873
TXN10905,1869,CHN01,Frankfurt,Germany,Europe,2020,Q3,4751984,349,129.13,152.68,37,40.3,400,4.7,10487.0,Reported,Luxury,5,EUR,50.1109,8.6821
TXN10906,1870,CHN06,Nara,Japan,Asia Pacific,2022,Q1,286200,60,31.8,46.93,53,23.4,100,4.1,2826.0,Reported,Economy,2,JPY,34.6851,135.8048
TXN10907,1871,CHN10,Orlando,USA,Americas,2022,Q1,5303232,496,267.84,315.2,54,41.3,220,4.9,9619.0,Reported,Luxury,5,USD,28.5383,-81.3792
TXN10908,1872,CHN09,Puebla,Mexico,Americas,2019,Q3,3904572,141,121.26,151.75,86,41.2,350,4.5,10230.0,Reported,Upscale,4,MXN,19.0414,-98.2063
TXN10909,1873,CHN05,Sintra,Portugal,Europe,2022,Q3,5114556,435,308.85,413.58,71,34.8,180,4.9,7393.0,Reported,Luxury,5,EUR,38.7978,-9.3902
TXN10910,1874,CHN04,Bugis,Singapore,Asia Pacific,2021,Q2,987059,131,60.26,69.11,46,24.5,180,4.7,4076.0,Reported,Upscale,4,SGD,1.3006,103.8551
TXN10911,1875,CHN09,Tabuk,Saudi Arabia,Middle East,2021,Q3,414331,139,75.06,106.48,54,22.1,60,4.3,10491.0,Reported,Upper-Upscale,4,SAR,0.0,0.0
TXN10912,1876,CHN06,Jeju Island,South Korea,Asia Pacific,2025,Q1,922320,112,68.32,90.12,61,21.5,150,,704.0,Estimated,Midscale,3,KRW,33.4996,126.5312
TXN10913,1877,CHN06,Sapa,Vietnam,Asia Pacific,2025,Q4,316995,59,43.07,63.19,73,18.4,80,4.1,1179.0,Estimated,Economy,2,VND,0.0,0.0
TXN10914,1878,CHN09,NEOM,Saudi Arabia,Middle East,2020,Q3,1933472,142,52.54,65.99,37,27.8,400,4.5,5157.0,Reported,Upper-Upscale,4,SAR,0.0,0.0
TXN10915,1879,CHN04,Pamukkale,Turkey,Europe/Middle East,2024,Q3,2822266,168,139.44,175.27,83,41.9,220,4.4,6004.0,Reported,Upscale,4,TRY,37.9214,29.1189
TXN10916,1880,CHN10,Dresden,Germany,Europe,2022,Q2,577304,130,79.3,114.43,61,33.5,80,4.7,14775.0,Reported,Upscale,4,EUR,51.0509,13.7383
TXN10917,1881,CHN05,Mumbai,India,Asia Pacific,2021,Q1,2356830,174,74.82,89.13,43,39.8,350,4.6,14092.0,Reported,Upscale,4,INR,19.076,72.8777
TXN10918,1882,CHN07,Haarlem,Netherlands,Europe,2025,Q1,217080,60,40.2,51.98,67,20.5,60,3.8,3648.0,Estimated,Economy,2,EUR,0.0,0.0
TXN10919,1883,CHN04,Makassar,Indonesia,Asia Pacific,2024,Q3,1956150,75,60.75,72.26,81,19.5,350,4.0,1942.0,Reported,Economy,2,IDR,0.0,0.0
TXN10920,1884,CHN10,Coimbra,Portugal,Europe,2023,Q4,764336,155,103.85,124.12,67,40.2,80,4.6,,Reported,Upscale,4,EUR,0.0,0.0
TXN10921,1885,CHN03,Marina Bay,Singapore,Asia Pacific,2024,Q1,11927520,2008,1325.28,1960.15,66,19.6,100,5.0,1336.0,Reported,Luxury,5,SGD,1.2819,103.8636
TXN10922,1070,CHN12,Suzhou,China,Asia Pacific,2019,Q1,2172600,340,241.4,296.93,71,41.9,100,4.6,3952.0,Reported,Upscale,4,CNY,31.2983,120.5832
TXN10923,1886,CHN01,Incheon,South Korea,Asia Pacific,2021,Q3,3190854,818,433.54,576.97,53,26.8,80,4.8,1957.0,Reported,Luxury,5,KRW,37.4563,126.7052
TXN10924,1887,CHN09,Langkawi,Malaysia,Asia Pacific,2022,Q3,2692435,156,104.52,138.03,67,22.0,280,4.4,4537.0,Reported,Upper-Upscale,4,MYR,6.35,99.8
TXN10925,1888,CHN06,Madeira,Portugal,Europe,2022,Q3,1170884,89,57.85,70.48,65,24.4,220,4.3,1171.0,Reported,Midscale,3,EUR,32.6669,-16.9241
TXN10926,1889,CHN01,NEOM,Saudi Arabia,Middle East,2019,Q3,2279834,128,112.64,133.9,88,39.7,220,4.6,9747.0,Reported,Upscale,4,SAR,0.0,0.0
TXN10927,1890,CHN11,Yokohama,Japan,Asia Pacific,2021,Q3,1799851,137,69.87,92.88,51,38.7,280,4.3,14942.0,Reported,Upscale,4,JPY,35.4437,139.638
TXN10928,1891,CHN02,Cairns,Australia,Asia Pacific,2025,Q2,2698114,696,494.16,639.31,71,37.6,60,4.9,13285.0,Estimated,Luxury,5,AUD,-16.9186,145.7781
TXN10929,1892,CHN10,Strasbourg,France,Europe,2023,Q4,4008992,838,544.7,678.18,65,20.5,80,4.9,10755.0,Reported,Luxury,5,EUR,48.5734,7.7521
TXN10930,1893,CHN06,Bristol,UK,Europe,2024,Q4,1020096,168,110.88,158.22,66,34.0,100,4.5,2372.0,Reported,Upscale,4,GBP,51.4545,-2.5879
TXN10931,1894,CHN03,Goa,India,Asia Pacific,2024,Q4,1331700,193,144.75,201.72,75,41.7,100,4.5,1077.0,Reported,Upper-Upscale,4,INR,15.2993,74.124
TXN10932,1895,CHN06,Ouarzazate,Morocco,Africa,2022,Q2,889106,92,54.28,74.56,59,20.4,180,4.3,3831.0,Reported,Midscale,3,MAD,0.0,0.0
TXN10933,1896,CHN05,Turin,Italy,Europe,2023,Q1,2313036,649,428.34,595.55,66,33.7,60,4.9,8809.0,Reported,Luxury,5,EUR,45.0703,7.6869
TXN10934,1897,CHN12,Bath,UK,Europe,2021,Q1,878040,271,121.95,142.8,45,32.8,80,4.5,6545.0,Reported,Upscale,4,GBP,51.3811,-2.359
TXN10935,1898,CHN12,Turin,Italy,Europe,2024,Q4,2456032,376,266.96,321.94,71,18.2,100,4.4,8693.0,Reported,Upscale,4,EUR,45.0703,7.6869
TXN10936,1899,CHN11,Al Ain,UAE,Middle East,2020,Q1,849555,203,62.93,82.27,31,26.6,150,5.0,3790.0,Reported,Upper-Upscale,5,AED,24.2075,55.7447
TXN10937,1900,CHN10,Hiroshima,Japan,Asia Pacific,2021,Q2,587059,112,53.76,68.61,48,21.9,120,4.5,8959.0,Reported,Upscale,4,JPY,34.3853,132.4553
TXN10938,1901,CHN01,Penang,Malaysia,Asia Pacific,2024,Q1,2533680,414,281.52,401.55,68,36.5,100,4.8,2550.0,Reported,Luxury,5,MYR,5.4141,100.3288
TXN10939,1902,CHN12,Venice,Italy,Europe,2019,Q3,32793216,1128,891.12,1254.47,79,42.4,400,4.8,4482.0,Reported,Luxury,5,EUR,45.4408,12.3155
TXN10940,1903,CHN01,Ankara,Turkey,Europe/Middle East,2021,Q3,8939750,723,347.04,449.04,48,37.9,280,4.7,7643.0,Reported,Luxury,5,TRY,39.9334,32.8597
TXN10941,1904,CHN05,Delphi,Greece,Europe,2019,Q3,11745677,744,580.32,802.65,78,30.4,220,4.7,6897.0,Reported,Luxury,5,EUR,0.0,0.0
TXN10942,1905,CHN06,NEOM,Saudi Arabia,Middle East,2021,Q3,653016,39,20.28,27.78,52,17.3,350,3.9,3864.0,Reported,Economy,2,SAR,0.0,0.0
TXN10943,1906,CHN10,Utrecht,Netherlands,Europe,2023,Q2,9469688,925,693.75,953.51,75,41.7,150,4.8,14983.0,Reported,Luxury,5,EUR,52.0907,5.1214
TXN10944,1907,CHN09,Surabaya,Indonesia,Asia Pacific,2025,Q1,3930840,179,109.19,149.18,61,39.7,400,4.4,4246.0,Estimated,Upscale,4,IDR,-7.2575,112.7521
TXN10945,1908,CHN09,Tangier,Morocco,Africa,2024,Q3,11491858,401,356.89,450.69,89,20.5,350,4.9,5082.0,Reported,Luxury,5,MAD,35.7595,-5.833
TXN10946,1909,CHN04,Bologna,Italy,Europe,2022,Q3,13466960,563,365.95,434.47,65,33.6,400,4.7,12089.0,Reported,Luxury,5,EUR,44.4949,11.3426
TXN10947,1910,CHN10,Jakarta,Indonesia,Asia Pacific,2024,Q4,953120,175,129.5,172.58,74,29.3,80,4.5,10270.0,Reported,Upscale,4,IDR,-6.2088,106.8456
TXN10948,1911,CHN08,Los Cabos,Mexico,Americas,2024,Q1,4654260,442,287.3,408.82,65,18.6,180,5.0,11993.0,Reported,Luxury,5,MXN,22.8905,-109.9167
TXN10949,1912,CHN03,Bath,UK,Europe,2024,Q1,11589480,511,367.92,482.58,72,20.1,350,4.6,,Reported,Luxury,5,GBP,51.3811,-2.359
TXN10950,1913,CHN09,Chengdu,China,Asia Pacific,2021,Q1,244080,113,45.2,60.25,40,29.7,60,4.7,7858.0,Reported,Upscale,4,CNY,30.5728,104.0668
TXN10951,1914,CHN09,Medan,Indonesia,Asia Pacific,2022,Q2,2093692,166,104.58,135.24,63,24.8,220,4.4,10116.0,Reported,Upper-Upscale,4,IDR,0.0,0.0
TXN10952,1915,CHN11,Kochi,India,Asia Pacific,2024,Q3,2283072,188,165.44,239.53,88,40.8,150,4.6,14863.0,Reported,Upscale,4,INR,9.9312,76.2673
TXN10953,1916,CHN02,Chengdu,China,Asia Pacific,2021,Q2,208354,72,38.16,43.26,53,22.3,60,4.3,1136.0,Reported,Midscale,3,CNY,30.5728,104.0668
TXN10954,1549,CHN12,Andong,South Korea,Asia Pacific,2023,Q2,1490580,140,109.2,160.84,78,22.3,150,4.1,4900.0,Reported,Midscale,3,KRW,36.5684,128.7294
TXN10955,1917,CHN06,Sharjah,UAE,Middle East,2022,Q3,548467,48,33.12,41.13,69,25.5,180,3.9,3212.0,Reported,Economy,2,AED,25.3463,55.4209
TXN10956,1918,CHN10,Pamukkale,Turkey,Europe/Middle East,2020,Q2,1199234,289,109.82,132.99,38,35.3,120,4.7,4699.0,Reported,Luxury,5,TRY,37.9214,29.1189
TXN10957,1919,CHN04,Incheon,South Korea,Asia Pacific,2022,Q1,914760,66,36.3,45.37,55,14.7,280,3.8,2874.0,Reported,Economy,2,KRW,37.4563,126.7052
TXN10958,1920,CHN11,Ipoh,Malaysia,Asia Pacific,2019,Q4,2107536,83,57.27,66.11,69,13.2,400,4.1,4156.0,Reported,Midscale,3,MYR,4.5975,101.0901
TXN10959,1921,CHN01,Nice,France,Europe,2024,Q3,4415310,395,319.95,362.36,81,34.2,150,4.7,11698.0,Reported,Upper-Upscale,5,EUR,43.7102,7.262
TXN10960,1922,CHN01,Washington DC,USA,Americas,2025,Q4,518162,149,93.87,128.43,63,9.5,60,4.4,1013.0,Estimated,Upscale,3,USD,38.9072,-77.0369
TXN10961,1923,CHN02,Trabzon,Turkey,Europe/Middle East,2024,Q2,23792496,838,653.64,844.43,78,34.4,400,4.6,6953.0,Reported,Luxury,5,TRY,0.0,0.0
TXN10962,1924,CHN05,Paris,France,Europe,2019,Q1,2325024,208,143.52,193.69,69,15.3,180,4.2,1654.0,Reported,Midscale,3,EUR,48.8566,2.3522
TXN10963,1925,CHN07,Phu Quoc,Vietnam,Asia Pacific,2024,Q4,1515571,104,74.88,90.06,72,18.3,220,4.4,3107.0,Reported,Midscale,3,VND,10.2899,103.984
TXN10964,1926,CHN04,Rotterdam,Netherlands,Europe,2019,Q1,5143248,382,259.76,310.67,68,19.5,220,4.7,11221.0,Reported,Upper-Upscale,5,EUR,51.9244,4.4777
TXN10965,1927,CHN07,Nara,Japan,Asia Pacific,2020,Q1,712800,60,19.8,27.42,33,19.9,400,4.3,3492.0,Reported,Midscale,3,JPY,34.6851,135.8048
TXN10966,1013,CHN02,Rome,Italy,Europe,2025,Q4,1027382,141,93.06,121.75,66,27.5,120,4.3,1507.0,Estimated,Midscale,3,EUR,41.9028,12.4964
TXN10967,1928,CHN03,Rome,Italy,Europe,2024,Q3,12894941,618,500.58,734.08,81,21.2,280,4.9,13688.0,Reported,Luxury,5,EUR,41.9028,12.4964
TXN10968,1929,CHN02,Porto,Portugal,Europe,2024,Q4,8234957,1008,745.92,1067.07,74,37.6,120,4.9,4585.0,Reported,Luxury,5,EUR,41.1579,-8.6291
TXN10969,1930,CHN02,Kuching,Malaysia,Asia Pacific,2025,Q2,3692052,161,115.92,140.4,72,20.6,350,4.5,3286.0,Estimated,Upscale,4,MYR,1.5497,110.3626
TXN10970,1931,CHN10,Stuttgart,Germany,Europe,2023,Q3,6223910,464,375.84,444.5,81,41.9,180,4.9,4645.0,Reported,Luxury,5,EUR,48.7758,9.1829
TXN10971,1932,CHN07,Stuttgart,Germany,Europe,2019,Q2,1368458,206,150.38,209.45,73,43.4,100,4.7,5471.0,Reported,Upscale,4,EUR,48.7758,9.1829
TXN10972,1933,CHN03,Algarve,Portugal,Europe,2020,Q3,1736592,121,47.19,68.7,39,43.0,400,4.6,10661.0,Reported,Upper-Upscale,4,EUR,37.0194,-8.1383
TXN10973,1934,CHN07,Casablanca,Morocco,Africa,2023,Q1,3995280,179,110.98,128.61,62,34.5,400,4.4,7567.0,Reported,Upscale,4,MAD,33.5731,-7.5898
TXN10974,1935,CHN07,Natal,Brazil,Americas,2025,Q1,1008000,175,112.0,158.22,64,35.3,100,4.4,1112.0,Estimated,Upscale,4,BRL,-5.7945,-35.211
TXN10975,1936,CHN02,Ho Chi Minh City,Vietnam,Asia Pacific,2019,Q3,1436635,91,70.98,94.84,78,21.3,220,4.4,3065.0,Reported,Midscale,3,VND,10.8231,106.6297
TXN10976,1937,CHN09,Paris,France,Europe,2023,Q1,15069600,644,418.6,469.15,65,34.8,400,4.9,8488.0,Reported,Luxury,5,EUR,48.8566,2.3522
TXN10977,1938,CHN06,Cannes,France,Europe,2019,Q1,2109240,93,58.59,69.1,63,8.8,400,4.1,1660.0,Reported,Midscale,3,EUR,43.5528,7.0174
TXN10978,1939,CHN03,Bath,UK,Europe,2024,Q2,25473630,1333,999.75,1155.5,75,36.4,280,4.7,5920.0,Reported,Luxury,5,GBP,51.3811,-2.359
TXN10979,1940,CHN12,Guangzhou,China,Asia Pacific,2022,Q1,2222235,279,164.61,204.9,59,35.2,150,4.5,,Reported,Upscale,4,CNY,23.1291,113.2644
TXN10980,1941,CHN11,Valencia,Spain,Europe,2021,Q4,1157728,130,57.2,75.73,44,34.5,220,4.4,1790.0,Reported,Upscale,4,EUR,39.4699,-0.3763
TXN10981,1942,CHN08,JBR,UAE,Middle East,2025,Q4,10386432,448,322.56,448.07,72,34.0,350,4.9,3817.0,Estimated,Luxury,5,AED,25.0777,55.1308
TXN10982,1943,CHN08,Puerto Vallarta,Mexico,Americas,2019,Q2,4464096,448,327.04,398.75,73,22.8,150,4.9,14622.0,Reported,Luxury,5,MXN,20.6534,-105.2253
TXN10983,1944,CHN04,Varanasi,India,Asia Pacific,2019,Q3,2178965,459,394.74,544.61,86,40.5,60,4.7,7700.0,Reported,Luxury,5,INR,25.3176,82.9739
TXN10984,1086,CHN09,Bologna,Italy,Europe,2024,Q2,1513512,216,166.32,235.37,77,40.8,100,4.4,13513.0,Reported,Upper-Upscale,4,EUR,44.4949,11.3426
TXN10985,1945,CHN11,Ha Long Bay,Vietnam,Asia Pacific,2021,Q4,881820,213,95.85,137.71,45,42.1,100,4.8,8525.0,Reported,Upper-Upscale,5,VND,20.9101,107.1839
TXN10986,1946,CHN10,Heidelberg,Germany,Europe,2019,Q3,1250096,172,135.88,157.71,79,21.6,100,4.4,6307.0,Reported,Upscale,4,EUR,49.3988,8.6724
TXN10987,1947,CHN01,Coimbra,Portugal,Europe,2019,Q2,2487485,110,78.1,101.74,71,12.2,350,4.2,4701.0,Reported,Upscale,3,EUR,0.0,0.0
TXN10988,1948,CHN07,Cappadocia,Turkey,Europe/Middle East,2024,Q3,2384346,104,92.56,121.56,89,10.5,280,4.1,3054.0,Reported,Midscale,3,TRY,38.6431,34.8289
TXN10989,1949,CHN05,Perth,Australia,Asia Pacific,2025,Q4,10663352,487,331.16,449.26,68,26.1,350,4.8,9094.0,Estimated,Upper-Upscale,5,AUD,-31.9505,115.8605
TXN10990,1950,CHN06,Athens,Greece,Europe,2024,Q3,7683840,232,208.8,241.13,90,37.6,400,4.4,3922.0,Reported,Upscale,4,EUR,37.9838,23.7275
TXN10991,1951,CHN11,Marseille,France,Europe,2022,Q4,344448,104,62.4,91.41,60,23.8,60,4.2,2466.0,Reported,Midscale,3,EUR,43.2965,5.3698
TXN10992,1952,CHN07,Bilbao,Spain,Europe,2020,Q3,539396,65,26.65,36.88,41,25.3,220,4.3,2646.0,Reported,Midscale,3,EUR,43.263,-2.935
TXN10993,1953,CHN01,Hamburg,Germany,Europe,2021,Q3,1383956,307,150.43,206.86,49,29.2,100,4.8,2545.0,Reported,Luxury,5,EUR,53.5511,9.9937
TXN10994,1954,CHN05,Bali,Indonesia,Asia Pacific,2024,Q3,4520880,585,491.4,602.48,84,34.9,100,,10949.0,Reported,Luxury,5,IDR,-8.3405,115.092
TXN10995,1955,CHN09,Edinburgh,UK,Europe,2025,Q4,8334832,319,226.49,302.44,71,43.8,400,5.0,4971.0,Estimated,Luxury,5,GBP,55.9533,-3.1883
TXN10996,1956,CHN02,Osaka,Japan,Asia Pacific,2020,Q4,545302,239,74.09,103.68,31,40.5,80,4.5,10200.0,Reported,Upper-Upscale,4,JPY,34.6937,135.5023
TXN10997,1957,CHN10,Tulum,Mexico,Americas,2022,Q1,3066525,385,227.15,254.88,59,30.0,150,4.7,2193.0,Reported,Luxury,5,MXN,20.2114,-87.4654
TXN10998,1958,CHN06,Sokcho,South Korea,Asia Pacific,2022,Q4,660330,87,47.85,58.64,55,17.4,150,4.3,895.0,Reported,Midscale,3,KRW,38.207,128.5918
TXN10999,1959,CHN11,London,UK,Europe,2023,Q2,1151514,171,126.54,185.77,74,9.8,100,4.4,4054.0,Reported,Midscale,3,GBP,51.5074,-0.1278
TXN11000,1960,CHN12,Krabi,Thailand,Asia Pacific,2020,Q2,1300208,94,35.72,47.5,38,10.9,400,4.2,1912.0,Reported,Midscale,3,THB,8.0863,98.9063
TXN11001,1961,CHN01,Zakynthos,Greece,Europe,2025,Q2,6790875,995,746.25,1070.24,75,26.1,100,5.0,7054.0,Estimated,Luxury,5,EUR,37.7902,20.9051
TXN11002,1962,CHN12,Tokyo,Japan,Asia Pacific,2025,Q2,7123953,383,279.59,399.29,73,29.9,280,4.4,14981.0,Estimated,Upscale,4,JPY,35.6762,139.6503
TXN11003,1963,CHN01,Toledo,Spain,Europe,2022,Q1,1030320,270,143.1,166.59,53,25.9,80,4.7,11058.0,Reported,Upper-Upscale,5,EUR,39.8628,-4.0273
TXN11004,1964,CHN12,Natal,Brazil,Americas,2022,Q3,4436755,591,401.88,489.67,68,28.1,120,4.7,10594.0,Reported,Luxury,5,BRL,-5.7945,-35.211
TXN11005,1965,CHN01,Hong Kong,China,Asia Pacific,2020,Q2,1682317,139,52.82,67.28,38,30.0,350,4.6,14751.0,Reported,Upscale,4,CNY,22.3193,114.1694
TXN11006,1966,CHN09,Xian,China,Asia Pacific,2020,Q3,1632558,218,80.66,100.61,37,30.1,220,4.6,9890.0,Reported,Luxury,5,CNY,34.3416,108.9398
TXN11007,1967,CHN10,Granada,Spain,Europe,2023,Q1,14840280,906,588.9,837.67,65,25.2,280,4.8,2756.0,Reported,Luxury,5,EUR,37.1773,-3.5986
TXN11008,1968,CHN02,Pamukkale,Turkey,Europe/Middle East,2022,Q3,386253,82,52.48,59.11,64,27.1,80,4.1,1100.0,Reported,Midscale,3,TRY,37.9214,29.1189
TXN11009,1969,CHN07,Mykonos,Greece,Europe,2022,Q3,2981904,111,81.03,114.47,73,12.8,400,4.1,4655.0,Reported,Midscale,3,EUR,37.4467,25.3289
TXN11010,1970,CHN11,Perth,Australia,Asia Pacific,2021,Q4,654948,113,47.46,62.1,42,18.0,150,4.4,3711.0,Reported,Midscale,3,AUD,-31.9505,115.8605
TXN11011,1971,CHN07,Agadir,Morocco,Africa,2025,Q3,1384858,64,53.76,68.32,84,14.7,280,4.0,1118.0,Estimated,Economy,2,MAD,30.4278,-9.5981
TXN11012,1972,CHN05,Delft,Netherlands,Europe,2025,Q2,12284864,559,385.71,493.74,69,42.5,350,4.8,4519.0,Estimated,Luxury,5,EUR,0.0,0.0
TXN11013,1973,CHN03,Marrakech,Morocco,Africa,2023,Q4,29879990,1385,927.95,1270.29,67,19.2,350,5.0,6133.0,Reported,Luxury,5,MAD,31.6295,-7.9811
TXN11014,1116,CHN12,Perth,Australia,Asia Pacific,2022,Q3,5134336,218,139.52,183.26,64,21.7,400,4.4,12368.0,Reported,Upscale,4,AUD,-31.9505,115.8605
TXN11015,1974,CHN12,Bodrum,Turkey,Europe/Middle East,2019,Q3,6393816,715,579.15,665.23,81,23.2,120,4.7,4012.0,Reported,Luxury,5,TRY,37.0344,27.4305
TXN11016,1975,CHN01,Abha,Saudi Arabia,Middle East,2022,Q1,9481536,992,585.28,844.87,59,32.8,180,4.9,11779.0,Reported,Luxury,5,SAR,18.2164,42.5053
TXN11017,1976,CHN01,Verona,Italy,Europe,2022,Q1,8381880,995,517.4,625.26,52,26.3,180,5.0,13259.0,Reported,Luxury,5,EUR,45.4384,10.9916
TXN11018,1977,CHN08,Oaxaca,Mexico,Americas,2020,Q3,2895424,281,112.4,129.42,40,34.1,280,4.8,,Reported,Luxury,5,MXN,17.0732,-96.7266
TXN11019,1978,CHN10,Chicago,USA,Americas,2020,Q2,2743432,679,251.23,330.46,37,22.5,120,4.7,5533.0,Reported,Luxury,5,USD,41.8781,-87.6298
TXN11020,1979,CHN02,Fez,Morocco,Africa,2019,Q4,1927492,82,59.86,87.33,73,24.0,350,4.2,1095.0,Reported,Midscale,3,MAD,34.0181,-5.0078
TXN11021,1980,CHN10,Barcelona,Spain,Europe,2019,Q4,3503618,203,136.01,184.65,67,41.2,280,4.5,7045.0,Reported,Upscale,4,EUR,41.3851,2.1734
TXN11022,1981,CHN05,Pamukkale,Turkey,Europe/Middle East,2019,Q1,10664640,529,338.56,455.74,64,40.9,350,4.6,3423.0,Reported,Luxury,5,TRY,37.9214,29.1189
TXN11023,1174,CHN12,Incheon,South Korea,Asia Pacific,2019,Q1,1285200,136,95.2,128.91,70,27.3,150,4.2,4050.0,Reported,Midscale,3,KRW,37.4563,126.7052
TXN11024,1982,CHN04,Essaouira,Morocco,Africa,2020,Q3,1298304,112,40.32,52.52,36,18.8,350,4.6,12505.0,Reported,Upscale,4,MAD,31.5125,-9.77
TXN11025,1983,CHN01,Pamukkale,Turkey,Europe/Middle East,2023,Q1,3354696,334,207.08,268.14,62,41.7,180,4.9,10602.0,Reported,Upper-Upscale,5,TRY,37.9214,29.1189
TXN11026,1984,CHN10,Rhodes,Greece,Europe,2023,Q2,7960680,675,486.0,644.61,72,35.8,180,4.8,6218.0,Reported,Luxury,5,EUR,36.4349,28.2176
TXN11027,1985,CHN04,San Sebastian,Spain,Europe,2021,Q2,4414410,539,269.5,337.54,50,37.8,180,4.8,13989.0,Reported,Luxury,5,EUR,43.3183,-1.9812
TXN11028,1986,CHN11,Jeddah,Saudi Arabia,Middle East,2022,Q4,2287120,113,62.15,77.54,55,19.1,400,4.2,2117.0,Reported,Midscale,3,SAR,21.5433,39.1728
TXN11029,1987,CHN02,Bugis,Singapore,Asia Pacific,2021,Q1,931392,294,129.36,187.78,44,39.2,80,4.8,1354.0,Reported,Upper-Upscale,5,SGD,1.3006,103.8551
TXN11030,1988,CHN09,Varanasi,India,Asia Pacific,2024,Q1,1009800,170,112.2,134.48,66,29.3,100,4.4,13136.0,Reported,Upscale,4,INR,25.3176,82.9739
TXN11031,1989,CHN10,Al Ain,UAE,Middle East,2019,Q4,455676,127,82.55,92.94,65,37.3,60,4.4,10202.0,Reported,Upscale,4,AED,24.2075,55.7447
TXN11032,1990,CHN05,Granada,Spain,Europe,2020,Q1,239598,153,44.37,58.84,29,41.1,60,4.6,3135.0,Reported,Upscale,4,EUR,37.1773,-3.5986
TXN11033,1991,CHN07,Adelaide,Australia,Asia Pacific,2021,Q3,450432,68,32.64,43.18,48,10.8,150,4.1,1165.0,Reported,Midscale,3,AUD,-34.9285,138.6007
TXN11034,1878,CHN09,NEOM,Saudi Arabia,Middle East,2022,Q4,835912,154,90.86,111.43,59,23.7,100,4.6,10854.0,Reported,Upper-Upscale,4,SAR,0.0,0.0
TXN11035,1360,CHN06,Groningen,Netherlands,Europe,2020,Q4,722568,66,22.44,29.4,34,19.0,350,4.1,4767.0,Reported,Midscale,3,EUR,0.0,0.0
TXN11036,1992,CHN03,Phuket,Thailand,Asia Pacific,2024,Q2,3651648,240,182.4,260.48,76,29.8,220,4.5,8741.0,Reported,Upscale,4,THB,7.8804,98.3923
TXN11037,1993,CHN06,Turin,Italy,Europe,2024,Q4,1360128,64,42.24,56.97,66,26.6,350,4.0,744.0,Reported,Economy,2,EUR,45.0703,7.6869
TXN11038,1994,CHN04,JBR,UAE,Middle East,2021,Q2,6383058,409,200.41,288.9,49,36.6,350,5.0,9812.0,Reported,Luxury,5,AED,25.0777,55.1308
TXN11039,1995,CHN08,Bodrum,Turkey,Europe/Middle East,2025,Q3,3745872,522,407.16,520.6,78,22.4,100,4.9,9777.0,Estimated,Luxury,5,TRY,37.0344,27.4305
TXN11040,1996,CHN06,Sokcho,South Korea,Asia Pacific,2022,Q2,1287468,131,78.6,94.77,60,40.4,180,4.5,13943.0,Reported,Upscale,4,KRW,38.207,128.5918
TXN11041,1997,CHN11,Granada,Spain,Europe,2025,Q4,606464,103,65.92,89.48,64,14.4,100,4.3,210.0,Estimated,Midscale,3,EUR,37.1773,-3.5986
TXN11042,1998,CHN05,Hue,Vietnam,Asia Pacific,2020,Q3,2732731,446,165.02,213.66,37,33.6,180,4.7,3430.0,Reported,Luxury,5,VND,16.4637,107.5909
TXN11043,1999,CHN02,Guilin,China,Asia Pacific,2019,Q3,3679025,803,666.49,807.4,83,41.4,60,4.6,,Reported,Luxury,5,CNY,25.2736,110.2907
TXN11044,2000,CHN05,Agra,India,Asia Pacific,2025,Q2,2648646,252,194.04,279.44,77,22.1,150,4.6,8822.0,Estimated,Upscale,4,INR,27.1767,78.0081
TXN11045,2001,CHN09,Leipzig,Germany,Europe,2024,Q4,1104000,160,120.0,141.18,75,27.4,100,4.5,5477.0,Reported,Upscale,4,EUR,51.3397,12.3731
TXN11046,2002,CHN07,Manchester,UK,Europe,2021,Q4,609408,144,66.24,88.93,46,42.3,100,4.7,6887.0,Reported,Upscale,4,GBP,53.4808,-2.2426
TXN11047,2003,CHN08,Fujairah,UAE,Middle East,2022,Q1,918540,315,170.1,238.49,54,42.5,60,4.7,6169.0,Reported,Luxury,5,AED,25.1288,56.3264
TXN11048,2004,CHN04,Turin,Italy,Europe,2019,Q3,4898448,153,133.11,188.46,87,28.6,400,4.5,14641.0,Reported,Upscale,4,EUR,45.0703,7.6869
TXN11049,2005,CHN08,Ho Chi Minh City,Vietnam,Asia Pacific,2019,Q2,2491398,195,152.1,183.31,78,29.1,180,4.4,6339.0,Reported,Upscale,4,VND,10.8231,106.6297
TXN11050,2006,CHN10,Chefchaouen,Morocco,Africa,2023,Q2,17723888,658,486.92,553.48,74,33.8,400,4.7,,Reported,Luxury,5,MAD,35.1688,-5.2636
TXN11051,2007,CHN07,Cologne,Germany,Europe,2020,Q2,951842,149,58.11,76.72,39,36.0,180,4.5,9621.0,Reported,Upscale,4,EUR,50.9333,6.95
TXN11052,2008,CHN07,Verona,Italy,Europe,2023,Q2,1568549,189,143.64,205.32,76,21.9,120,4.6,1479.0,Reported,Upscale,4,EUR,45.4384,10.9916
TXN11053,2009,CHN10,Honolulu,USA,Americas,2022,Q3,4570560,480,331.2,401.11,69,39.3,150,,,Reported,Luxury,5,USD,21.3069,-157.8583
TXN11054,2010,CHN05,Koh Samui,Thailand,Asia Pacific,2025,Q4,8529743,629,421.43,526.98,67,31.4,220,4.8,2731.0,Estimated,Luxury,5,THB,9.512,100.0136
TXN11055,2011,CHN09,Izmir,Turkey,Europe/Middle East,2020,Q2,1555554,210,77.7,93.32,37,40.7,220,4.8,4316.0,Reported,Luxury,5,TRY,38.4192,27.1287
TXN11056,2012,CHN08,Yogyakarta,Indonesia,Asia Pacific,2024,Q1,3104640,245,156.8,188.45,64,39.0,220,4.5,2351.0,Reported,Upscale,4,IDR,-7.7971,110.3688
TXN11057,2013,CHN04,Hong Kong,China,Asia Pacific,2019,Q2,5975378,257,187.61,262.45,73,22.7,350,4.4,1080.0,Reported,Upscale,4,CNY,22.3193,114.1694
TXN11058,2014,CHN11,Ho Chi Minh City,Vietnam,Asia Pacific,2024,Q4,1812216,105,70.35,83.36,67,16.4,280,4.3,4357.0,Reported,Midscale,3,VND,10.8231,106.6297
TXN11059,2015,CHN03,Bologna,Italy,Europe,2020,Q1,367200,80,27.2,39.52,34,16.9,150,4.3,4780.0,Reported,Midscale,3,EUR,44.4949,11.3426
TXN11060,2016,CHN01,Haarlem,Netherlands,Europe,2021,Q4,284832,90,38.7,51.62,43,35.0,80,4.3,1167.0,Reported,Upscale,4,EUR,0.0,0.0
TXN11061,2017,CHN12,Leipzig,Germany,Europe,2019,Q3,3702816,344,268.32,336.28,78,31.1,150,4.4,5287.0,Reported,Upscale,4,EUR,51.3397,12.3731
TXN11062,2018,CHN11,Washington DC,USA,Americas,2025,Q4,3451840,134,93.8,136.46,70,22.8,400,4.1,2036.0,Estimated,Midscale,3,USD,38.9072,-77.0369
TXN11063,2019,CHN10,Genting,Malaysia,Asia Pacific,2025,Q1,13735800,587,381.55,465.66,65,26.8,400,4.9,1105.0,Estimated,Luxury,5,MYR,0.0,0.0
TXN11064,2020,CHN02,Cannes,France,Europe,2025,Q4,13686546,793,531.31,663.77,67,21.9,280,5.0,1492.0,Estimated,Luxury,5,EUR,43.5528,7.0174
TXN11065,2021,CHN02,Darwin,Australia,Asia Pacific,2024,Q2,7079072,442,353.6,447.83,80,34.8,220,4.9,5735.0,Reported,Upper-Upscale,5,AUD,-12.4634,130.8456
TXN11066,2022,CHN04,Suzhou,China,Asia Pacific,2023,Q3,14135616,1067,853.6,1188.43,80,27.2,180,4.7,1198.0,Reported,Luxury,5,CNY,31.2983,120.5832
TXN11067,2023,CHN08,Los Cabos,Mexico,Americas,2023,Q1,6845256,516,345.72,437.43,67,40.5,220,4.9,14422.0,Reported,Luxury,5,MXN,22.8905,-109.9167
TXN11068,2024,CHN05,Yokohama,Japan,Asia Pacific,2023,Q2,4638816,708,509.76,586.63,72,29.8,100,4.8,1752.0,Reported,Luxury,5,JPY,35.4437,139.638
TXN11069,2025,CHN01,Bodrum,Turkey,Europe/Middle East,2023,Q1,3663360,424,271.36,342.59,64,35.1,150,5.0,7101.0,Reported,Luxury,5,TRY,37.0344,27.4305
TXN11070,2026,CHN10,Antalya,Turkey,Europe/Middle East,2019,Q1,8476335,379,269.09,331.39,71,32.0,350,4.9,8847.0,Reported,Luxury,5,TRY,36.8969,30.7133
TXN11071,2027,CHN07,Jeonju,South Korea,Asia Pacific,2020,Q4,111118,61,20.13,27.43,33,24.2,60,4.4,2067.0,Reported,Midscale,3,KRW,35.8242,127.148
TXN11072,2028,CHN12,Langkawi,Malaysia,Asia Pacific,2022,Q3,1401712,293,190.45,236.98,65,40.0,80,4.4,9517.0,Reported,Upscale,4,MYR,6.35,99.8
TXN11073,2029,CHN05,Algarve,Portugal,Europe,2021,Q1,4334400,430,172.0,222.62,40,25.7,280,5.0,4165.0,Reported,Luxury,5,EUR,37.0194,-8.1383
TXN11074,2030,CHN02,Ouarzazate,Morocco,Africa,2021,Q1,1242864,274,115.08,140.87,42,37.1,120,4.9,9190.0,Reported,Upper-Upscale,5,MAD,0.0,0.0
TXN11075,2031,CHN12,Chefchaouen,Morocco,Africa,2021,Q1,1474200,273,109.2,142.43,40,42.2,150,4.5,5674.0,Reported,Upscale,4,MAD,35.1688,-5.2636
TXN11076,2032,CHN08,Komodo,Indonesia,Asia Pacific,2021,Q2,576576,165,79.2,110.59,48,25.2,80,4.5,9585.0,Reported,Upscale,4,IDR,0.0,0.0
TXN11077,2033,CHN07,Ha Long Bay,Vietnam,Asia Pacific,2019,Q3,825994,53,40.81,53.77,77,26.1,220,4.0,3661.0,Reported,Economy,2,VND,20.9101,107.1839
TXN11078,2034,CHN06,Nice,France,Europe,2022,Q2,929729,86,56.76,68.62,66,26.1,180,4.3,1651.0,Reported,Midscale,3,EUR,43.7102,7.262
TXN11079,2035,CHN12,Medina,Saudi Arabia,Middle East,2022,Q3,2156112,620,390.6,476.34,63,20.9,60,4.9,7766.0,Reported,Luxury,5,SAR,24.5247,39.5692
TXN11080,2036,CHN05,Cairns,Australia,Asia Pacific,2023,Q4,1762867,499,319.36,404.87,64,27.2,60,4.9,10791.0,Reported,Luxury,5,AUD,-16.9186,145.7781
TXN11081,2037,CHN11,Sapporo,Japan,Asia Pacific,2020,Q3,316480,86,34.4,42.25,40,20.7,100,4.2,2638.0,Reported,Midscale,3,JPY,43.0618,141.3545
TXN11082,2038,CHN07,Miami,USA,Americas,2021,Q3,1366200,180,99.0,114.19,55,21.9,150,4.6,13477.0,Reported,Upscale,4,USD,25.7617,-80.1918
TXN11083,2039,CHN03,Marseille,France,Europe,2019,Q3,2860979,452,388.72,551.19,86,43.5,80,4.9,11914.0,Reported,Luxury,5,EUR,43.2965,5.3698
TXN11084,2040,CHN05,Little India,Singapore,Asia Pacific,2025,Q4,4804240,746,522.2,635.78,70,42.0,100,4.8,9223.0,Estimated,Luxury,5,SGD,1.3066,103.8518
TXN11085,2041,CHN03,Stuttgart,Germany,Europe,2021,Q3,916762,173,83.04,98.71,48,36.7,120,4.5,2705.0,Reported,Upscale,4,EUR,48.7758,9.1829
TXN11086,2042,CHN01,Meteora,Greece,Europe,2022,Q4,774456,115,70.15,92.33,61,34.2,120,4.4,2668.0,Reported,Upscale,4,EUR,0.0,0.0
TXN11087,2043,CHN07,Andong,South Korea,Asia Pacific,2024,Q2,568714,62,52.08,74.56,84,22.4,120,4.1,1590.0,Reported,Economy,2,KRW,36.5684,128.7294
TXN11088,2044,CHN02,Medan,Indonesia,Asia Pacific,2022,Q4,276276,91,50.05,61.32,55,18.9,60,4.1,3976.0,Reported,Midscale,3,IDR,0.0,0.0
TXN11089,2045,CHN02,Sukhothai,Thailand,Asia Pacific,2019,Q4,510048,99,69.3,82.38,70,12.4,80,4.1,3142.0,Reported,Midscale,3,THB,0.0,0.0
TXN11090,2046,CHN05,Salvador,Brazil,Americas,2021,Q3,5323046,574,321.44,471.02,56,27.3,180,,9492.0,Reported,Luxury,5,BRL,-12.9714,-38.5014
TXN11091,2047,CHN01,Algarve,Portugal,Europe,2019,Q2,2277402,109,89.38,119.99,82,26.3,280,4.5,7686.0,Reported,Upscale,4,EUR,37.0194,-8.1383
TXN11092,2048,CHN03,Bath,UK,Europe,2020,Q3,1298304,140,50.4,68.06,36,25.5,280,4.5,8295.0,Reported,Upper-Upscale,4,GBP,51.3811,-2.359
TXN11093,2049,CHN06,Hamburg,Germany,Europe,2024,Q1,2480625,125,78.75,108.05,63,10.0,350,4.3,2926.0,Reported,Midscale,3,EUR,53.5511,9.9937
TXN11094,2050,CHN05,Rabat,Morocco,Africa,2025,Q1,9214128,554,365.64,474.83,66,26.2,280,4.6,10727.0,Estimated,Luxury,5,MAD,33.9716,-6.8498
TXN11095,2051,CHN05,Casablanca,Morocco,Africa,2021,Q2,988533,355,181.05,253.71,51,30.1,60,4.8,4035.0,Reported,Luxury,5,MAD,33.5731,-7.5898
TXN11096,2052,CHN11,Venice,Italy,Europe,2024,Q1,995328,288,184.32,220.23,64,26.6,60,4.5,6744.0,Reported,Upscale,4,EUR,45.4408,12.3155
TXN11097,2051,CHN05,Casablanca,Morocco,Africa,2022,Q4,4153248,418,250.8,355.38,60,27.3,180,4.8,1574.0,Reported,Luxury,5,MAD,33.5731,-7.5898
TXN11098,2053,CHN10,Udaipur,India,Asia Pacific,2025,Q3,10817406,901,783.87,935.97,87,41.6,150,4.9,10115.0,Estimated,Luxury,5,INR,24.5854,73.7125
TXN11099,2054,CHN09,Daegu,South Korea,Asia Pacific,2023,Q2,2194592,174,133.98,153.48,77,42.3,180,4.5,3984.0,Reported,Upscale,4,KRW,35.8714,128.6014
TXN11100,2055,CHN11,Penang,Malaysia,Asia Pacific,2024,Q4,666227,124,90.52,132.88,73,25.3,80,4.4,,Reported,Midscale,3,MYR,5.4141,100.3288
TXN11101,2056,CHN02,Bur Dubai,UAE,Middle East,2019,Q4,3548403,709,482.12,574.94,68,34.1,80,4.6,4340.0,Reported,Luxury,5,AED,25.2535,55.296
TXN11102,1694,CHN12,Belem,Brazil,Americas,2023,Q1,10858680,695,430.9,540.55,62,32.7,280,4.8,13016.0,Reported,Luxury,5,BRL,-1.4558,-48.5044
TXN11103,2057,CHN02,Izmir,Turkey,Europe/Middle East,2022,Q1,740664,127,68.58,80.21,54,30.1,120,4.6,14306.0,Reported,Upscale,4,TRY,38.4192,27.1287
TXN11104,2058,CHN06,Evora,Portugal,Europe,2021,Q4,158240,50,21.5,26.27,43,9.5,80,4.1,1236.0,Reported,Economy,2,EUR,0.0,0.0
TXN11105,2059,CHN02,Cascais,Portugal,Europe,2019,Q4,5729870,731,519.01,643.01,71,34.5,120,4.6,1567.0,Reported,Luxury,5,EUR,0.0,0.0
TXN11106,2060,CHN11,JBR,UAE,Middle East,2025,Q1,6842880,297,190.08,273.38,64,31.1,400,4.8,7035.0,Estimated,Upper-Upscale,5,AED,25.0777,55.1308
TXN11107,1383,CHN08,Bath,UK,Europe,2025,Q1,8737470,414,277.38,402.67,67,19.6,350,4.9,2334.0,Estimated,Luxury,5,GBP,51.3811,-2.359
TXN11108,2061,CHN12,Nara,Japan,Asia Pacific,2022,Q2,1179032,122,71.98,85.51,59,24.7,180,4.2,2664.0,Reported,Midscale,3,JPY,34.6851,135.8048
TXN11109,1705,CHN02,Hamburg,Germany,Europe,2025,Q2,3459347,802,633.58,791.94,79,25.5,60,4.6,9804.0,Estimated,Luxury,5,EUR,53.5511,9.9937
TXN11110,2062,CHN07,Suzhou,China,Asia Pacific,2022,Q3,381542,54,34.56,38.86,64,27.1,120,3.8,2501.0,Reported,Economy,2,CNY,31.2983,120.5832
TXN11111,2063,CHN07,Makassar,Indonesia,Asia Pacific,2024,Q3,2737506,239,198.37,282.82,83,39.5,150,4.6,7539.0,Reported,Upscale,4,IDR,0.0,0.0
TXN11112,2064,CHN10,Little India,Singapore,Asia Pacific,2022,Q3,3473184,715,471.9,613.4,66,30.9,80,5.0,11587.0,Reported,Luxury,5,SGD,1.3066,103.8518
TXN11113,2065,CHN01,Fukuoka,Japan,Asia Pacific,2022,Q4,20099884,1058,624.22,851.25,59,39.3,350,4.9,6005.0,Reported,Luxury,5,JPY,33.5904,130.4017
TXN11114,2066,CHN02,Tabuk,Saudi Arabia,Middle East,2023,Q4,3732302,173,115.91,133.81,67,18.2,350,4.4,11121.0,Reported,Upscale,4,SAR,0.0,0.0
TXN11115,2067,CHN02,Strasbourg,France,Europe,2021,Q1,429570,111,47.73,62.36,43,21.3,100,4.4,6286.0,Reported,Upscale,4,EUR,48.5734,7.7521
TXN11116,2068,CHN08,Komodo,Indonesia,Asia Pacific,2022,Q2,3364452,316,205.4,257.37,65,36.4,180,4.7,10309.0,Reported,Luxury,5,IDR,0.0,0.0
TXN11117,2069,CHN04,Delphi,Greece,Europe,2024,Q2,1717170,170,125.8,161.83,74,23.2,150,4.7,13923.0,Reported,Upscale,4,EUR,0.0,0.0
TXN11118,2070,CHN03,Groningen,Netherlands,Europe,2020,Q3,6472752,429,175.89,238.83,41,27.4,400,4.8,13030.0,Reported,Luxury,5,EUR,0.0,0.0
TXN11119,2071,CHN08,Guangzhou,China,Asia Pacific,2022,Q4,5826590,329,180.95,229.89,55,23.6,350,4.9,2021.0,Reported,Luxury,5,CNY,23.1291,113.2644
TXN11120,2072,CHN11,Athens,Greece,Europe,2024,Q4,1323420,137,95.9,129.76,70,15.5,150,4.4,2420.0,Reported,Midscale,3,EUR,37.9838,23.7275
TXN11121,2073,CHN04,Malaga,Spain,Europe,2019,Q4,5672030,271,176.15,233.16,65,36.3,350,4.4,8151.0,Reported,Upscale,4,EUR,36.7213,-4.4214
TXN11122,2074,CHN01,Little India,Singapore,Asia Pacific,2019,Q2,1823640,334,250.5,287.45,75,32.8,80,4.6,12600.0,Reported,Upper-Upscale,5,SGD,1.3066,103.8518
TXN11123,2075,CHN06,Beijing,China,Asia Pacific,2019,Q3,1888944,59,51.33,71.28,87,18.5,400,3.8,1729.0,Reported,Economy,2,CNY,39.9042,116.4074
TXN11124,2076,CHN04,Ras Al Khaimah,UAE,Middle East,2020,Q1,2698740,470,136.3,198.11,29,24.1,220,5.0,1511.0,Reported,Luxury,5,AED,25.8007,55.9762
TXN11125,2077,CHN10,Chefchaouen,Morocco,Africa,2022,Q1,1542024,132,77.88,99.26,59,20.9,220,4.7,12972.0,Reported,Upscale,4,MAD,35.1688,-5.2636
TXN11126,2078,CHN10,Birmingham,UK,Europe,2022,Q3,2151972,565,389.85,465.88,69,32.6,60,4.7,10538.0,Reported,Luxury,5,GBP,52.4862,-1.8904
TXN11127,2079,CHN05,Andong,South Korea,Asia Pacific,2019,Q2,3078075,205,153.75,177.56,75,41.5,220,4.7,7043.0,Reported,Upscale,4,KRW,36.5684,128.7294
TXN11128,2080,CHN08,Salvador,Brazil,Americas,2019,Q2,1380288,192,151.68,215.12,79,22.9,100,4.4,8016.0,Reported,Upscale,4,BRL,-12.9714,-38.5014
TXN11129,2081,CHN01,Leiden,Netherlands,Europe,2025,Q3,2328704,113,90.4,119.72,80,22.8,280,4.1,1480.0,Estimated,Upscale,3,EUR,0.0,0.0
TXN11130,2082,CHN03,Jakarta,Indonesia,Asia Pacific,2022,Q2,1788696,108,70.2,88.33,65,13.4,280,,2839.0,Reported,Midscale,3,IDR,-6.2088,106.8456
TXN11131,2083,CHN03,Ho Chi Minh City,Vietnam,Asia Pacific,2020,Q4,1798692,931,325.85,457.0,35,18.7,60,4.8,7808.0,Reported,Luxury,5,VND,10.8231,106.6297
TXN11132,2084,CHN04,Lisbon,Portugal,Europe,2023,Q2,1805003,92,70.84,79.48,77,9.0,280,3.9,4098.0,Reported,Economy,2,EUR,38.7223,-9.1393
TXN11133,2085,CHN02,Mexico City,Mexico,Americas,2024,Q3,7394150,368,287.04,326.91,78,32.2,280,4.5,14518.0,Reported,Upper-Upscale,4,MXN,19.4326,-99.1332
TXN11134,2086,CHN04,Xian,China,Asia Pacific,2025,Q4,7005874,641,423.06,588.39,66,36.3,180,4.8,2380.0,Estimated,Luxury,5,CNY,34.3416,108.9398
TXN11135,2087,CHN01,Lombok,Indonesia,Asia Pacific,2020,Q3,809674,193,73.34,98.62,38,18.7,120,5.0,7890.0,Reported,Upper-Upscale,5,IDR,-8.5833,116.35
TXN11136,2088,CHN03,Oxford,UK,Europe,2022,Q4,3676320,185,99.9,137.84,54,22.3,400,4.6,9950.0,Reported,Upscale,4,GBP,51.752,-1.2577
TXN11137,2089,CHN02,Abu Dhabi,UAE,Middle East,2023,Q3,15344717,816,595.68,774.2,73,28.6,280,4.8,2564.0,Reported,Luxury,5,AED,24.4539,54.3773
TXN11138,2090,CHN01,Mexico City,Mexico,Americas,2025,Q1,1326780,351,245.7,317.03,70,23.9,60,4.6,9034.0,Estimated,Upper-Upscale,5,MXN,19.4326,-99.1332
TXN11139,1289,CHN09,Utrecht,Netherlands,Europe,2022,Q3,980536,146,106.58,122.89,73,41.3,100,4.6,5848.0,Reported,Upscale,4,EUR,52.0907,5.1214
TXN11140,2091,CHN06,Bilbao,Spain,Europe,2025,Q1,1483020,107,74.9,93.38,70,22.3,220,4.4,2158.0,Estimated,Midscale,3,EUR,43.263,-2.935
TXN11141,2092,CHN09,Nice,France,Europe,2020,Q1,1188000,110,33.0,40.68,30,28.1,400,4.4,,Reported,Upscale,4,EUR,43.7102,7.262
TXN11142,1850,CHN11,Cancun,Mexico,Americas,2023,Q1,4178988,346,211.06,247.15,61,39.5,220,4.8,8928.0,Reported,Upper-Upscale,5,MXN,21.1619,-86.8515
TXN11143,2093,CHN07,Brisbane,Australia,Asia Pacific,2021,Q2,712858,128,65.28,96.17,51,24.9,120,4.4,7729.0,Reported,Upscale,4,AUD,-27.4698,153.0251
TXN11144,2094,CHN10,Milan,Italy,Europe,2025,Q3,15772848,628,489.84,667.41,78,36.6,350,4.6,9561.0,Estimated,Luxury,5,EUR,45.4654,9.1859
TXN11145,2095,CHN04,Mumbai,India,Asia Pacific,2025,Q1,805140,71,49.7,70.34,70,9.3,180,4.0,1916.0,Estimated,Economy,2,INR,19.076,72.8777
TXN11146,2096,CHN05,Okinawa,Japan,Asia Pacific,2019,Q2,1845480,325,253.5,316.29,78,19.0,80,4.6,8782.0,Reported,Upper-Upscale,5,JPY,26.2124,127.6809
TXN11147,2097,CHN02,Sokcho,South Korea,Asia Pacific,2020,Q3,3725338,592,224.96,282.87,38,18.7,180,4.8,6376.0,Reported,Luxury,5,KRW,38.207,128.5918
TXN11148,2098,CHN06,Jurong,Singapore,Asia Pacific,2020,Q3,144734,69,26.22,34.63,38,12.2,60,4.1,2664.0,Reported,Midscale,3,SGD,1.3404,103.709
TXN11149,2099,CHN06,Edinburgh,UK,Europe,2021,Q3,1023960,140,74.2,103.47,53,35.6,150,4.5,9129.0,Reported,Upscale,4,GBP,55.9533,-3.1883
TXN11150,2100,CHN01,Hobart,Australia,Asia Pacific,2022,Q1,2216160,108,61.56,74.59,57,22.4,400,4.2,2213.0,Reported,Upscale,3,AUD,-42.8821,147.3272
TXN11151,2101,CHN05,Palermo,Italy,Europe,2022,Q1,3760668,438,232.14,327.62,53,21.7,180,4.6,8095.0,Reported,Luxury,5,EUR,38.1157,13.3615
TXN11152,2102,CHN04,Antalya,Turkey,Europe/Middle East,2023,Q3,5548290,473,402.05,534.08,85,37.9,150,4.6,14388.0,Reported,Luxury,5,TRY,36.8969,30.7133
TXN11153,2103,CHN04,Algarve,Portugal,Europe,2020,Q4,786324,111,38.85,54.79,35,35.7,220,4.4,6952.0,Reported,Upscale,4,EUR,37.0194,-8.1383
TXN11154,2104,CHN07,Perth,Australia,Asia Pacific,2025,Q1,1062864,242,147.62,170.15,61,34.1,80,4.5,1618.0,Estimated,Upscale,4,AUD,-31.9505,115.8605
TXN11155,2105,CHN04,Fez,Morocco,Africa,2019,Q4,2475389,606,448.44,645.54,74,28.1,60,4.9,6043.0,Reported,Luxury,5,MAD,34.0181,-5.0078
TXN11156,2106,CHN01,Manchester,UK,Europe,2025,Q2,7131852,311,223.92,252.02,72,33.7,350,4.7,14734.0,Estimated,Upper-Upscale,5,GBP,53.4808,-2.2426
TXN11157,2107,CHN07,Chiang Mai,Thailand,Asia Pacific,2020,Q4,317142,139,43.09,52.16,31,29.2,80,4.5,14376.0,Reported,Upscale,4,THB,18.7883,98.9853
TXN11158,2108,CHN06,Surabaya,Indonesia,Asia Pacific,2025,Q1,328104,98,60.76,89.01,62,20.7,60,4.2,2750.0,Estimated,Midscale,3,IDR,-7.2575,112.7521
TXN11159,2109,CHN10,Mumbai,India,Asia Pacific,2022,Q4,2466778,392,223.44,275.08,57,35.0,120,4.9,14973.0,Reported,Luxury,5,INR,19.076,72.8777
TXN11160,2110,CHN06,Nha Trang,Vietnam,Asia Pacific,2020,Q1,384615,37,12.21,18.03,33,25.1,350,3.8,3367.0,Reported,Economy,2,VND,12.2388,109.1967
TXN11161,2111,CHN08,Penang,Malaysia,Asia Pacific,2020,Q4,3453450,325,107.25,157.42,33,19.9,350,4.6,9311.0,Reported,Luxury,5,MYR,5.4141,100.3288
TXN11162,2112,CHN01,Suzhou,China,Asia Pacific,2022,Q3,4488422,264,174.24,211.97,66,41.3,280,4.9,9053.0,Reported,Upper-Upscale,5,CNY,31.2983,120.5832
TXN11163,2113,CHN10,Verona,Italy,Europe,2022,Q1,696384,124,64.48,91.39,52,36.9,120,4.4,1059.0,Reported,Upscale,4,EUR,45.4384,10.9916
TXN11164,1856,CHN08,Kota Kinabalu,Malaysia,Asia Pacific,2023,Q4,9230130,441,286.65,418.12,65,29.0,350,5.0,14858.0,Reported,Luxury,5,MYR,5.9788,116.0753
TXN11165,2114,CHN06,Da Nang,Vietnam,Asia Pacific,2024,Q1,498960,77,55.44,68.34,72,14.0,100,4.0,3457.0,Reported,Economy,2,VND,16.0544,108.2022
TXN11166,2115,CHN08,Phuket,Thailand,Asia Pacific,2023,Q3,958272,217,173.6,248.78,80,27.8,60,4.7,7950.0,Reported,Upscale,4,THB,7.8804,98.3923
TXN11167,2116,CHN07,Amsterdam,Netherlands,Europe,2021,Q2,3567200,200,98.0,144.24,49,24.6,400,4.4,8728.0,Reported,Upscale,4,EUR,52.3676,4.9041
TXN11168,2117,CHN08,Maastricht,Netherlands,Europe,2023,Q2,1699425,415,311.25,443.34,75,35.3,60,4.9,13102.0,Reported,Luxury,5,EUR,50.8514,5.691
TXN11169,1861,CHN07,Dubai,UAE,Middle East,2025,Q3,1207040,160,131.2,179.19,82,17.6,100,4.2,2673.0,Estimated,Midscale,3,AED,25.2048,55.2708
TXN11170,2118,CHN04,Manaus,Brazil,Americas,2019,Q3,8836416,667,533.6,692.5,80,23.7,180,4.9,10396.0,Reported,Luxury,5,BRL,-3.119,-60.0217
TXN11171,2119,CHN08,Gold Coast,Australia,Asia Pacific,2020,Q4,2152064,172,58.48,70.41,34,43.3,400,4.6,11568.0,Reported,Upscale,4,AUD,-28.0167,153.4
TXN11172,2120,CHN03,Los Angeles,USA,Americas,2021,Q4,2981398,197,92.59,118.93,47,35.0,350,4.5,8184.0,Reported,Upscale,4,USD,34.0522,-118.2437
TXN11173,1896,CHN05,Turin,Italy,Europe,2021,Q4,5279604,555,260.85,341.21,47,41.0,220,4.9,10367.0,Reported,Luxury,5,EUR,45.0703,7.6869
TXN11174,2121,CHN10,Porto,Portugal,Europe,2020,Q1,378216,103,35.02,45.31,34,23.4,120,4.6,3452.0,Reported,Upscale,4,EUR,41.1579,-8.6291
TXN11175,2122,CHN12,Obidos,Portugal,Europe,2020,Q2,1762961,238,88.06,107.53,37,29.2,220,4.4,4204.0,Reported,Upscale,4,EUR,0.0,0.0
TXN11176,2123,CHN10,Delft,Netherlands,Europe,2025,Q3,6914794,803,626.34,902.3,78,43.2,120,5.0,1306.0,Estimated,Luxury,5,EUR,0.0,0.0
TXN11177,2124,CHN04,Penang,Malaysia,Asia Pacific,2025,Q3,736294,122,100.04,117.01,82,24.5,80,4.3,1201.0,Estimated,Midscale,3,MYR,5.4141,100.3288
TXN11178,2125,CHN05,Bangkok,Thailand,Asia Pacific,2021,Q1,2530980,436,187.48,227.72,43,30.8,150,4.8,3368.0,Reported,Luxury,5,THB,13.7563,100.5018
TXN11179,2126,CHN01,Toulouse,France,Europe,2025,Q2,6658943,358,261.34,320.5,73,26.8,280,4.8,4003.0,Estimated,Upper-Upscale,5,EUR,43.6047,1.4442
TXN11180,2127,CHN06,Delphi,Greece,Europe,2019,Q4,522854,64,47.36,62.14,74,16.9,120,4.1,2710.0,Reported,Economy,2,EUR,0.0,0.0
TXN11181,2128,CHN12,Lyon,France,Europe,2024,Q2,13592379,818,678.94,945.31,83,21.1,220,4.9,11310.0,Reported,Luxury,5,EUR,45.764,4.8357
TXN11182,1458,CHN10,Las Vegas,USA,Americas,2025,Q4,5309136,229,144.27,172.63,63,31.3,400,4.7,14045.0,Estimated,Upscale,4,USD,36.1699,-115.1398
TXN11183,2129,CHN12,Darwin,Australia,Asia Pacific,2020,Q1,218160,101,30.3,36.51,30,26.3,80,4.4,4860.0,Reported,Midscale,3,AUD,-12.4634,130.8456
TXN11184,2130,CHN02,Koh Samui,Thailand,Asia Pacific,2024,Q1,1718496,156,106.08,151.7,68,25.5,180,4.5,4039.0,Reported,Upscale,4,THB,9.512,100.0136
TXN11185,2131,CHN10,Tabuk,Saudi Arabia,Middle East,2023,Q1,3271320,932,605.8,694.74,65,33.9,60,4.8,12914.0,Reported,Luxury,5,SAR,0.0,0.0
TXN11186,2132,CHN02,Birmingham,UK,Europe,2023,Q2,733096,106,80.56,94.99,76,21.4,100,4.1,2987.0,Reported,Midscale,3,GBP,52.4862,-1.8904
TXN11187,2133,CHN10,Puebla,Mexico,Americas,2025,Q1,6448464,472,325.68,397.85,69,23.5,220,4.9,14136.0,Estimated,Luxury,5,MXN,19.0414,-98.2063
TXN11188,1525,CHN02,Da Lat,Vietnam,Asia Pacific,2022,Q2,4996191,367,249.56,293.54,68,19.8,220,4.8,12132.0,Reported,Upper-Upscale,5,VND,0.0,0.0
TXN11189,2134,CHN06,Santorini,Greece,Europe,2021,Q1,228528,69,31.74,40.05,46,9.6,80,4.1,654.0,Reported,Economy,2,EUR,36.3932,25.4615
TXN11190,2135,CHN07,Yokohama,Japan,Asia Pacific,2022,Q1,229320,49,25.48,28.67,52,13.1,100,4.0,4966.0,Reported,Economy,2,JPY,35.4437,139.638
TXN11191,2136,CHN05,Guangzhou,China,Asia Pacific,2021,Q4,1738138,384,157.44,232.24,41,25.0,120,4.8,1673.0,Reported,Luxury,5,CNY,23.1291,113.2644
TXN11192,2137,CHN03,Canberra,Australia,Asia Pacific,2025,Q2,2416159,598,442.52,527.28,74,39.9,60,4.8,12807.0,Estimated,Luxury,5,AUD,-35.2809,149.13
TXN11193,2138,CHN09,Incheon,South Korea,Asia Pacific,2024,Q1,3660804,199,145.27,191.8,73,43.0,280,4.5,1785.0,Reported,Upper-Upscale,4,KRW,37.4563,126.7052
TXN11194,2139,CHN05,Amalfi,Italy,Europe,2023,Q1,6728832,531,339.84,426.21,64,33.7,220,4.7,14080.0,Reported,Luxury,5,EUR,40.634,14.6027
TXN11195,2140,CHN08,Seoul,South Korea,Asia Pacific,2021,Q2,5743702,442,225.42,301.77,51,40.1,280,4.7,1830.0,Reported,Luxury,5,KRW,37.5665,126.978
TXN11196,2141,CHN04,Seville,Spain,Europe,2020,Q4,187091,82,25.42,28.86,31,13.2,80,4.4,403.0,Reported,Midscale,3,EUR,37.3891,-5.9845
TXN11197,2142,CHN03,Bur Dubai,UAE,Middle East,2021,Q1,615330,159,68.37,98.35,43,33.4,100,4.5,6924.0,Reported,Upscale,4,AED,25.2535,55.296
TXN11198,2143,CHN01,Adelaide,Australia,Asia Pacific,2025,Q3,5111814,308,252.56,299.04,82,31.1,220,4.8,6588.0,Estimated,Upper-Upscale,5,AUD,-34.9285,138.6007
TXN11199,2144,CHN03,Madrid,Spain,Europe,2020,Q3,1099584,83,29.88,41.21,36,18.9,400,4.2,4785.0,Reported,Midscale,3,EUR,40.4168,-3.7038
TXN11200,2145,CHN02,Paris,France,Europe,2024,Q1,21306240,822,591.84,854.22,72,32.2,400,4.8,5530.0,Reported,Upper-Upscale,5,EUR,48.8566,2.3522
TXN11201,1553,CHN03,Santorini,Greece,Europe,2020,Q1,314280,194,58.2,72.21,30,21.1,60,4.4,12284.0,Reported,Upscale,4,EUR,36.3932,25.4615
TXN11202,2146,CHN05,Hamburg,Germany,Europe,2023,Q1,6153840,518,310.8,368.17,60,25.3,220,4.7,9298.0,Reported,Luxury,5,EUR,53.5511,9.9937
TXN11203,2147,CHN03,Sharjah,UAE,Middle East,2022,Q1,2334276,157,92.63,113.34,59,37.0,280,4.5,9530.0,Reported,Upper-Upscale,4,AED,25.3463,55.4209
TXN11204,2148,CHN08,Kochi,India,Asia Pacific,2023,Q4,7870968,485,305.55,398.58,63,33.7,280,4.7,12835.0,Reported,Luxury,5,INR,9.9312,76.2673
TXN11205,2149,CHN08,Ipoh,Malaysia,Asia Pacific,2020,Q4,3030406,346,117.64,157.69,34,19.0,280,4.8,6538.0,Reported,Luxury,5,MYR,4.5975,101.0901
TXN11206,2150,CHN06,Azores,Portugal,Europe,2021,Q1,1987200,138,55.2,75.14,40,25.2,400,4.4,10813.0,Reported,Upscale,4,EUR,0.0,0.0
TXN11207,2151,CHN03,Corfu,Greece,Europe,2021,Q2,6738732,363,185.13,257.85,51,25.2,400,4.9,5625.0,Reported,Luxury,5,EUR,39.6243,19.9217
TXN11208,1903,CHN01,Ankara,Turkey,Europe/Middle East,2023,Q2,8038212,866,588.88,676.04,68,31.5,150,4.9,12075.0,Reported,Luxury,5,TRY,39.9334,32.8597
TXN11209,2152,CHN01,Amsterdam,Netherlands,Europe,2024,Q4,11522448,504,357.84,526.29,71,21.2,350,4.9,14365.0,Reported,Upper-Upscale,5,EUR,52.3676,4.9041
TXN11210,2153,CHN07,Kusadasi,Turkey,Europe/Middle East,2025,Q2,1651104,90,64.8,80.96,72,13.4,280,4.2,2287.0,Estimated,Midscale,3,TRY,0.0,0.0
TXN11211,2154,CHN12,Bur Dubai,UAE,Middle East,2021,Q2,2320573,613,318.76,468.69,52,22.3,80,4.9,5157.0,Reported,Luxury,5,AED,25.2535,55.296
TXN11212,2155,CHN03,Phu Quoc,Vietnam,Asia Pacific,2025,Q4,2985216,507,324.48,473.28,64,34.5,100,4.7,14842.0,Estimated,Luxury,5,VND,10.2899,103.984
TXN11213,2156,CHN11,Amalfi,Italy,Europe,2019,Q4,5360141,306,208.08,269.27,68,41.8,280,4.8,10231.0,Reported,Upper-Upscale,5,EUR,40.634,14.6027
TXN11214,2157,CHN05,Puerto Vallarta,Mexico,Americas,2024,Q4,5937606,386,293.36,334.96,76,21.7,220,5.0,11614.0,Reported,Upper-Upscale,5,MXN,20.6534,-105.2253
TXN11215,2158,CHN02,Delft,Netherlands,Europe,2024,Q2,9066876,874,664.24,795.17,76,18.5,150,4.8,8649.0,Reported,Luxury,5,EUR,0.0,0.0
TXN11216,2159,CHN07,Fortaleza,Brazil,Americas,2021,Q4,373594,48,22.56,33.27,47,20.1,180,3.8,4959.0,Reported,Economy,2,BRL,-3.7319,-38.5267
TXN11217,2160,CHN03,Krabi,Thailand,Asia Pacific,2025,Q3,5132358,207,159.39,196.79,77,21.2,350,4.6,2622.0,Estimated,Upscale,4,THB,8.0863,98.9063
TXN11218,2161,CHN08,Delphi,Greece,Europe,2025,Q3,1139107,201,154.77,200.28,77,26.5,80,4.4,13004.0,Estimated,Upscale,4,EUR,0.0,0.0
TXN11219,2162,CHN10,Varanasi,India,Asia Pacific,2023,Q3,12578976,422,341.82,437.22,81,24.4,400,4.8,7267.0,Reported,Luxury,5,INR,25.3176,82.9739
TXN11220,2163,CHN02,Puerto Vallarta,Mexico,Americas,2022,Q2,1459458,243,160.38,218.54,66,32.3,100,4.4,,Reported,Upper-Upscale,4,MXN,20.6534,-105.2253
TXN11221,2164,CHN10,Busan,South Korea,Asia Pacific,2019,Q2,775757,148,106.56,131.3,72,40.6,80,4.5,9400.0,Reported,Upscale,4,KRW,35.1796,129.0756
TXN11222,2165,CHN05,Melbourne,Australia,Asia Pacific,2023,Q1,520506,153,96.39,114.49,63,21.6,60,4.2,4593.0,Reported,Midscale,3,AUD,-37.8136,144.9631
TXN11223,2166,CHN02,Sapa,Vietnam,Asia Pacific,2019,Q3,3102019,669,561.96,721.2,84,30.1,60,4.9,7806.0,Reported,Luxury,5,VND,0.0,0.0
TXN11224,2167,CHN09,Bangalore,India,Asia Pacific,2024,Q1,5210568,387,263.16,342.32,68,39.1,220,5.0,12882.0,Reported,Luxury,5,INR,12.9716,77.5946
TXN11225,2168,CHN01,Busan,South Korea,Asia Pacific,2020,Q2,343434,85,31.45,42.88,37,15.9,120,4.2,3033.0,Reported,Upscale,3,KRW,35.1796,129.0756
TXN11226,2169,CHN01,London,UK,Europe,2025,Q1,4667670,239,148.18,210.08,62,9.8,350,4.2,1826.0,Estimated,Upscale,3,GBP,51.5074,-0.1278
TXN11227,2170,CHN09,Essaouira,Morocco,Africa,2023,Q1,3246750,370,240.5,294.79,65,28.7,150,4.9,9996.0,Reported,Luxury,5,MAD,31.5125,-9.77
TXN11228,2171,CHN02,Crete,Greece,Europe,2024,Q4,793500,115,86.25,108.98,75,24.7,100,4.1,2997.0,Reported,Midscale,3,EUR,35.2401,24.8093
TXN11229,2172,CHN12,Ibiza,Spain,Europe,2019,Q4,5641440,300,219.0,263.66,73,35.9,280,4.5,14050.0,Reported,Upscale,4,EUR,38.9067,1.4206
TXN11230,2173,CHN12,Phu Quoc,Vietnam,Asia Pacific,2020,Q3,6957132,554,216.06,265.53,39,41.6,350,4.7,6872.0,Reported,Luxury,5,VND,10.2899,103.984
TXN11231,2174,CHN08,Utrecht,Netherlands,Europe,2019,Q2,8689954,359,272.84,393.37,76,41.7,350,4.6,1459.0,Reported,Luxury,5,EUR,52.0907,5.1214
TXN11232,2175,CHN07,Mykonos,Greece,Europe,2024,Q3,5049475,297,249.48,323.68,84,40.2,220,4.4,6001.0,Reported,Upscale,4,EUR,37.4467,25.3289
TXN11233,1440,CHN10,Koh Samui,Thailand,Asia Pacific,2021,Q3,7367360,364,200.2,232.81,55,31.1,400,4.9,10420.0,Reported,Luxury,5,THB,9.512,100.0136
TXN11234,2037,CHN11,Sapporo,Japan,Asia Pacific,2019,Q2,2168858,112,85.12,112.3,76,17.1,280,4.4,2063.0,Reported,Midscale,3,JPY,43.0618,141.3545
TXN11235,2176,CHN07,Crete,Greece,Europe,2021,Q3,420403,68,38.08,48.98,56,22.7,120,4.4,1945.0,Reported,Midscale,3,EUR,35.2401,24.8093
TXN11236,2177,CHN12,Chinatown,Singapore,Asia Pacific,2019,Q2,8303295,770,608.3,888.3,79,39.9,150,4.9,12570.0,Reported,Luxury,5,SGD,1.2826,103.8446
TXN11237,2178,CHN04,Osaka,Japan,Asia Pacific,2020,Q4,8937110,793,277.55,332.24,35,21.5,350,4.7,5727.0,Reported,Luxury,5,JPY,34.6937,135.5023
TXN11238,2179,CHN07,Mykonos,Greece,Europe,2025,Q4,1448540,235,157.45,230.73,67,43.2,100,4.5,8791.0,Estimated,Upscale,4,EUR,37.4467,25.3289
TXN11239,1115,CHN08,Hua Hin,Thailand,Asia Pacific,2022,Q4,1505856,330,204.6,283.92,62,26.4,80,4.8,8269.0,Reported,Luxury,5,THB,12.5684,99.9578
TXN11240,2180,CHN08,Medina,Saudi Arabia,Middle East,2020,Q4,869400,150,52.5,66.01,35,39.1,180,4.5,7620.0,Reported,Upscale,4,SAR,24.5247,39.5692
TXN11241,2181,CHN01,Barcelona,Spain,Europe,2024,Q4,3855168,485,349.2,424.34,72,38.5,120,4.9,10524.0,Reported,Upper-Upscale,5,EUR,41.3851,2.1734
TXN11242,2182,CHN08,Jeonju,South Korea,Asia Pacific,2021,Q2,1490580,175,91.0,121.87,52,35.2,180,4.5,14116.0,Reported,Upscale,4,KRW,35.8242,127.148
TXN11243,2183,CHN07,Florence,Italy,Europe,2021,Q1,90774,41,16.81,22.48,41,12.2,60,3.9,1136.0,Reported,Economy,2,EUR,43.7696,11.2558
TXN11244,2184,CHN01,Guadalajara,Mexico,Americas,2025,Q1,1611504,361,223.82,314.12,62,31.9,80,4.6,8464.0,Estimated,Upper-Upscale,5,MXN,20.6597,-103.3496
TXN11245,2185,CHN05,Al Ula,Saudi Arabia,Middle East,2022,Q2,2296986,493,315.52,462.95,64,29.1,80,5.0,10398.0,Reported,Luxury,5,SAR,0.0,0.0
TXN11246,2186,CHN10,Sokcho,South Korea,Asia Pacific,2025,Q4,7917594,452,307.36,410.66,68,33.5,280,5.0,10874.0,Estimated,Luxury,5,KRW,38.207,128.5918
TXN11247,2187,CHN07,Merida,Mexico,Americas,2019,Q2,685558,86,62.78,80.89,73,18.7,120,4.3,3172.0,Reported,Midscale,3,MXN,20.9674,-89.5926
TXN11248,2188,CHN01,Merida,Mexico,Americas,2019,Q4,1528488,130,92.3,106.84,71,26.1,180,4.4,,Reported,Upscale,4,MXN,20.9674,-89.5926
TXN11249,2189,CHN05,Trabzon,Turkey,Europe/Middle East,2024,Q4,7806053,637,471.38,565.16,74,28.1,180,4.8,13904.0,Reported,Luxury,5,TRY,0.0,0.0
TXN11250,2190,CHN02,Amalfi,Italy,Europe,2022,Q4,1065434,94,52.64,63.2,56,26.4,220,4.1,3701.0,Reported,Midscale,3,EUR,40.634,14.6027
TXN11251,2191,CHN10,Ankara,Turkey,Europe/Middle East,2023,Q4,3082957,176,119.68,148.92,68,40.2,280,4.7,4974.0,Reported,Upscale,4,TRY,39.9334,32.8597
TXN11252,2192,CHN04,Edinburgh,UK,Europe,2024,Q4,5622893,321,218.28,255.45,68,39.3,280,4.7,8666.0,Reported,Upscale,4,GBP,55.9533,-3.1883
TXN11253,1730,CHN09,Cappadocia,Turkey,Europe/Middle East,2022,Q1,697392,167,96.86,119.89,58,20.9,80,4.6,12458.0,Reported,Upper-Upscale,4,TRY,38.6431,34.8289
TXN11254,2193,CHN08,Perth,Australia,Asia Pacific,2025,Q4,5729024,278,177.92,239.79,64,18.8,350,4.3,3968.0,Estimated,Upscale,4,AUD,-31.9505,115.8605
TXN11255,2194,CHN10,Surabaya,Indonesia,Asia Pacific,2019,Q3,3540749,844,641.44,835.37,76,36.8,60,4.8,12011.0,Reported,Luxury,5,IDR,-7.2575,112.7521
TXN11256,2195,CHN06,Sydney,Australia,Asia Pacific,2021,Q3,2200640,115,59.8,83.99,52,14.6,400,4.3,4751.0,Reported,Midscale,3,AUD,-33.8688,151.2093
TXN11257,2196,CHN07,Okinawa,Japan,Asia Pacific,2024,Q2,2132403,214,156.22,207.54,73,40.1,150,4.4,10249.0,Reported,Upscale,4,JPY,26.2124,127.6809
TXN11258,1820,CHN08,Changi,Singapore,Asia Pacific,2020,Q4,1092298,291,98.94,144.23,34,29.1,120,4.9,7102.0,Reported,Luxury,5,SGD,1.3644,103.9915
TXN11259,2197,CHN05,Cologne,Germany,Europe,2024,Q3,2561832,117,99.45,122.59,85,19.3,280,4.1,4055.0,Reported,Midscale,3,EUR,50.9333,6.95
TXN11260,2198,CHN11,Lisbon,Portugal,Europe,2021,Q4,809784,163,73.35,89.99,45,20.8,120,4.6,10681.0,Reported,Upscale,4,EUR,38.7223,-9.1393
TXN11261,2199,CHN02,Ras Al Khaimah,UAE,Middle East,2019,Q3,901968,95,81.7,115.45,86,8.0,120,4.2,3307.0,Reported,Midscale,3,AED,25.8007,55.9762
TXN11262,2200,CHN07,Milan,Italy,Europe,2023,Q2,915824,136,100.64,147.33,74,25.3,100,4.4,3665.0,Reported,Midscale,3,EUR,45.4654,9.1859
TXN11263,2201,CHN01,Munich,Germany,Europe,2025,Q2,7129231,558,435.24,596.79,78,27.8,180,5.0,10212.0,Estimated,Luxury,5,EUR,48.1351,11.582
TXN11264,2202,CHN12,Tulum,Mexico,Americas,2019,Q2,21848736,732,600.24,829.76,82,42.5,400,4.8,4105.0,Reported,Luxury,5,MXN,20.2114,-87.4654
TXN11265,2203,CHN08,Dammam,Saudi Arabia,Middle East,2022,Q4,1994854,176,98.56,113.73,56,36.0,220,4.7,7571.0,Reported,Upscale,4,SAR,26.4207,50.0888
TXN11266,2204,CHN04,Medan,Indonesia,Asia Pacific,2019,Q2,433033,103,79.31,102.14,77,12.0,60,4.3,616.0,Reported,Midscale,3,IDR,0.0,0.0
TXN11267,2205,CHN10,Valencia,Spain,Europe,2024,Q2,3869775,162,121.5,174.2,75,19.8,350,4.5,2688.0,Reported,Upscale,4,EUR,39.4699,-0.3763
TXN11268,2206,CHN11,Evora,Portugal,Europe,2020,Q3,741888,64,23.04,29.08,36,18.4,350,4.3,,Reported,Midscale,3,EUR,0.0,0.0
TXN11269,2207,CHN07,Sapa,Vietnam,Asia Pacific,2024,Q4,634800,100,69.0,96.52,69,18.7,100,4.1,538.0,Reported,Midscale,3,VND,0.0,0.0
TXN11270,2208,CHN03,Evora,Portugal,Europe,2024,Q1,3494988,201,138.69,156.3,69,27.1,280,4.4,2399.0,Reported,Upper-Upscale,4,EUR,0.0,0.0
TXN11271,1956,CHN02,Osaka,Japan,Asia Pacific,2019,Q3,6289046,313,244.14,349.06,78,25.9,280,4.6,12184.0,Reported,Upper-Upscale,4,JPY,34.6937,135.5023
TXN11272,1610,CHN10,Guangzhou,China,Asia Pacific,2019,Q2,694348,157,127.17,148.58,81,20.0,60,4.5,7328.0,Reported,Upscale,4,CNY,23.1291,113.2644
TXN11273,2209,CHN04,Trabzon,Turkey,Europe/Middle East,2020,Q4,1758120,364,127.4,184.43,35,31.4,150,5.0,7648.0,Reported,Luxury,5,TRY,0.0,0.0
TXN11274,2210,CHN10,Hamburg,Germany,Europe,2021,Q2,1212120,370,166.5,188.12,45,43.3,80,4.9,8232.0,Reported,Luxury,5,EUR,53.5511,9.9937
TXN11275,2211,CHN01,Fortaleza,Brazil,Americas,2023,Q3,7212800,245,196.0,261.91,80,43.5,400,4.4,5386.0,Reported,Upper-Upscale,4,BRL,-3.7319,-38.5267
TXN11276,2212,CHN06,Cannes,France,Europe,2023,Q2,420202,104,76.96,96.65,74,16.5,60,4.4,4015.0,Reported,Midscale,3,EUR,43.5528,7.0174
TXN11277,2213,CHN10,Melbourne,Australia,Asia Pacific,2024,Q3,19071232,632,518.24,725.02,82,20.4,400,4.9,1688.0,Reported,Luxury,5,AUD,-37.8136,144.9631
TXN11278,1091,CHN08,Kochi,India,Asia Pacific,2021,Q2,2140320,320,156.8,203.54,49,24.5,150,4.6,7646.0,Reported,Luxury,5,INR,9.9312,76.2673
TXN11279,2214,CHN03,Manaus,Brazil,Americas,2022,Q1,13012272,993,516.36,669.65,52,27.6,280,4.8,9637.0,Reported,Luxury,5,BRL,-3.119,-60.0217
TXN11280,2215,CHN09,Brasilia,Brazil,Americas,2020,Q3,1457280,110,39.6,54.08,36,20.3,400,4.6,12695.0,Reported,Upscale,4,BRL,-15.7975,-47.8919
TXN11281,2216,CHN06,Corfu,Greece,Europe,2021,Q1,278208,92,38.64,56.6,42,19.6,80,4.3,4191.0,Reported,Midscale,3,EUR,39.6243,19.9217
TXN11282,2217,CHN07,Puerto Vallarta,Mexico,Americas,2019,Q3,2562384,211,185.68,210.19,88,29.0,150,4.6,10545.0,Reported,Upscale,4,MXN,20.6534,-105.2253
TXN11283,2218,CHN02,Venice,Italy,Europe,2023,Q2,1195958,222,164.28,186.07,74,34.9,80,4.4,4658.0,Reported,Upscale,4,EUR,45.4408,12.3155
TXN11284,2219,CHN09,Cologne,Germany,Europe,2024,Q2,1676766,370,307.1,390.43,83,28.8,60,4.9,4345.0,Reported,Luxury,5,EUR,50.9333,6.95
TXN11285,2220,CHN04,Miami,USA,Americas,2019,Q3,2348070,205,170.15,229.21,83,23.8,150,4.6,3473.0,Reported,Upscale,4,USD,25.7617,-80.1918
TXN11286,2221,CHN12,Lisbon,Portugal,Europe,2022,Q1,1419264,128,71.68,86.31,56,20.7,220,4.2,2698.0,Reported,Midscale,3,EUR,38.7223,-9.1393
TXN11287,2222,CHN03,Barcelona,Spain,Europe,2025,Q3,4953133,253,192.28,258.97,76,25.5,280,4.4,7007.0,Estimated,Upper-Upscale,4,EUR,41.3851,2.1734
TXN11288,2223,CHN09,Berlin,Germany,Europe,2022,Q4,3210662,169,99.71,118.59,59,39.5,350,4.7,6693.0,Reported,Upscale,4,EUR,52.52,13.405
TXN11289,2224,CHN02,Marmaris,Turkey,Europe/Middle East,2019,Q2,3754296,382,275.04,399.92,72,21.7,150,4.9,2139.0,Reported,Upper-Upscale,5,TRY,36.8551,28.2553
TXN11290,2225,CHN12,Ajman,UAE,Middle East,2024,Q2,1318590,161,120.75,155.34,75,17.5,120,4.4,2716.0,Reported,Midscale,3,AED,25.4052,55.5136
TXN11291,2226,CHN01,Las Vegas,USA,Americas,2019,Q1,8041005,381,255.27,307.68,67,22.7,350,4.8,1279.0,Reported,Upper-Upscale,5,USD,36.1699,-115.1398
TXN11292,2227,CHN06,Ho Chi Minh City,Vietnam,Asia Pacific,2020,Q1,165726,33,10.23,13.79,31,11.3,180,4.0,4743.0,Reported,Economy,2,VND,10.8231,106.6297
TXN11293,2228,CHN05,Pamukkale,Turkey,Europe/Middle East,2022,Q2,612830,184,112.24,138.63,61,29.1,60,4.7,12805.0,Reported,Upscale,4,TRY,37.9214,29.1189
TXN11294,2229,CHN06,Abha,Saudi Arabia,Middle East,2019,Q1,989982,97,61.11,78.89,63,25.2,180,4.1,1721.0,Reported,Midscale,3,SAR,18.2164,42.5053
TXN11295,1302,CHN08,Jaipur,India,Asia Pacific,2024,Q2,4669974,232,183.28,240.97,79,36.4,280,4.6,12443.0,Reported,Upscale,4,INR,26.9124,75.7873
TXN11296,2230,CHN01,Delft,Netherlands,Europe,2022,Q1,20120400,1035,558.9,628.93,54,25.1,400,4.8,12393.0,Reported,Luxury,5,EUR,0.0,0.0
TXN11297,2231,CHN10,Rotterdam,Netherlands,Europe,2025,Q4,12138112,589,376.96,440.53,64,24.8,350,4.7,10148.0,Estimated,Luxury,5,EUR,51.9244,4.4777
TXN11298,2232,CHN06,Coimbra,Portugal,Europe,2021,Q4,400752,55,24.2,35.56,44,26.0,180,4.1,2635.0,Reported,Economy,2,EUR,0.0,0.0
TXN11299,2233,CHN10,Jaipur,India,Asia Pacific,2023,Q1,2887560,617,401.05,560.14,65,29.2,80,4.6,10376.0,Reported,Luxury,5,INR,26.9124,75.7873
TXN11300,2234,CHN07,Sydney,Australia,Asia Pacific,2022,Q3,3541190,243,174.96,236.97,72,27.5,220,4.4,8525.0,Reported,Upscale,4,AUD,-33.8688,151.2093
TXN11301,2235,CHN11,Leiden,Netherlands,Europe,2022,Q1,761292,266,140.98,183.78,53,41.6,60,4.8,3790.0,Reported,Upper-Upscale,5,EUR,0.0,0.0
TXN11302,2236,CHN05,Xian,China,Asia Pacific,2020,Q3,286672,82,31.16,41.61,38,18.7,100,4.1,4172.0,Reported,Midscale,3,CNY,34.3416,108.9398
TXN11303,2237,CHN05,Langkawi,Malaysia,Asia Pacific,2023,Q4,4922736,686,445.9,594.66,65,27.6,120,4.8,14298.0,Reported,Luxury,5,MYR,6.35,99.8
TXN11304,2238,CHN09,Darwin,Australia,Asia Pacific,2021,Q3,2495592,274,150.7,181.3,55,31.5,180,4.8,6137.0,Reported,Luxury,5,AUD,-12.4634,130.8456
TXN11305,2239,CHN12,Medina,Saudi Arabia,Middle East,2025,Q2,5725356,321,224.7,261.5,70,21.1,280,4.4,,Estimated,Upscale,4,SAR,24.5247,39.5692
TXN11306,2240,CHN11,Changi,Singapore,Asia Pacific,2025,Q3,683155,119,92.82,132.28,78,19.9,80,4.3,4671.0,Estimated,Midscale,3,SGD,1.3644,103.9915
TXN11307,2241,CHN07,Athens,Greece,Europe,2021,Q1,185976,82,34.44,43.98,42,27.0,60,4.2,4518.0,Reported,Midscale,3,EUR,37.9838,23.7275
TXN11308,2242,CHN06,Kota Kinabalu,Malaysia,Asia Pacific,2024,Q4,425040,110,77.0,98.6,70,14.8,60,4.4,4098.0,Reported,Midscale,3,MYR,5.9788,116.0753
TXN11309,2243,CHN02,Salvador,Brazil,Americas,2021,Q4,5301408,490,205.8,301.73,42,21.6,280,4.7,5971.0,Reported,Luxury,5,BRL,-12.9714,-38.5014
TXN11310,2244,CHN09,Meknes,Morocco,Africa,2022,Q3,2796156,307,202.62,266.14,66,25.6,150,4.9,13340.0,Reported,Luxury,5,MAD,0.0,0.0
TXN11311,2245,CHN03,Sintra,Portugal,Europe,2020,Q2,996596,131,49.78,62.0,38,41.2,220,4.4,13111.0,Reported,Upscale,4,EUR,38.7978,-9.3902
TXN11312,1951,CHN11,Marseille,France,Europe,2025,Q2,877149,119,96.39,119.52,81,19.9,100,4.3,3159.0,Estimated,Midscale,3,EUR,43.2965,5.3698
TXN11313,2246,CHN11,Cologne,Germany,Europe,2022,Q2,980580,79,48.98,65.14,62,22.8,220,4.4,2653.0,Reported,Midscale,3,EUR,50.9333,6.95
TXN11314,2247,CHN06,Makassar,Indonesia,Asia Pacific,2021,Q2,2218944,127,60.96,71.43,48,40.7,400,,2148.0,Reported,Upscale,4,IDR,0.0,0.0
TXN11315,2248,CHN07,Sao Paulo,Brazil,Americas,2024,Q2,3453050,224,172.48,214.8,77,31.0,220,4.4,7259.0,Reported,Upscale,4,BRL,-23.5505,-46.6333
TXN11316,2249,CHN06,Fortaleza,Brazil,Americas,2021,Q4,1275120,140,63.0,76.44,45,37.3,220,4.5,6599.0,Reported,Upscale,4,BRL,-3.7319,-38.5267
TXN11317,2250,CHN07,Genting,Malaysia,Asia Pacific,2021,Q2,862816,129,63.21,84.26,49,43.8,150,4.7,5880.0,Reported,Upscale,4,MYR,0.0,0.0
TXN11318,2251,CHN09,Hong Kong,China,Asia Pacific,2023,Q1,4284945,223,136.03,170.17,61,34.7,350,4.7,9828.0,Reported,Upscale,4,CNY,22.3193,114.1694
TXN11319,2252,CHN01,Berlin,Germany,Europe,2023,Q4,589978,167,106.88,139.4,64,33.5,60,4.4,1549.0,Reported,Upscale,4,EUR,52.52,13.405
TXN11320,2253,CHN06,Okinawa,Japan,Asia Pacific,2022,Q2,1314768,86,51.6,73.04,60,23.4,280,4.4,4219.0,Reported,Midscale,3,JPY,26.2124,127.6809
TXN11321,2254,CHN06,The Hague,Netherlands,Europe,2019,Q3,2184761,167,131.93,185.63,79,37.9,180,4.4,7241.0,Reported,Upscale,4,EUR,52.0705,4.3007
TXN11322,2255,CHN07,Mecca,Saudi Arabia,Middle East,2024,Q1,1119960,122,82.96,113.76,68,12.0,150,4.4,4287.0,Reported,Midscale,3,SAR,21.3891,39.8579
TXN11323,2256,CHN03,The Hague,Netherlands,Europe,2023,Q2,12403755,1165,908.7,1255.01,78,39.5,150,5.0,4297.0,Reported,Luxury,5,EUR,52.0705,4.3007
TXN11324,1330,CHN08,Eindhoven,Netherlands,Europe,2024,Q4,3027996,477,329.13,441.05,69,37.8,100,4.8,14305.0,Reported,Luxury,5,EUR,51.4416,5.4697
TXN11325,2257,CHN04,New Orleans,USA,Americas,2021,Q1,514080,136,57.12,69.27,42,32.3,100,4.4,14557.0,Reported,Upscale,4,USD,29.9511,-90.0715
TXN11326,2258,CHN08,Yokohama,Japan,Asia Pacific,2023,Q4,1561498,208,141.44,170.84,68,42.6,120,4.7,2065.0,Reported,Upscale,4,JPY,35.4437,139.638
TXN11327,2259,CHN09,Jeju Island,South Korea,Asia Pacific,2024,Q3,4632660,373,335.7,429.5,90,20.7,150,4.6,9774.0,Reported,Luxury,5,KRW,33.4996,126.5312
TXN11328,2260,CHN12,Venice,Italy,Europe,2021,Q2,1950367,243,119.07,149.45,49,29.3,180,4.5,6898.0,Reported,Upscale,4,EUR,45.4408,12.3155
TXN11329,2261,CHN07,Delft,Netherlands,Europe,2023,Q1,1332936,102,67.32,83.05,66,11.4,220,4.2,3906.0,Reported,Midscale,3,EUR,0.0,0.0
TXN11330,2262,CHN02,Hanoi,Vietnam,Asia Pacific,2023,Q3,3788928,715,514.8,724.46,72,21.0,80,4.7,3933.0,Reported,Luxury,5,VND,21.0285,105.8542
TXN11331,2263,CHN03,The Hague,Netherlands,Europe,2019,Q2,1291836,182,141.96,184.61,78,39.4,100,4.6,11398.0,Reported,Upscale,4,EUR,52.0705,4.3007
TXN11332,1198,CHN07,Bandung,Indonesia,Asia Pacific,2021,Q3,370944,120,67.2,97.9,56,30.1,60,4.6,1678.0,Reported,Upscale,4,IDR,-6.9175,107.6191
TXN11333,2264,CHN05,Rabat,Morocco,Africa,2019,Q1,1255824,114,77.52,90.92,68,26.0,180,4.2,798.0,Reported,Midscale,3,MAD,33.9716,-6.8498
TXN11334,2265,CHN12,Oxford,UK,Europe,2025,Q3,1273354,219,173.01,246.01,79,41.6,80,4.4,5441.0,Estimated,Upscale,4,GBP,51.752,-1.2577
TXN11335,2266,CHN09,Milan,Italy,Europe,2020,Q2,2263261,187,71.06,92.57,38,40.0,350,4.5,1312.0,Reported,Upper-Upscale,4,EUR,45.4654,9.1859
TXN11336,2267,CHN12,Liverpool,UK,Europe,2021,Q1,7817040,564,248.16,314.58,44,28.8,350,4.7,2304.0,Reported,Luxury,5,GBP,53.4084,-2.9916
TXN11337,2268,CHN04,Evora,Portugal,Europe,2021,Q1,3238200,257,102.8,128.39,40,34.7,350,4.9,11664.0,Reported,Upper-Upscale,5,EUR,0.0,0.0
TXN11338,2269,CHN10,Naples,Italy,Europe,2020,Q4,455400,100,33.0,47.84,33,38.2,150,4.5,6369.0,Reported,Upscale,4,EUR,40.8518,14.2681
TXN11339,1988,CHN09,Varanasi,India,Asia Pacific,2024,Q2,2471414,184,150.88,212.68,82,24.2,180,4.7,6346.0,Reported,Upscale,4,INR,25.3176,82.9739
TXN11340,2270,CHN08,Sapa,Vietnam,Asia Pacific,2021,Q2,1384074,388,190.12,212.98,49,22.0,80,4.7,12990.0,Reported,Luxury,5,VND,0.0,0.0
TXN11341,2271,CHN03,Busan,South Korea,Asia Pacific,2024,Q4,16010944,596,435.08,518.81,73,24.6,400,4.8,,Reported,Luxury,5,KRW,35.1796,129.0756
TXN11342,2272,CHN02,Yogyakarta,Indonesia,Asia Pacific,2025,Q1,1020600,100,63.0,76.09,63,11.1,180,4.3,2178.0,Estimated,Midscale,3,IDR,-7.7971,110.3688
TXN11343,2273,CHN09,Abu Dhabi,UAE,Middle East,2021,Q4,613180,155,66.65,95.92,43,31.6,100,4.6,6797.0,Reported,Upper-Upscale,4,AED,24.4539,54.3773
TXN11344,2274,CHN03,Kyoto,Japan,Asia Pacific,2021,Q1,1631520,206,82.4,99.08,40,40.7,220,4.7,2692.0,Reported,Upper-Upscale,4,JPY,35.0116,135.7681
TXN11345,2275,CHN07,Guadalajara,Mexico,Americas,2021,Q2,400400,40,20.0,27.22,50,26.8,220,3.8,3761.0,Reported,Economy,2,MXN,20.6597,-103.3496
TXN11346,2276,CHN07,Barcelona,Spain,Europe,2020,Q2,1683272,151,52.85,61.56,35,25.2,350,4.5,7093.0,Reported,Upscale,4,EUR,41.3851,2.1734
TXN11347,2277,CHN11,Pamukkale,Turkey,Europe/Middle East,2021,Q4,741888,64,28.8,38.87,45,10.3,280,4.1,3633.0,Reported,Midscale,3,TRY,37.9214,29.1189
TXN11348,2278,CHN03,Porto,Portugal,Europe,2024,Q1,771120,136,85.68,103.53,63,12.2,100,4.2,1867.0,Reported,Midscale,3,EUR,41.1579,-8.6291
TXN11349,2279,CHN03,Tabuk,Saudi Arabia,Middle East,2021,Q1,3624750,895,402.75,591.93,45,27.1,100,5.0,1918.0,Reported,Luxury,5,SAR,0.0,0.0
TXN11350,2280,CHN05,Hue,Vietnam,Asia Pacific,2020,Q3,1761984,144,54.72,70.33,38,40.0,350,4.5,10859.0,Reported,Upscale,4,VND,16.4637,107.5909
TXN11351,2281,CHN06,Surabaya,Indonesia,Asia Pacific,2020,Q1,171864,77,23.87,31.21,31,23.9,80,4.2,454.0,Reported,Midscale,3,IDR,-7.2575,112.7521
TXN11352,2282,CHN03,Kyoto,Japan,Asia Pacific,2019,Q2,11315486,1574,1243.46,1715.82,79,38.9,100,4.8,8489.0,Reported,Luxury,5,JPY,35.0116,135.7681
TXN11353,2283,CHN08,Changi,Singapore,Asia Pacific,2023,Q2,2444715,199,149.25,193.26,75,34.0,180,4.3,3146.0,Reported,Upscale,4,SGD,1.3644,103.9915
TXN11354,2284,CHN08,Brisbane,Australia,Asia Pacific,2024,Q3,3722688,562,505.8,724.92,90,21.3,80,4.9,11849.0,Reported,Luxury,5,AUD,-27.4698,153.0251
TXN11355,2285,CHN09,Marseille,France,Europe,2024,Q3,1765296,156,127.92,164.34,82,30.5,150,4.5,9406.0,Reported,Upscale,4,EUR,43.2965,5.3698
TXN11356,2286,CHN08,Pamukkale,Turkey,Europe/Middle East,2019,Q2,8856848,352,278.08,335.35,79,25.4,350,4.8,8473.0,Reported,Luxury,5,TRY,37.9214,29.1189
TXN11357,2287,CHN07,Hoi An,Vietnam,Asia Pacific,2019,Q1,1118250,175,124.25,167.54,71,37.7,100,4.6,9840.0,Reported,Upscale,4,VND,15.8801,108.338
TXN11358,2288,CHN12,Mecca,Saudi Arabia,Middle East,2024,Q2,1748365,316,240.16,305.47,76,25.3,80,4.5,13380.0,Reported,Upscale,4,SAR,21.3891,39.8579
TXN11359,2289,CHN12,Meknes,Morocco,Africa,2025,Q1,2286900,242,169.4,249.3,70,42.1,150,4.6,13910.0,Estimated,Upscale,4,MAD,0.0,0.0
TXN11360,2290,CHN02,Izmir,Turkey,Europe/Middle East,2023,Q4,913781,89,55.18,79.47,62,22.9,180,4.1,2265.0,Reported,Midscale,3,TRY,38.4192,27.1287
TXN11361,2291,CHN05,Yokohama,Japan,Asia Pacific,2019,Q3,1240086,203,168.49,197.15,83,33.9,80,,,Reported,Upscale,4,JPY,35.4437,139.638
TXN11362,2292,CHN02,Bath,UK,Europe,2021,Q1,184680,76,34.2,47.02,45,13.8,60,4.4,3434.0,Reported,Midscale,3,GBP,51.3811,-2.359
TXN11363,2293,CHN05,Leipzig,Germany,Europe,2020,Q3,627955,237,85.32,104.81,36,29.3,80,4.8,8557.0,Reported,Upper-Upscale,5,EUR,51.3397,12.3731
TXN11364,2294,CHN08,Busan,South Korea,Asia Pacific,2020,Q1,559872,324,103.68,149.23,32,26.8,60,5.0,5760.0,Reported,Luxury,5,KRW,35.1796,129.0756
TXN11365,2295,CHN12,NEOM,Saudi Arabia,Middle East,2021,Q4,1212192,244,109.8,153.26,45,43.8,120,4.5,7606.0,Reported,Upscale,4,SAR,0.0,0.0
TXN11366,1319,CHN06,Natal,Brazil,Americas,2019,Q3,1751680,64,54.4,68.05,85,24.2,350,3.9,1542.0,Reported,Economy,2,BRL,-5.7945,-35.211
TXN11367,2296,CHN08,Venice,Italy,Europe,2022,Q2,2075674,288,190.08,279.78,66,24.1,120,4.5,10923.0,Reported,Upscale,4,EUR,45.4408,12.3155
TXN11368,1812,CHN11,Essaouira,Morocco,Africa,2023,Q4,2799468,126,86.94,110.25,69,13.1,350,4.3,3153.0,Reported,Midscale,3,MAD,31.5125,-9.77
TXN11369,2297,CHN11,Marseille,France,Europe,2021,Q3,418968,69,37.95,45.06,55,19.8,120,4.2,2541.0,Reported,Midscale,3,EUR,43.2965,5.3698
TXN11370,2298,CHN03,Delphi,Greece,Europe,2025,Q4,1528488,130,92.3,109.45,71,24.4,180,4.4,1032.0,Estimated,Midscale,3,EUR,0.0,0.0
TXN11371,2299,CHN07,Florianopolis,Brazil,Americas,2025,Q4,917203,186,124.62,147.1,67,31.0,80,4.6,5699.0,Estimated,Upscale,4,BRL,-27.5954,-48.548
TXN11372,2300,CHN09,Bangkok,Thailand,Asia Pacific,2021,Q4,501952,124,54.56,77.07,44,25.0,100,4.6,6414.0,Reported,Upscale,4,THB,13.7563,100.5018
TXN11373,2301,CHN05,Guangzhou,China,Asia Pacific,2019,Q2,13858572,735,543.9,788.44,74,24.3,280,4.9,12317.0,Reported,Luxury,5,CNY,23.1291,113.2644
TXN11374,2302,CHN02,Milan,Italy,Europe,2023,Q4,2247192,590,407.1,538.7,69,41.1,60,4.9,11995.0,Reported,Upper-Upscale,5,EUR,45.4654,9.1859
TXN11375,2303,CHN10,Salvador,Brazil,Americas,2023,Q3,17214120,891,668.25,816.63,75,37.2,280,4.9,12338.0,Reported,Luxury,5,BRL,-12.9714,-38.5014
TXN11376,2304,CHN06,Bali,Indonesia,Asia Pacific,2022,Q3,1363440,152,98.8,129.33,65,38.7,150,4.6,13234.0,Reported,Upscale,4,IDR,-8.3405,115.092
TXN11377,2305,CHN11,Seoul,South Korea,Asia Pacific,2024,Q3,4913352,414,356.04,457.79,86,28.8,150,4.8,5973.0,Reported,Upper-Upscale,5,KRW,37.5665,126.978
TXN11378,2306,CHN11,Berlin,Germany,Europe,2020,Q3,942172,77,29.26,41.53,38,17.6,350,4.2,2585.0,Reported,Midscale,3,EUR,52.52,13.405
TXN11379,2307,CHN06,Perth,Australia,Asia Pacific,2025,Q3,727168,130,98.8,112.1,76,21.0,80,4.3,1264.0,Estimated,Midscale,3,AUD,-31.9505,115.8605
TXN11380,2308,CHN11,Honolulu,USA,Americas,2020,Q3,546682,73,27.01,37.52,37,26.6,220,4.4,541.0,Reported,Midscale,3,USD,21.3069,-157.8583
TXN11381,2309,CHN03,Heidelberg,Germany,Europe,2021,Q2,1717934,342,157.32,216.88,46,40.7,120,4.9,3093.0,Reported,Luxury,5,EUR,49.3988,8.6724
TXN11382,2310,CHN11,Pattaya,Thailand,Asia Pacific,2024,Q1,881820,115,81.65,113.54,71,24.5,120,4.1,2207.0,Reported,Midscale,3,THB,12.9236,100.8825
TXN11383,2311,CHN04,Sokcho,South Korea,Asia Pacific,2024,Q2,2854051,198,142.56,180.97,72,34.5,220,4.4,4203.0,Reported,Upscale,4,KRW,38.207,128.5918
TXN11384,2312,CHN03,Essaouira,Morocco,Africa,2022,Q3,3612840,170,112.2,150.65,66,28.7,350,4.4,11433.0,Reported,Upper-Upscale,4,MAD,31.5125,-9.77
TXN11385,2313,CHN05,Natal,Brazil,Americas,2024,Q3,2173003,243,196.83,242.97,81,23.3,120,4.4,5330.0,Reported,Upscale,4,BRL,-5.7945,-35.211
TXN11386,2314,CHN09,Agra,India,Asia Pacific,2025,Q1,2458368,194,124.16,156.7,64,20.7,220,4.4,8703.0,Estimated,Upper-Upscale,4,INR,27.1767,78.0081
TXN11387,2315,CHN06,Rio de Janeiro,Brazil,Americas,2020,Q2,352716,68,25.84,36.19,38,21.2,150,4.3,1111.0,Reported,Midscale,3,BRL,-22.9068,-43.1729
TXN11388,2316,CHN09,Sao Paulo,Brazil,Americas,2022,Q2,2373717,137,93.16,109.14,68,23.9,280,4.4,9254.0,Reported,Upscale,4,BRL,-23.5505,-46.6333
TXN11389,2317,CHN07,Sapporo,Japan,Asia Pacific,2023,Q2,342833,91,62.79,91.43,69,22.5,60,4.3,3246.0,Reported,Midscale,3,JPY,43.0618,141.3545
TXN11390,2318,CHN02,Malaga,Spain,Europe,2020,Q4,1250970,259,90.65,110.31,35,41.2,150,4.7,6927.0,Reported,Upper-Upscale,5,EUR,36.7213,-4.4214
TXN11391,2319,CHN11,Istanbul,Turkey,Europe/Middle East,2020,Q3,669024,101,40.4,52.67,40,9.1,180,4.1,508.0,Reported,Midscale,3,TRY,41.0082,28.9784
TXN11392,2320,CHN10,Meteora,Greece,Europe,2024,Q1,1232100,185,136.9,198.06,74,28.7,100,4.6,9906.0,Reported,Upscale,4,EUR,0.0,0.0
TXN11393,2321,CHN06,Sao Paulo,Brazil,Americas,2020,Q1,1040400,85,28.9,40.07,34,20.4,400,4.3,1139.0,Reported,Midscale,3,BRL,-23.5505,-46.6333
TXN11394,2322,CHN02,Guilin,China,Asia Pacific,2023,Q3,8238048,312,255.84,321.98,82,41.9,350,4.5,13836.0,Reported,Upper-Upscale,4,CNY,25.2736,110.2907
TXN11395,2323,CHN06,Chiang Mai,Thailand,Asia Pacific,2020,Q4,714674,107,35.31,41.99,33,26.5,220,4.5,14276.0,Reported,Upscale,4,THB,18.7883,98.9853
TXN11396,2324,CHN06,Okinawa,Japan,Asia Pacific,2024,Q1,282240,56,39.2,44.67,70,16.3,80,4.1,3649.0,Reported,Economy,2,JPY,26.2124,127.6809
TXN11397,1192,CHN10,Okinawa,Japan,Asia Pacific,2021,Q4,2823480,310,139.5,201.13,45,36.0,220,4.7,7660.0,Reported,Luxury,5,JPY,26.2124,127.6809
TXN11398,2325,CHN07,Madrid,Spain,Europe,2020,Q4,221904,134,40.2,49.63,30,41.3,60,4.5,3607.0,Reported,Upscale,4,EUR,40.4168,-3.7038
TXN11399,1677,CHN04,Manchester,UK,Europe,2023,Q2,2697240,390,296.4,340.72,76,19.2,100,4.9,2860.0,Reported,Upper-Upscale,5,GBP,53.4808,-2.2426
TXN11400,2326,CHN09,Ajman,UAE,Middle East,2025,Q2,1048593,167,115.23,156.27,69,35.0,100,4.7,5383.0,Estimated,Upscale,4,AED,25.4052,55.5136
TXN11401,2327,CHN11,Tabuk,Saudi Arabia,Middle East,2023,Q2,693202,92,63.48,87.58,69,14.8,120,4.3,2096.0,Reported,Midscale,3,SAR,0.0,0.0
TXN11402,2328,CHN07,Bangkok,Thailand,Asia Pacific,2019,Q1,696384,156,96.72,124.54,62,23.9,80,4.3,14015.0,Reported,Upscale,4,THB,13.7563,100.5018
TXN11403,2329,CHN03,Nagoya,Japan,Asia Pacific,2019,Q4,1856790,207,134.55,155.78,65,35.6,150,4.7,3339.0,Reported,Upscale,4,JPY,35.1815,136.9066
TXN11404,1482,CHN10,Clarke Quay,Singapore,Asia Pacific,2020,Q4,3503544,577,173.1,193.99,30,31.8,220,4.6,13620.0,Reported,Luxury,5,SGD,1.2906,103.8467
TXN11405,2330,CHN06,Zhangjiajie,China,Asia Pacific,2021,Q3,896227,82,44.28,57.83,54,9.8,220,4.1,784.0,Reported,Midscale,3,CNY,29.117,110.4793
TXN11406,1926,CHN04,Rotterdam,Netherlands,Europe,2021,Q4,1323144,255,119.85,144.05,47,37.4,120,4.9,5737.0,Reported,Upper-Upscale,5,EUR,51.9244,4.4777
TXN11407,2331,CHN06,Shanghai,China,Asia Pacific,2023,Q2,1904375,101,74.74,90.67,74,17.6,280,4.0,4622.0,Reported,Economy,2,CNY,31.2304,121.4737
TXN11408,2332,CHN06,Genting,Malaysia,Asia Pacific,2024,Q3,288475,67,52.26,61.39,78,12.5,60,3.9,3793.0,Reported,Economy,2,MYR,0.0,0.0
TXN11409,2333,CHN09,Oaxaca,Mexico,Americas,2022,Q4,1239019,129,74.82,92.59,58,35.5,180,4.5,6173.0,Reported,Upscale,4,MXN,17.0732,-96.7266
TXN11410,2334,CHN05,Johor Bahru,Malaysia,Asia Pacific,2023,Q2,4287520,553,392.63,501.51,71,40.5,120,4.8,13082.0,Reported,Luxury,5,MYR,1.4927,103.7414
TXN11411,2335,CHN03,Da Nang,Vietnam,Asia Pacific,2023,Q3,1679736,179,152.15,181.59,85,31.9,120,4.7,13453.0,Reported,Upper-Upscale,4,VND,16.0544,108.2022
TXN11412,2336,CHN03,Jeju Island,South Korea,Asia Pacific,2022,Q4,6725292,354,208.86,286.36,59,38.6,350,4.8,4137.0,Reported,Luxury,5,KRW,33.4996,126.5312
TXN11413,2337,CHN02,Kyoto,Japan,Asia Pacific,2023,Q4,5790554,1157,786.76,881.56,68,27.2,80,4.7,3322.0,Reported,Luxury,5,JPY,35.0116,135.7681
TXN11414,2338,CHN06,Rotterdam,Netherlands,Europe,2023,Q3,609408,69,55.2,74.7,80,20.7,120,4.0,1907.0,Reported,Economy,2,EUR,51.9244,4.4777
TXN11415,2339,CHN09,Surabaya,Indonesia,Asia Pacific,2019,Q2,2724322,168,136.08,191.18,81,39.9,220,4.7,3783.0,Reported,Upper-Upscale,4,IDR,-7.2575,112.7521
TXN11416,2340,CHN05,Yogyakarta,Indonesia,Asia Pacific,2019,Q2,8673392,460,340.4,484.33,74,26.6,280,4.7,12703.0,Reported,Luxury,5,IDR,-7.7971,110.3688
TXN11417,2341,CHN08,Lisbon,Portugal,Europe,2020,Q2,1628991,306,119.34,149.58,39,40.9,150,4.6,11368.0,Reported,Luxury,5,EUR,38.7223,-9.1393
TXN11418,2342,CHN09,Sintra,Portugal,Europe,2024,Q4,5265031,377,260.13,318.62,69,23.0,220,4.8,4559.0,Reported,Luxury,5,EUR,38.7978,-9.3902
TXN11419,2343,CHN04,Hua Hin,Thailand,Asia Pacific,2024,Q4,728640,200,132.0,158.94,66,32.4,60,4.5,4423.0,Reported,Upscale,4,THB,12.5684,99.9578
TXN11420,2344,CHN01,Edinburgh,UK,Europe,2024,Q2,2569840,353,282.4,347.4,80,26.1,100,4.7,14448.0,Reported,Upper-Upscale,5,GBP,55.9533,-3.1883
TXN11421,2345,CHN09,Ho Chi Minh City,Vietnam,Asia Pacific,2025,Q2,1454544,185,133.2,161.16,72,26.1,120,4.4,2512.0,Estimated,Upper-Upscale,4,VND,10.8231,106.6297
TXN11422,2346,CHN08,Bur Dubai,UAE,Middle East,2025,Q4,1333080,210,144.9,191.9,69,24.1,100,4.4,4282.0,Estimated,Upscale,4,AED,25.2535,55.296
TXN11423,2347,CHN03,Bali,Indonesia,Asia Pacific,2024,Q2,1851850,275,203.5,294.25,74,27.1,100,4.5,10347.0,Reported,Upscale,4,IDR,-8.3405,115.092
TXN11424,2348,CHN01,Madrid,Spain,Europe,2023,Q4,3182004,305,192.15,229.77,63,43.2,180,4.8,14904.0,Reported,Upper-Upscale,5,EUR,40.4168,-3.7038
TXN11425,2349,CHN07,Verona,Italy,Europe,2020,Q2,345290,62,21.08,25.03,34,26.8,180,4.3,2042.0,Reported,Midscale,3,EUR,45.4384,10.9916
TXN11426,2342,CHN09,Sintra,Portugal,Europe,2020,Q4,837053,223,75.82,100.13,34,32.9,120,4.8,11169.0,Reported,Luxury,5,EUR,38.7978,-9.3902
TXN11427,2350,CHN02,Lisbon,Portugal,Europe,2025,Q4,12362592,509,335.94,470.14,66,36.8,400,5.0,14010.0,Estimated,Upper-Upscale,5,EUR,38.7223,-9.1393
TXN11428,2351,CHN04,Dammam,Saudi Arabia,Middle East,2025,Q2,2716350,398,298.5,426.28,75,22.0,100,4.9,2852.0,Estimated,Upper-Upscale,5,SAR,26.4207,50.0888
TXN11429,1201,CHN10,Milan,Italy,Europe,2019,Q2,2016788,197,147.75,167.11,75,21.7,150,4.7,12768.0,Reported,Upscale,4,EUR,45.4654,9.1859
TXN11430,2352,CHN07,Hong Kong,China,Asia Pacific,2022,Q1,881496,84,44.52,55.99,53,26.3,220,4.0,1912.0,Reported,Economy,2,CNY,22.3193,114.1694
TXN11431,2353,CHN04,Sintra,Portugal,Europe,2021,Q3,1023408,206,111.24,126.77,54,19.3,100,4.4,4582.0,Reported,Upscale,4,EUR,38.7978,-9.3902
TXN11432,2354,CHN05,Brisbane,Australia,Asia Pacific,2023,Q3,13038682,666,506.16,583.78,76,25.8,280,4.7,8574.0,Reported,Luxury,5,AUD,-27.4698,153.0251
TXN11433,2355,CHN08,Santorini,Greece,Europe,2025,Q3,3417432,302,247.64,290.57,82,41.1,150,4.4,10766.0,Estimated,Upscale,4,EUR,36.3932,25.4615
TXN11434,2356,CHN06,Chefchaouen,Morocco,Africa,2023,Q4,841984,64,41.6,46.93,65,15.5,220,4.0,3973.0,Reported,Economy,2,MAD,35.1688,-5.2636
TXN11435,1100,CHN12,Valencia,Spain,Europe,2020,Q4,862776,521,156.3,186.41,30,22.8,60,4.9,3410.0,Reported,Luxury,5,EUR,39.4699,-0.3763
TXN11436,2357,CHN07,Nha Trang,Vietnam,Asia Pacific,2025,Q3,1737190,65,53.95,78.35,83,9.6,350,4.0,2285.0,Estimated,Economy,2,VND,12.2388,109.1967
TXN11437,2358,CHN08,Pamukkale,Turkey,Europe/Middle East,2024,Q2,4341464,479,397.57,498.59,83,24.5,120,4.7,8642.0,Reported,Luxury,5,TRY,37.9214,29.1189
TXN11438,2359,CHN01,Natal,Brazil,Americas,2021,Q3,664608,215,120.4,143.02,56,39.0,60,4.4,10559.0,Reported,Upper-Upscale,4,BRL,-5.7945,-35.211
TXN11439,1160,CHN06,Canberra,Australia,Asia Pacific,2022,Q4,694232,49,26.95,38.52,55,14.7,280,4.0,3294.0,Reported,Economy,2,AUD,-35.2809,149.13
TXN11440,2360,CHN11,Marina Bay,Singapore,Asia Pacific,2020,Q1,595188,334,110.22,144.61,33,26.6,60,4.9,10544.0,Reported,Upper-Upscale,5,SGD,1.2819,103.8636
TXN11441,2361,CHN12,Rhodes,Greece,Europe,2019,Q1,15340185,773,486.99,663.09,63,42.3,350,4.9,14334.0,Reported,Luxury,5,EUR,36.4349,28.2176
TXN11442,2362,CHN09,Belem,Brazil,Americas,2023,Q3,3274096,155,127.1,155.8,82,43.6,280,4.5,9310.0,Reported,Upscale,4,BRL,-1.4558,-48.5044
TXN11443,2363,CHN08,Rotterdam,Netherlands,Europe,2023,Q2,995030,201,136.68,178.06,68,28.8,80,4.4,13212.0,Reported,Upscale,4,EUR,51.9244,4.4777
TXN11444,2364,CHN02,Crete,Greece,Europe,2022,Q1,3178728,238,126.14,155.97,53,28.9,280,4.6,11825.0,Reported,Upper-Upscale,4,EUR,35.2401,24.8093
TXN11445,2365,CHN03,Medan,Indonesia,Asia Pacific,2021,Q1,1298880,82,36.08,47.78,44,12.9,400,4.3,537.0,Reported,Midscale,3,IDR,0.0,0.0
TXN11446,2366,CHN03,Yokohama,Japan,Asia Pacific,2019,Q1,9078912,1184,840.64,1110.68,71,20.0,120,4.7,5919.0,Reported,Luxury,5,JPY,35.4437,139.638
TXN11447,2367,CHN09,Pattaya,Thailand,Asia Pacific,2019,Q3,4035626,151,125.33,152.6,83,29.1,350,4.5,6446.0,Reported,Upscale,4,THB,12.9236,100.8825
TXN11448,2368,CHN04,Groningen,Netherlands,Europe,2022,Q3,7287504,287,198.03,228.66,69,20.4,400,4.8,12792.0,Reported,Upper-Upscale,5,EUR,0.0,0.0
TXN11449,1652,CHN11,Hong Kong,China,Asia Pacific,2021,Q4,1134470,367,154.14,212.14,42,19.7,80,4.8,13886.0,Reported,Upper-Upscale,5,CNY,22.3193,114.1694
TXN11450,2369,CHN02,Mykonos,Greece,Europe,2024,Q1,9480240,418,300.96,361.0,72,42.8,350,4.4,4693.0,Reported,Upper-Upscale,4,EUR,37.4467,25.3289
TXN11451,2370,CHN09,Liverpool,UK,Europe,2022,Q2,5980520,265,164.3,223.29,62,22.2,400,4.6,4829.0,Reported,Luxury,5,GBP,53.4084,-2.9916
TXN11452,2371,CHN11,Jurong,Singapore,Asia Pacific,2022,Q1,3016440,171,95.76,125.08,56,35.8,350,4.6,1513.0,Reported,Upscale,4,SGD,1.3404,103.709
TXN11453,2372,CHN12,Xian,China,Asia Pacific,2024,Q2,6908720,260,189.8,231.85,73,30.1,400,4.4,,Reported,Upscale,4,CNY,34.3416,108.9398
TXN11454,2373,CHN05,Osaka,Japan,Asia Pacific,2020,Q1,2428272,292,96.36,133.06,33,33.1,280,4.7,8534.0,Reported,Upper-Upscale,5,JPY,34.6937,135.5023
TXN11455,2374,CHN02,Lyon,France,Europe,2020,Q1,3389760,535,171.2,198.02,32,18.8,220,4.7,7674.0,Reported,Luxury,5,EUR,45.764,4.8357
TXN11456,2375,CHN06,Istanbul,Turkey,Europe/Middle East,2019,Q1,405216,84,56.28,82.22,67,18.8,80,4.0,2185.0,Reported,Economy,2,TRY,41.0082,28.9784
TXN11457,2376,CHN06,Hanoi,Vietnam,Asia Pacific,2022,Q2,263117,79,48.19,67.76,61,27.0,60,4.3,1108.0,Reported,Midscale,3,VND,21.0285,105.8542
TXN11458,2377,CHN07,Cologne,Germany,Europe,2020,Q1,203796,37,12.58,17.1,34,24.4,180,4.0,3523.0,Reported,Economy,2,EUR,50.9333,6.95
TXN11459,2378,CHN04,Okinawa,Japan,Asia Pacific,2023,Q4,1094340,305,198.25,286.16,65,33.5,60,4.6,11080.0,Reported,Upscale,4,JPY,26.2124,127.6809
TXN11460,2379,CHN08,Marrakech,Morocco,Africa,2022,Q1,7488000,400,208.0,234.53,52,20.6,400,4.7,12276.0,Reported,Luxury,5,MAD,31.6295,-7.9811
TXN11461,2380,CHN10,Puerto Vallarta,Mexico,Americas,2023,Q2,1566338,153,114.75,150.28,75,33.1,150,4.5,4352.0,Reported,Upscale,4,MXN,20.6534,-105.2253
TXN11462,2381,CHN04,Hamburg,Germany,Europe,2020,Q3,3466008,276,107.64,146.67,39,43.8,350,4.6,1708.0,Reported,Upper-Upscale,5,EUR,53.5511,9.9937
TXN11463,2382,CHN06,Jeonju,South Korea,Asia Pacific,2021,Q3,458013,127,62.23,79.37,49,18.8,80,4.4,8613.0,Reported,Upscale,4,KRW,35.8242,127.148
TXN11464,2383,CHN08,Jakarta,Indonesia,Asia Pacific,2025,Q1,7484400,540,378.0,479.11,70,39.5,220,4.7,5770.0,Estimated,Luxury,5,IDR,-6.2088,106.8456
TXN11465,2384,CHN09,Al Ula,Saudi Arabia,Middle East,2021,Q3,3985072,238,123.76,168.92,52,24.3,350,4.7,13340.0,Reported,Luxury,5,SAR,0.0,0.0
TXN11466,2385,CHN03,Hiroshima,Japan,Asia Pacific,2024,Q4,13684080,1340,991.6,1416.99,74,36.0,150,4.8,10332.0,Reported,Luxury,5,JPY,34.3853,132.4553
TXN11467,2230,CHN01,Delft,Netherlands,Europe,2025,Q4,6113952,1278,830.7,1098.41,65,26.8,80,4.8,10543.0,Estimated,Luxury,5,EUR,0.0,0.0
TXN11468,2386,CHN03,Sentosa,Singapore,Asia Pacific,2021,Q4,910800,150,66.0,87.15,44,20.4,150,4.6,2456.0,Reported,Upscale,4,SGD,1.2494,103.8303
TXN11469,1308,CHN05,Bordeaux,France,Europe,2022,Q2,684902,98,62.72,74.84,64,20.5,120,4.2,1578.0,Reported,Midscale,3,EUR,44.8378,-0.5792
TXN11470,2387,CHN12,Bandung,Indonesia,Asia Pacific,2022,Q3,3220000,625,437.5,577.62,70,38.7,80,4.9,10737.0,Reported,Luxury,5,IDR,-6.9175,107.6191
TXN11471,2388,CHN07,Frankfurt,Germany,Europe,2024,Q3,582912,72,63.36,72.66,88,17.9,100,4.0,3984.0,Reported,Economy,2,EUR,50.1109,8.6821
TXN11472,1955,CHN09,Edinburgh,UK,Europe,2022,Q4,4799088,276,149.04,181.48,54,27.5,350,4.8,3600.0,Reported,Luxury,5,GBP,55.9533,-3.1883
TXN11473,2389,CHN11,Leipzig,Germany,Europe,2022,Q2,1633632,264,179.52,212.26,68,19.2,100,4.7,12417.0,Reported,Upper-Upscale,5,EUR,51.3397,12.3731
TXN11474,2390,CHN01,Tabuk,Saudi Arabia,Middle East,2024,Q1,4645080,340,234.6,280.67,69,35.4,220,4.9,13845.0,Reported,Upper-Upscale,5,SAR,0.0,0.0
TXN11475,2391,CHN03,Ha Long Bay,Vietnam,Asia Pacific,2020,Q2,3358555,932,307.56,367.81,33,32.8,120,4.7,14563.0,Reported,Luxury,5,VND,20.9101,107.1839
TXN11476,1820,CHN08,Changi,Singapore,Asia Pacific,2022,Q2,4005602,328,200.08,261.64,61,30.6,220,4.8,10165.0,Reported,Luxury,5,SGD,1.3644,103.9915
TXN11477,2392,CHN07,Kuala Lumpur,Malaysia,Asia Pacific,2021,Q4,420182,173,76.12,108.99,44,23.3,60,4.7,11230.0,Reported,Upscale,4,MYR,3.139,101.6869
TXN11478,2393,CHN10,Lille,France,Europe,2019,Q3,10850112,432,336.96,418.4,78,19.8,350,5.0,6322.0,Reported,Luxury,5,EUR,50.6292,3.0573
TXN11479,2394,CHN04,Azores,Portugal,Europe,2023,Q3,3964611,649,538.67,698.31,83,25.9,80,4.9,3749.0,Reported,Luxury,5,EUR,0.0,0.0
TXN11480,2395,CHN11,Chinatown,Singapore,Asia Pacific,2020,Q3,287040,65,26.0,32.51,40,9.5,120,4.4,2904.0,Reported,Midscale,3,SGD,1.2826,103.8446
TXN11481,2396,CHN01,Fortaleza,Brazil,Americas,2025,Q1,2395116,331,221.77,274.25,67,31.1,120,4.9,5925.0,Estimated,Upper-Upscale,5,BRL,-3.7319,-38.5267
TXN11482,2397,CHN06,Honolulu,USA,Americas,2021,Q1,202500,50,22.5,28.38,45,21.3,100,4.1,4141.0,Reported,Economy,2,USD,21.3069,-157.8583
TXN11483,2398,CHN05,Sentosa,Singapore,Asia Pacific,2024,Q4,11437440,480,355.2,407.11,74,20.2,350,5.0,10446.0,Reported,Luxury,5,SGD,1.2494,103.8303
TXN11484,2399,CHN05,JBR,UAE,Middle East,2025,Q2,6879673,484,343.64,475.82,71,34.1,220,4.8,2214.0,Estimated,Luxury,5,AED,25.0777,55.1308
TXN11485,2400,CHN10,Essaouira,Morocco,Africa,2019,Q3,17379536,569,472.27,555.23,83,43.5,400,4.6,12939.0,Reported,Luxury,5,MAD,31.5125,-9.77
TXN11486,2401,CHN07,Rome,Italy,Europe,2025,Q2,1219218,290,223.3,279.07,77,36.4,60,4.6,4964.0,Estimated,Upscale,4,EUR,41.9028,12.4964
TXN11487,2389,CHN11,Leipzig,Germany,Europe,2024,Q3,2252160,288,244.8,338.28,85,28.5,100,4.6,9771.0,Reported,Upper-Upscale,5,EUR,51.3397,12.3731
TXN11488,1555,CHN06,Abha,Saudi Arabia,Middle East,2022,Q3,166925,48,30.24,42.07,63,19.8,60,4.1,3239.0,Reported,Economy,2,SAR,18.2164,42.5053
TXN11489,2402,CHN03,Meteora,Greece,Europe,2022,Q4,5384024,1009,585.22,704.85,58,23.5,100,4.8,1745.0,Reported,Luxury,5,EUR,0.0,0.0
TXN11490,2403,CHN05,Istanbul,Turkey,Europe/Middle East,2024,Q1,539082,149,99.83,147.08,67,23.8,60,4.3,2725.0,Reported,Midscale,3,TRY,41.0082,28.9784
TXN11491,2404,CHN05,Bali,Indonesia,Asia Pacific,2019,Q1,2048004,602,379.26,489.33,63,38.0,60,4.8,4674.0,Reported,Luxury,5,IDR,-8.3405,115.092
TXN11492,2405,CHN02,Cascais,Portugal,Europe,2022,Q3,2350140,262,170.3,193.84,65,18.5,150,4.6,6691.0,Reported,Upper-Upscale,4,EUR,0.0,0.0
TXN11493,2406,CHN06,Cairns,Australia,Asia Pacific,2019,Q3,1622880,60,50.4,71.86,84,16.8,350,3.9,3170.0,Reported,Economy,2,AUD,-16.9186,145.7781
TXN11494,2407,CHN06,Komodo,Indonesia,Asia Pacific,2025,Q3,1814240,58,49.3,71.13,85,18.1,400,4.0,2252.0,Estimated,Economy,2,IDR,0.0,0.0
TXN11495,2408,CHN09,Bugis,Singapore,Asia Pacific,2025,Q3,2052281,153,123.93,143.06,81,22.9,180,4.5,14216.0,Estimated,Upscale,4,SGD,1.3006,103.8551
TXN11496,2409,CHN05,Rio de Janeiro,Brazil,Americas,2023,Q4,5805568,232,157.76,187.8,68,43.4,400,4.4,8458.0,Reported,Upscale,4,BRL,-22.9068,-43.1729
TXN11497,2410,CHN10,Sydney,Australia,Asia Pacific,2025,Q3,15607800,1300,1131.0,1507.93,87,24.9,150,,4844.0,Estimated,Luxury,5,AUD,-33.8688,151.2093
TXN11498,1864,CHN09,Koh Samui,Thailand,Asia Pacific,2019,Q1,3388770,163,107.58,122.68,66,19.7,350,4.5,4945.0,Reported,Upscale,4,THB,9.512,100.0136
TXN11499,2411,CHN08,Seville,Spain,Europe,2019,Q1,2737476,357,253.47,358.5,71,34.7,120,4.9,4605.0,Reported,Luxury,5,EUR,37.3891,-5.9845
TXN11500,2412,CHN11,Bath,UK,Europe,2023,Q3,3659594,287,220.99,255.65,77,25.4,180,4.6,4320.0,Reported,Upper-Upscale,5,GBP,51.3811,-2.359
TXN11501,2413,CHN11,Birmingham,UK,Europe,2019,Q2,1037400,95,76.0,106.03,80,11.6,150,4.1,1164.0,Reported,Midscale,3,GBP,52.4862,-1.8904
TXN11502,2414,CHN10,Seoul,South Korea,Asia Pacific,2022,Q1,5467392,904,506.24,624.75,56,24.3,120,4.9,10205.0,Reported,Luxury,5,KRW,37.5665,126.978
TXN11503,2415,CHN03,Casablanca,Morocco,Africa,2022,Q1,4241664,1052,589.12,755.05,56,38.4,80,4.6,2931.0,Reported,Luxury,5,MAD,33.5731,-7.5898
TXN11504,2416,CHN12,Corfu,Greece,Europe,2021,Q4,740563,234,100.62,121.55,43,30.0,80,4.7,11975.0,Reported,Upscale,4,EUR,39.6243,19.9217
TXN11505,2417,CHN06,Chinatown,Singapore,Asia Pacific,2023,Q2,949385,54,37.26,44.62,69,11.7,280,3.8,4903.0,Reported,Economy,2,SGD,1.2826,103.8446
TXN11506,2418,CHN02,Ho Chi Minh City,Vietnam,Asia Pacific,2024,Q1,20872800,892,579.8,818.53,65,34.3,400,4.7,11390.0,Reported,Luxury,5,VND,10.8231,106.6297
TXN11507,2419,CHN12,Sharjah,UAE,Middle East,2019,Q1,1359990,219,151.11,174.9,69,29.1,100,4.4,14900.0,Reported,Upscale,4,AED,25.3463,55.4209
TXN11508,2420,CHN11,Hue,Vietnam,Asia Pacific,2025,Q4,2776928,196,137.2,164.32,70,37.7,220,4.3,6985.0,Estimated,Upscale,4,VND,16.4637,107.5909
TXN11509,2421,CHN02,Da Lat,Vietnam,Asia Pacific,2025,Q3,463680,100,84.0,107.97,84,19.8,60,4.1,1855.0,Estimated,Midscale,3,VND,0.0,0.0
TXN11510,2422,CHN07,Kyoto,Japan,Asia Pacific,2023,Q3,1200600,290,217.5,309.14,75,30.9,60,4.6,12856.0,Reported,Upscale,4,JPY,35.0116,135.7681
TXN11511,2423,CHN09,Bur Dubai,UAE,Middle East,2023,Q3,2584243,152,127.68,173.89,84,29.8,220,4.4,4133.0,Reported,Upscale,4,AED,25.2535,55.296
TXN11512,2424,CHN12,Beijing,China,Asia Pacific,2024,Q4,28802624,1151,782.68,1131.9,68,42.9,400,5.0,14126.0,Reported,Luxury,5,CNY,39.9042,116.4074
TXN11513,2425,CHN12,Labuan Bajo,Indonesia,Asia Pacific,2019,Q2,1298661,134,95.14,125.63,71,14.6,150,4.2,1796.0,Reported,Midscale,3,IDR,0.0,0.0
TXN11514,2426,CHN05,Heidelberg,Germany,Europe,2025,Q1,2239920,680,414.8,544.69,61,27.5,60,4.9,14228.0,Estimated,Luxury,5,EUR,49.3988,8.6724
TXN11515,2427,CHN04,Tulum,Mexico,Americas,2022,Q1,1246536,398,230.84,301.1,58,38.5,60,4.8,12052.0,Reported,Luxury,5,MXN,20.2114,-87.4654
TXN11516,2428,CHN05,New York,USA,Americas,2024,Q2,12099497,469,379.89,469.23,81,36.7,350,4.6,11848.0,Reported,Upscale,4,USD,40.7128,-74.006
TXN11517,2429,CHN05,Agra,India,Asia Pacific,2022,Q1,5981580,570,302.1,414.18,53,33.0,220,4.7,7071.0,Reported,Luxury,5,INR,27.1767,78.0081
TXN11518,2430,CHN08,Woodlands,Singapore,Asia Pacific,2020,Q3,2683824,340,132.6,166.21,39,39.5,220,4.9,6691.0,Reported,Luxury,5,SGD,1.437,103.7862
TXN11519,2431,CHN03,Chicago,USA,Americas,2019,Q3,6009955,633,544.38,627.2,86,42.4,120,4.9,11426.0,Reported,Luxury,5,USD,41.8781,-87.6298
TXN11520,2432,CHN01,Hua Hin,Thailand,Asia Pacific,2020,Q3,2281306,216,88.56,108.99,41,23.5,280,4.7,10183.0,Reported,Upper-Upscale,5,THB,12.5684,99.9578
TXN11521,2433,CHN04,Paris,France,Europe,2020,Q1,1841400,660,204.6,251.47,31,27.1,100,4.9,2234.0,Reported,Luxury,5,EUR,48.8566,2.3522
TXN11522,1670,CHN10,Lyon,France,Europe,2019,Q4,10627546,573,412.56,543.05,72,43.8,280,4.9,12679.0,Reported,Luxury,5,EUR,45.764,4.8357
TXN11523,2434,CHN04,Woodlands,Singapore,Asia Pacific,2019,Q2,420420,75,57.75,67.36,77,10.7,80,4.0,3746.0,Reported,Economy,2,SGD,1.437,103.7862
TXN11524,2435,CHN02,Dammam,Saudi Arabia,Middle East,2025,Q1,5058900,803,562.1,744.46,70,42.2,100,4.8,9225.0,Estimated,Luxury,5,SAR,26.4207,50.0888
TXN11525,2436,CHN11,Kuching,Malaysia,Asia Pacific,2025,Q3,4090430,201,158.79,179.96,79,21.5,280,4.4,6617.0,Estimated,Upscale,4,MYR,1.5497,110.3626
TXN11526,2437,CHN03,Mexico City,Mexico,Americas,2023,Q1,9725625,475,308.75,454.38,65,30.0,350,5.0,5502.0,Reported,Luxury,5,MXN,19.4326,-99.1332
TXN11527,2438,CHN06,Ras Al Khaimah,UAE,Middle East,2024,Q2,1262789,59,49.56,64.46,84,16.3,280,3.8,3653.0,Reported,Economy,2,AED,25.8007,55.9762
TXN11528,2439,CHN10,Koh Samui,Thailand,Asia Pacific,2020,Q1,789264,108,31.32,44.24,29,19.3,280,4.4,14892.0,Reported,Upscale,4,THB,9.512,100.0136
TXN11529,2440,CHN05,Jeonju,South Korea,Asia Pacific,2021,Q4,652740,165,70.95,101.62,43,35.3,100,4.4,8722.0,Reported,Upscale,4,KRW,35.8242,127.148
TXN11530,2441,CHN06,Mumbai,India,Asia Pacific,2020,Q1,112320,39,12.48,17.78,32,26.2,100,3.9,1697.0,Reported,Economy,2,INR,19.076,72.8777
TXN11531,2442,CHN12,Brisbane,Australia,Asia Pacific,2023,Q2,10838974,932,661.72,777.78,71,24.7,180,4.9,12576.0,Reported,Luxury,5,AUD,-27.4698,153.0251
TXN11532,2443,CHN06,Phu Quoc,Vietnam,Asia Pacific,2023,Q1,406260,74,45.14,55.01,61,19.8,100,3.9,1577.0,Reported,Economy,2,VND,10.2899,103.984
TXN11533,2444,CHN11,Kuching,Malaysia,Asia Pacific,2022,Q3,1695008,94,65.8,78.86,70,24.7,280,4.1,1380.0,Reported,Midscale,3,MYR,1.5497,110.3626
TXN11534,2445,CHN09,Bordeaux,France,Europe,2020,Q1,582714,109,35.97,51.88,33,33.7,180,4.4,6058.0,Reported,Upscale,4,EUR,44.8378,-0.5792
TXN11535,2446,CHN03,Hanoi,Vietnam,Asia Pacific,2021,Q1,259200,80,36.0,50.89,45,25.3,80,4.3,1724.0,Reported,Midscale,3,VND,21.0285,105.8542
TXN11536,2447,CHN11,Melbourne,Australia,Asia Pacific,2025,Q3,3781890,145,117.45,170.91,81,19.5,350,4.4,3843.0,Estimated,Midscale,3,AUD,-37.8136,144.9631
TXN11537,2448,CHN02,Johor Bahru,Malaysia,Asia Pacific,2021,Q2,2991097,559,273.91,353.21,49,36.1,120,4.8,14851.0,Reported,Luxury,5,MYR,1.4927,103.7414
TXN11538,2449,CHN11,Dusseldorf,Germany,Europe,2019,Q4,1270667,86,62.78,80.95,73,9.0,220,4.4,2791.0,Reported,Midscale,3,EUR,51.2217,6.7762
TXN11539,2412,CHN11,Bath,UK,Europe,2024,Q3,8462160,292,262.8,383.08,90,18.9,350,4.8,9417.0,Reported,Upper-Upscale,5,GBP,51.3811,-2.359
TXN11540,2450,CHN02,Trabzon,Turkey,Europe/Middle East,2020,Q3,459540,75,27.75,40.89,37,26.5,180,4.3,3322.0,Reported,Midscale,3,TRY,0.0,0.0
TXN11541,2451,CHN01,Meteora,Greece,Europe,2021,Q1,825552,196,76.44,108.67,39,22.1,120,4.3,13415.0,Reported,Upper-Upscale,4,EUR,0.0,0.0
TXN11542,2452,CHN12,Edinburgh,UK,Europe,2019,Q1,3109176,199,123.38,155.08,62,19.4,280,4.6,11025.0,Reported,Upscale,4,GBP,55.9533,-3.1883
TXN11543,2453,CHN03,Sokcho,South Korea,Asia Pacific,2024,Q1,1166400,225,162.0,197.19,72,39.8,80,4.4,3303.0,Reported,Upper-Upscale,4,KRW,38.207,128.5918
TXN11544,2454,CHN12,Ankara,Turkey,Europe/Middle East,2023,Q1,2937600,136,81.6,104.01,60,18.7,400,4.2,2199.0,Reported,Midscale,3,TRY,39.9334,32.8597
TXN11545,2455,CHN04,Barcelona,Spain,Europe,2022,Q3,4779584,191,129.88,192.12,68,41.3,400,4.5,7250.0,Reported,Upscale,4,EUR,41.3851,2.1734
TXN11546,2456,CHN05,Mumbai,India,Asia Pacific,2020,Q3,384744,85,34.85,40.97,41,16.7,120,4.1,1919.0,Reported,Midscale,3,INR,19.076,72.8777
TXN11547,1516,CHN03,Verona,Italy,Europe,2020,Q2,4253340,820,311.6,356.16,38,36.7,150,4.8,6301.0,Reported,Luxury,5,EUR,45.4384,10.9916
TXN11548,1317,CHN12,Andong,South Korea,Asia Pacific,2020,Q3,5445149,542,211.38,291.66,39,28.5,280,4.9,1253.0,Reported,Luxury,5,KRW,36.5684,128.7294
TXN11549,2457,CHN02,Oxford,UK,Europe,2021,Q2,2358556,231,117.81,144.83,51,24.6,220,4.6,1325.0,Reported,Upper-Upscale,4,GBP,51.752,-1.2577
TXN11550,2458,CHN04,Brasilia,Brazil,Americas,2022,Q3,2248848,291,203.7,279.77,70,34.7,120,4.7,4867.0,Reported,Upper-Upscale,5,BRL,-15.7975,-47.8919
TXN11551,2459,CHN06,Deira,UAE,Middle East,2021,Q1,626940,90,38.7,43.48,43,8.6,180,4.2,4561.0,Reported,Midscale,3,AED,25.2697,55.3095
TXN11552,1252,CHN04,Fortaleza,Brazil,Americas,2023,Q2,8634226,599,431.28,524.25,72,39.6,220,5.0,11857.0,Reported,Luxury,5,BRL,-3.7319,-38.5267
TXN11553,2460,CHN06,Chefchaouen,Morocco,Africa,2024,Q3,792120,105,86.1,111.16,82,13.0,100,4.2,3127.0,Reported,Midscale,3,MAD,35.1688,-5.2636
TXN11554,2461,CHN07,Sintra,Portugal,Europe,2020,Q2,125252,62,22.94,28.78,37,11.1,60,4.2,1507.0,Reported,Midscale,3,EUR,38.7978,-9.3902
TXN11555,2462,CHN01,Medan,Indonesia,Asia Pacific,2019,Q1,5627160,319,223.3,254.17,70,43.9,280,4.7,10909.0,Reported,Upper-Upscale,5,IDR,0.0,0.0
TXN11556,2463,CHN07,Incheon,South Korea,Asia Pacific,2020,Q4,605682,133,43.89,61.07,33,20.4,150,4.6,13493.0,Reported,Upscale,4,KRW,37.4563,126.7052
TXN11557,2464,CHN10,Mykonos,Greece,Europe,2021,Q2,698006,188,95.88,109.27,51,29.9,80,4.5,9139.0,Reported,Upscale,4,EUR,37.4467,25.3289
TXN11558,1427,CHN09,Chicago,USA,Americas,2025,Q4,5459280,215,148.35,217.02,69,20.2,400,4.5,5840.0,Estimated,Upscale,4,USD,41.8781,-87.6298
TXN11559,2465,CHN05,Strasbourg,France,Europe,2020,Q1,3836160,333,106.56,142.99,32,43.7,400,4.9,1140.0,Reported,Luxury,5,EUR,48.5734,7.7521
TXN11560,2466,CHN01,Bangkok,Thailand,Asia Pacific,2024,Q1,700920,118,77.88,89.84,66,25.8,100,4.1,3402.0,Reported,Upscale,3,THB,13.7563,100.5018
TXN11561,2467,CHN08,Recife,Brazil,Americas,2021,Q3,2368080,286,143.0,169.86,50,25.2,180,4.9,13804.0,Reported,Luxury,5,BRL,-8.0476,-34.877
TXN11562,2468,CHN05,Guadalajara,Mexico,Americas,2023,Q3,5095512,362,307.7,375.8,85,25.0,180,4.7,11048.0,Reported,Upper-Upscale,5,MXN,20.6597,-103.3496
TXN11563,2469,CHN01,Perth,Australia,Asia Pacific,2021,Q3,3005640,396,217.8,317.23,55,32.2,150,5.0,5223.0,Reported,Luxury,5,AUD,-31.9505,115.8605
TXN11564,2470,CHN05,Palermo,Italy,Europe,2022,Q3,3907829,342,235.98,309.28,69,42.4,180,4.9,12318.0,Reported,Upper-Upscale,5,EUR,38.1157,13.3615
TXN11565,2471,CHN05,York,UK,Europe,2019,Q2,4343976,340,265.2,348.18,78,33.9,180,4.7,8098.0,Reported,Upper-Upscale,5,GBP,53.96,-1.0873
TXN11566,2472,CHN06,Mumbai,India,Asia Pacific,2024,Q3,1603008,110,96.8,126.63,88,16.3,180,4.3,2902.0,Reported,Midscale,3,INR,19.076,72.8777
TXN11567,2473,CHN06,Gold Coast,Australia,Asia Pacific,2019,Q4,1504384,64,46.72,61.97,73,10.3,350,3.9,4199.0,Reported,Economy,2,AUD,-28.0167,153.4
TXN11568,2474,CHN03,Toulouse,France,Europe,2021,Q4,3767474,454,186.14,251.45,41,24.8,220,4.9,1004.0,Reported,Luxury,5,EUR,43.6047,1.4442
TXN11569,1116,CHN12,Perth,Australia,Asia Pacific,2023,Q1,1626300,278,180.7,211.34,65,32.4,100,4.6,6775.0,Reported,Upscale,4,AUD,-31.9505,115.8605
TXN11570,2475,CHN11,Lille,France,Europe,2020,Q2,194594,81,26.73,32.79,33,25.8,80,4.2,4574.0,Reported,Midscale,3,EUR,50.6292,3.0573
TXN11571,2476,CHN12,Maastricht,Netherlands,Europe,2020,Q3,1478109,151,57.38,66.35,38,38.1,280,4.4,13053.0,Reported,Upscale,4,EUR,50.8514,5.691
TXN11572,2477,CHN07,Hong Kong,China,Asia Pacific,2019,Q2,1376430,259,189.07,213.46,73,34.9,80,4.3,13362.0,Reported,Upscale,4,CNY,22.3193,114.1694
TXN11573,2478,CHN11,Azores,Portugal,Europe,2020,Q4,141312,80,25.6,36.29,32,22.1,60,4.1,2636.0,Reported,Midscale,3,EUR,0.0,0.0
TXN11574,2479,CHN07,Haarlem,Netherlands,Europe,2022,Q4,720838,166,97.94,143.28,59,37.5,80,4.7,14592.0,Reported,Upscale,4,EUR,0.0,0.0
TXN11575,2480,CHN09,NEOM,Saudi Arabia,Middle East,2019,Q1,4088700,295,206.5,254.17,70,25.0,220,4.8,6172.0,Reported,Luxury,5,SAR,0.0,0.0
TXN11576,2481,CHN03,Bodrum,Turkey,Europe/Middle East,2023,Q2,1680806,208,153.92,227.05,74,21.2,120,4.3,1824.0,Reported,Upper-Upscale,4,TRY,37.0344,27.4305
TXN11577,2482,CHN12,Granada,Spain,Europe,2023,Q1,1710720,144,86.4,105.71,60,20.6,220,4.4,586.0,Reported,Midscale,3,EUR,37.1773,-3.5986
TXN11578,2483,CHN02,Chefchaouen,Morocco,Africa,2022,Q3,4134756,633,449.43,565.95,71,36.4,100,4.6,3638.0,Reported,Luxury,5,MAD,35.1688,-5.2636
TXN11579,2484,CHN12,Leipzig,Germany,Europe,2024,Q3,3786444,269,228.65,331.24,85,41.0,180,4.4,7159.0,Reported,Upscale,4,EUR,51.3397,12.3731
TXN11580,2485,CHN11,Oaxaca,Mexico,Americas,2021,Q3,816077,84,40.32,46.95,48,26.4,220,4.1,3580.0,Reported,Midscale,3,MXN,17.0732,-96.7266
TXN11581,2486,CHN10,Merida,Mexico,Americas,2021,Q3,4257990,605,308.55,454.21,51,39.3,150,4.9,7801.0,Reported,Luxury,5,MXN,20.9674,-89.5926
TXN11582,2487,CHN04,Orchard Road,Singapore,Asia Pacific,2024,Q4,2851632,123,88.56,123.2,72,25.1,350,,983.0,Reported,Economy,2,SGD,1.3048,103.8318
TXN11583,2289,CHN12,Meknes,Morocco,Africa,2022,Q2,2494892,186,124.62,180.89,67,19.8,220,4.7,4845.0,Reported,Upscale,4,MAD,0.0,0.0
TXN11584,2488,CHN11,Bologna,Italy,Europe,2023,Q2,2419817,187,147.73,183.01,79,43.9,180,4.5,9736.0,Reported,Upscale,4,EUR,44.4949,11.3426
TXN11585,2489,CHN09,Evora,Portugal,Europe,2025,Q1,1877904,378,260.82,333.74,69,40.6,80,4.8,11450.0,Estimated,Luxury,5,EUR,0.0,0.0
TXN11586,2490,CHN05,Suwon,South Korea,Asia Pacific,2025,Q2,11657100,610,457.5,670.73,75,30.4,280,4.7,13220.0,Estimated,Luxury,5,KRW,37.2636,127.0286
TXN11587,2491,CHN10,Shanghai,China,Asia Pacific,2020,Q3,331862,167,60.12,75.54,36,35.7,60,4.5,7370.0,Reported,Upscale,4,CNY,31.2304,121.4737
TXN11588,2252,CHN01,Berlin,Germany,Europe,2023,Q2,1401582,151,102.68,119.31,68,39.2,150,4.4,10842.0,Reported,Upscale,4,EUR,52.52,13.405
TXN11589,2492,CHN05,Phuket,Thailand,Asia Pacific,2019,Q4,8288280,630,409.5,526.68,65,19.1,220,4.8,12856.0,Reported,Luxury,5,THB,7.8804,98.3923
TXN11590,2493,CHN10,Kanchanaburi,Thailand,Asia Pacific,2022,Q4,9690912,528,300.96,420.99,57,27.0,350,4.9,3978.0,Reported,Luxury,5,THB,0.0,0.0
TXN11591,2494,CHN10,Adelaide,Australia,Asia Pacific,2024,Q1,6614784,522,334.08,435.83,64,26.9,220,4.9,4321.0,Reported,Luxury,5,AUD,-34.9285,138.6007
TXN11592,2495,CHN06,Andong,South Korea,Asia Pacific,2024,Q1,447984,61,41.48,50.8,68,20.7,120,3.9,2711.0,Reported,Economy,2,KRW,36.5684,128.7294
TXN11593,1099,CHN12,Groningen,Netherlands,Europe,2021,Q1,646380,114,47.88,67.36,42,19.5,150,4.4,3388.0,Reported,Midscale,3,EUR,0.0,0.0
TXN11594,2496,CHN05,Valencia,Spain,Europe,2024,Q1,2698920,126,85.68,115.69,68,19.7,350,4.3,2541.0,Reported,Midscale,3,EUR,39.4699,-0.3763
TXN11595,2497,CHN06,Marmaris,Turkey,Europe/Middle East,2019,Q3,365148,49,39.69,53.4,81,10.3,100,3.8,1443.0,Reported,Economy,2,TRY,36.8551,28.2553
TXN11596,2498,CHN10,Agadir,Morocco,Africa,2023,Q1,7437024,476,295.12,423.47,62,36.8,280,4.8,9329.0,Reported,Luxury,5,MAD,30.4278,-9.5981
TXN11597,2499,CHN01,Trabzon,Turkey,Europe/Middle East,2022,Q4,3642188,295,179.95,264.77,61,31.7,220,4.7,9777.0,Reported,Upper-Upscale,5,TRY,0.0,0.0
TXN11598,2500,CHN07,Zakynthos,Greece,Europe,2020,Q2,74256,40,13.6,16.17,34,15.6,60,4.0,2124.0,Reported,Economy,2,EUR,37.7902,20.9051
TXN11599,2501,CHN01,Hong Kong,China,Asia Pacific,2023,Q2,15672384,552,430.56,550.59,78,24.1,400,4.9,12931.0,Reported,Upper-Upscale,5,CNY,22.3193,114.1694
TXN11600,2502,CHN10,Sharjah,UAE,Middle East,2021,Q1,3118500,350,157.5,228.36,45,27.6,220,4.8,11974.0,Reported,Luxury,5,AED,25.3463,55.4209
TXN11601,2503,CHN02,Delhi,India,Asia Pacific,2019,Q4,2076992,83,56.44,75.18,68,23.5,400,4.2,2222.0,Reported,Midscale,3,INR,28.6139,77.209
TXN11602,2504,CHN07,San Francisco,USA,Americas,2021,Q1,685584,207,95.22,118.33,46,23.8,80,4.4,8699.0,Reported,Upscale,4,USD,37.7749,-122.4194
TXN11603,2505,CHN03,Little India,Singapore,Asia Pacific,2024,Q1,1358370,129,83.85,117.5,65,9.8,180,4.1,1507.0,Reported,Midscale,3,SGD,1.3066,103.8518
TXN11604,2506,CHN03,Canberra,Australia,Asia Pacific,2025,Q3,3554880,115,96.6,139.3,84,13.6,400,4.2,3015.0,Estimated,Midscale,3,AUD,-35.2809,149.13
TXN11605,2507,CHN07,Xian,China,Asia Pacific,2020,Q1,365760,127,40.64,50.94,32,37.5,100,4.5,5908.0,Reported,Upscale,4,CNY,34.3416,108.9398
TXN11606,2508,CHN06,Johor Bahru,Malaysia,Asia Pacific,2020,Q2,287014,83,31.54,44.49,38,13.6,100,4.4,2402.0,Reported,Midscale,3,MYR,1.4927,103.7414
TXN11607,2509,CHN06,Bodrum,Turkey,Europe/Middle East,2022,Q2,1395794,83,54.78,68.48,66,16.0,280,4.3,4954.0,Reported,Midscale,3,TRY,37.0344,27.4305
TXN11608,2510,CHN12,Toulouse,France,Europe,2021,Q3,1372493,111,53.28,62.94,48,10.8,280,4.2,4687.0,Reported,Midscale,3,EUR,43.6047,1.4442
TXN11609,2511,CHN01,Changi,Singapore,Asia Pacific,2020,Q4,552552,91,27.3,33.3,30,27.7,220,4.4,3137.0,Reported,Upscale,4,SGD,1.3644,103.9915
TXN11610,2512,CHN03,Seville,Spain,Europe,2025,Q2,5646241,1309,1034.11,1168.83,79,21.2,60,4.7,10127.0,Estimated,Luxury,5,EUR,37.3891,-5.9845
TXN11611,1752,CHN08,Cairns,Australia,Asia Pacific,2022,Q3,9168950,425,284.75,407.37,67,25.9,350,4.7,3353.0,Reported,Luxury,5,AUD,-16.9186,145.7781
TXN11612,2513,CHN03,Ras Al Khaimah,UAE,Middle East,2021,Q2,863226,310,158.1,219.87,51,32.5,60,4.9,3199.0,Reported,Luxury,5,AED,25.8007,55.9762
TXN11613,1675,CHN10,Cannes,France,Europe,2022,Q2,7913906,670,395.3,514.7,59,39.7,220,4.7,3997.0,Reported,Luxury,5,EUR,43.5528,7.0174
TXN11614,2514,CHN01,Marina Bay,Singapore,Asia Pacific,2020,Q2,2988804,345,117.3,134.64,34,37.1,280,4.7,13938.0,Reported,Upper-Upscale,5,SGD,1.2819,103.8636
TXN11615,2515,CHN12,Jeonju,South Korea,Asia Pacific,2020,Q4,521640,90,31.5,45.99,35,12.9,180,4.3,1645.0,Reported,Midscale,3,KRW,35.8242,127.148
TXN11616,2516,CHN09,Darwin,Australia,Asia Pacific,2021,Q2,1935206,124,60.76,73.63,49,28.4,350,4.6,10117.0,Reported,Upscale,4,AUD,-12.4634,130.8456
TXN11617,2517,CHN03,Mumbai,India,Asia Pacific,2019,Q2,1932840,177,141.6,183.96,80,28.9,150,4.7,13589.0,Reported,Upper-Upscale,4,INR,19.076,72.8777
TXN11618,2518,CHN01,Bodrum,Turkey,Europe/Middle East,2023,Q1,7935840,334,220.44,265.12,66,27.1,400,4.9,14338.0,Reported,Upper-Upscale,5,TRY,37.0344,27.4305
TXN11619,2519,CHN01,Adelaide,Australia,Asia Pacific,2022,Q1,1851660,381,205.74,242.93,54,28.8,100,4.9,2945.0,Reported,Luxury,5,AUD,-34.9285,138.6007
TXN11620,2520,CHN05,Milan,Italy,Europe,2024,Q1,4984416,641,461.52,595.3,72,34.4,120,4.8,3906.0,Reported,Luxury,5,EUR,45.4654,9.1859
TXN11621,2521,CHN01,Clarke Quay,Singapore,Asia Pacific,2022,Q3,4167821,286,205.92,292.3,72,28.2,220,4.8,9578.0,Reported,Upper-Upscale,5,SGD,1.2906,103.8467
TXN11622,2522,CHN08,NEOM,Saudi Arabia,Middle East,2024,Q4,3351744,440,303.6,357.81,69,35.1,120,4.7,11092.0,Reported,Luxury,5,SAR,0.0,0.0
TXN11623,2523,CHN09,Edinburgh,UK,Europe,2025,Q2,2043241,162,124.74,149.82,77,31.0,180,4.6,4934.0,Estimated,Upscale,4,GBP,55.9533,-3.1883
TXN11624,2524,CHN11,Madrid,Spain,Europe,2023,Q2,3335332,119,91.63,104.62,77,27.1,400,4.1,4018.0,Reported,Midscale,3,EUR,40.4168,-3.7038
TXN11625,2525,CHN03,Al Ain,UAE,Middle East,2020,Q4,3527510,313,109.55,123.81,35,43.3,350,4.8,3687.0,Reported,Luxury,5,AED,24.2075,55.7447
TXN11626,2526,CHN06,Suzhou,China,Asia Pacific,2021,Q3,823768,74,40.7,49.71,55,20.8,220,4.2,2365.0,Reported,Midscale,3,CNY,31.2983,120.5832
TXN11627,2527,CHN09,Crete,Greece,Europe,2024,Q2,2338081,183,142.74,187.47,78,38.7,180,4.4,11317.0,Reported,Upscale,4,EUR,35.2401,24.8093
TXN11628,2528,CHN10,Bristol,UK,Europe,2020,Q2,242752,117,44.46,51.24,38,28.4,60,4.6,10157.0,Reported,Upscale,4,GBP,51.4545,-2.5879
TXN11629,2035,CHN12,Medina,Saudi Arabia,Middle East,2025,Q2,3922027,738,538.74,673.8,73,20.3,80,4.6,5316.0,Estimated,Luxury,5,SAR,24.5247,39.5692
TXN11630,1261,CHN02,Mumbai,India,Asia Pacific,2024,Q1,3538080,156,112.32,138.99,72,25.9,350,4.4,14335.0,Reported,Upscale,4,INR,19.076,72.8777
TXN11631,2529,CHN06,Crete,Greece,Europe,2022,Q1,1095120,156,81.12,96.79,52,21.6,150,4.6,6272.0,Reported,Upscale,4,EUR,35.2401,24.8093
TXN11632,2530,CHN05,Kusadasi,Turkey,Europe/Middle East,2020,Q1,812592,342,112.86,131.18,33,24.7,80,4.7,14851.0,Reported,Luxury,5,TRY,0.0,0.0
TXN11633,2531,CHN05,Palermo,Italy,Europe,2023,Q4,6647626,483,328.44,442.71,68,20.5,220,5.0,12286.0,Reported,Luxury,5,EUR,38.1157,13.3615
TXN11634,2532,CHN08,Nagoya,Japan,Asia Pacific,2019,Q4,2676096,404,290.88,327.15,72,34.7,100,4.8,6183.0,Reported,Luxury,5,JPY,35.1815,136.9066
TXN11635,2533,CHN01,Porto,Portugal,Europe,2022,Q2,6057870,317,190.2,238.26,60,30.1,350,4.8,,Reported,Upper-Upscale,5,EUR,41.1579,-8.6291
TXN11636,2534,CHN04,Frankfurt,Germany,Europe,2022,Q3,6990234,424,271.36,343.75,64,19.4,280,4.7,9286.0,Reported,Upper-Upscale,5,EUR,50.1109,8.6821
TXN11637,1527,CHN08,Nagoya,Japan,Asia Pacific,2024,Q1,2495286,211,154.03,206.76,73,30.1,180,4.5,14675.0,Reported,Upscale,4,JPY,35.1815,136.9066
TXN11638,2535,CHN06,Algarve,Portugal,Europe,2025,Q3,612720,111,83.25,111.13,75,25.7,80,4.3,2622.0,Estimated,Midscale,3,EUR,37.0194,-8.1383
TXN11639,2536,CHN07,Manchester,UK,Europe,2023,Q2,460387,93,63.24,72.51,68,22.2,80,4.4,4623.0,Reported,Midscale,3,GBP,53.4808,-2.2426
TXN11640,2537,CHN07,Sukhothai,Thailand,Asia Pacific,2021,Q2,1962215,151,77.01,103.15,51,35.5,280,4.3,6818.0,Reported,Upscale,4,THB,0.0,0.0
TXN11641,2538,CHN06,Chinatown,Singapore,Asia Pacific,2019,Q2,1578377,108,78.84,94.12,73,16.6,220,4.2,1108.0,Reported,Midscale,3,SGD,1.2826,103.8446
TXN11642,2539,CHN05,Kuala Lumpur,Malaysia,Asia Pacific,2022,Q2,11102000,500,305.0,440.74,61,22.9,400,4.9,5259.0,Reported,Luxury,5,MYR,3.139,101.6869
TXN11643,2540,CHN06,Meteora,Greece,Europe,2020,Q4,638112,51,17.34,20.89,34,27.6,400,4.0,303.0,Reported,Economy,2,EUR,0.0,0.0
TXN11644,2541,CHN06,Hanoi,Vietnam,Asia Pacific,2024,Q2,1474200,120,90.0,105.89,75,17.2,180,4.1,3876.0,Reported,Midscale,3,VND,21.0285,105.8542
TXN11645,2542,CHN01,Sao Paulo,Brazil,Americas,2025,Q4,1648051,311,223.92,265.76,72,26.5,80,4.7,7068.0,Estimated,Upper-Upscale,4,BRL,-23.5505,-46.6333
TXN11646,2543,CHN10,Chiang Mai,Thailand,Asia Pacific,2021,Q2,3723447,593,272.78,378.21,46,39.4,150,4.7,14455.0,Reported,Luxury,5,THB,18.7883,98.9853
TXN11647,2544,CHN01,Da Lat,Vietnam,Asia Pacific,2019,Q2,8382192,303,230.28,299.61,76,34.8,400,4.8,2778.0,Reported,Upper-Upscale,5,VND,0.0,0.0
TXN11648,2545,CHN06,Oaxaca,Mexico,Americas,2020,Q4,309120,64,22.4,30.77,35,21.7,150,4.3,212.0,Reported,Midscale,3,MXN,17.0732,-96.7266
TXN11649,2546,CHN03,Malaga,Spain,Europe,2024,Q4,3939900,571,428.25,621.26,75,29.0,100,5.0,7099.0,Reported,Luxury,5,EUR,36.7213,-4.4214
TXN11650,2547,CHN03,Osaka,Japan,Asia Pacific,2021,Q4,8244810,569,256.05,325.62,45,24.2,350,4.9,14191.0,Reported,Luxury,5,JPY,34.6937,135.5023
TXN11651,2548,CHN03,Cancun,Mexico,Americas,2022,Q3,1940004,213,140.58,166.38,66,20.7,150,4.4,12871.0,Reported,Upscale,4,MXN,21.1619,-86.8515
TXN11652,2549,CHN11,Miami,USA,Americas,2024,Q4,1559492,115,77.05,96.02,67,9.5,220,4.3,1272.0,Reported,Midscale,3,USD,25.7617,-80.1918
TXN11653,2550,CHN02,Rotterdam,Netherlands,Europe,2020,Q1,117504,68,21.76,26.3,32,8.1,60,4.3,966.0,Reported,Midscale,3,EUR,51.9244,4.4777
TXN11654,2551,CHN11,Milan,Italy,Europe,2022,Q2,3766963,224,147.84,189.37,66,27.2,280,4.6,6682.0,Reported,Upscale,4,EUR,45.4654,9.1859
TXN11655,1103,CHN06,Rhodes,Greece,Europe,2020,Q4,540960,70,21.0,25.32,30,26.4,280,4.4,2379.0,Reported,Midscale,3,EUR,36.4349,28.2176
TXN11656,2552,CHN09,Seoul,South Korea,Asia Pacific,2023,Q4,1991837,194,120.28,155.59,62,39.5,180,,5914.0,Reported,Upscale,4,KRW,37.5665,126.978
TXN11657,2553,CHN08,Mumbai,India,Asia Pacific,2021,Q3,1144627,288,155.52,185.74,54,28.5,80,4.9,3727.0,Reported,Luxury,5,INR,19.076,72.8777
TXN11658,2554,CHN03,Melbourne,Australia,Asia Pacific,2023,Q4,1466388,253,159.39,183.06,63,41.1,100,4.6,2283.0,Reported,Upper-Upscale,4,AUD,-37.8136,144.9631
TXN11659,2555,CHN12,Yanbu,Saudi Arabia,Middle East,2023,Q2,2893691,242,176.66,200.32,73,38.8,180,4.4,13209.0,Reported,Upscale,4,SAR,0.0,0.0
TXN11660,2556,CHN07,Cambridge,UK,Europe,2020,Q2,684848,113,41.81,53.53,37,19.8,180,4.7,9133.0,Reported,Upscale,4,GBP,52.2053,0.1218
TXN11661,2557,CHN06,Kusadasi,Turkey,Europe/Middle East,2020,Q1,171072,32,10.56,14.59,33,23.0,180,4.0,240.0,Reported,Economy,2,TRY,0.0,0.0
TXN11662,2558,CHN04,Fez,Morocco,Africa,2024,Q1,423360,84,58.8,84.4,70,15.1,80,3.9,368.0,Reported,Economy,2,MAD,34.0181,-5.0078
TXN11663,2559,CHN01,Mexico City,Mexico,Americas,2022,Q3,7701918,357,239.19,352.23,67,38.6,350,4.8,8675.0,Reported,Luxury,5,MXN,19.4326,-99.1332
TXN11664,2560,CHN07,Chengdu,China,Asia Pacific,2025,Q1,2653560,162,105.3,139.97,65,35.8,280,4.5,6956.0,Estimated,Upscale,4,CNY,30.5728,104.0668
TXN11665,2561,CHN04,Corfu,Greece,Europe,2020,Q1,6208650,657,197.1,283.72,30,42.8,350,4.8,11363.0,Reported,Luxury,5,EUR,39.6243,19.9217
TXN11666,2562,CHN10,Perth,Australia,Asia Pacific,2024,Q3,4976832,184,154.56,189.3,84,19.5,350,4.4,9509.0,Reported,Upscale,4,AUD,-31.9505,115.8605
TXN11667,2563,CHN10,Marmaris,Turkey,Europe/Middle East,2020,Q2,807716,317,110.95,148.26,35,38.1,80,4.6,10391.0,Reported,Luxury,5,TRY,36.8551,28.2553
TXN11668,2564,CHN08,Kanchanaburi,Thailand,Asia Pacific,2022,Q4,6697922,341,208.01,283.37,61,32.9,350,5.0,10663.0,Reported,Luxury,5,THB,0.0,0.0
TXN11669,2412,CHN11,Bath,UK,Europe,2022,Q3,1548360,255,168.3,220.79,66,42.0,100,5.0,12131.0,Reported,Upper-Upscale,5,GBP,51.3811,-2.359
TXN11670,2565,CHN12,Yokohama,Japan,Asia Pacific,2019,Q4,1958220,215,141.9,201.98,66,24.1,150,4.4,12687.0,Reported,Upscale,4,JPY,35.4437,139.638
TXN11671,1471,CHN06,Turin,Italy,Europe,2025,Q3,1406496,182,152.88,177.93,84,19.1,100,4.4,9342.0,Estimated,Upscale,4,EUR,45.0703,7.6869
TXN11672,2566,CHN03,Gyeongju,South Korea,Asia Pacific,2020,Q3,1109152,137,54.8,80.74,40,25.9,220,4.5,10214.0,Reported,Upper-Upscale,4,KRW,35.8562,129.2247
TXN11673,2567,CHN07,Bali,Indonesia,Asia Pacific,2020,Q2,428009,67,26.13,34.81,39,15.0,180,4.1,2715.0,Reported,Midscale,3,IDR,-8.3405,115.092
TXN11674,2568,CHN04,Groningen,Netherlands,Europe,2022,Q2,2762350,147,86.73,117.8,59,38.0,350,4.5,13377.0,Reported,Upscale,4,EUR,0.0,0.0
TXN11675,2569,CHN05,Hong Kong,China,Asia Pacific,2021,Q2,3148600,692,346.0,405.96,50,38.2,100,4.7,8730.0,Reported,Luxury,5,CNY,22.3193,114.1694
TXN11676,2570,CHN03,Bur Dubai,UAE,Middle East,2021,Q2,4566380,965,501.8,589.61,52,24.7,100,4.8,,Reported,Luxury,5,AED,25.2535,55.296
TXN11677,2571,CHN03,Changi,Singapore,Asia Pacific,2023,Q3,3678528,119,99.96,116.25,84,11.4,400,4.2,3522.0,Reported,Midscale,3,SGD,1.3644,103.9915
TXN11678,2572,CHN06,Edinburgh,UK,Europe,2019,Q2,1163635,96,71.04,92.55,74,22.9,180,4.1,1203.0,Reported,Midscale,3,GBP,55.9533,-3.1883
TXN11679,2573,CHN06,Agadir,Morocco,Africa,2019,Q1,518400,60,38.4,50.6,64,21.3,150,3.9,455.0,Reported,Economy,2,MAD,30.4278,-9.5981
TXN11680,2574,CHN10,Suwon,South Korea,Asia Pacific,2025,Q1,5945940,429,300.3,430.09,70,24.4,220,4.7,2625.0,Estimated,Luxury,5,KRW,37.2636,127.0286
TXN11681,2575,CHN03,Al Ula,Saudi Arabia,Middle East,2025,Q4,1031688,178,112.14,153.35,63,26.4,100,4.5,11481.0,Estimated,Upper-Upscale,4,SAR,0.0,0.0
TXN11682,2576,CHN05,Belem,Brazil,Americas,2022,Q4,566812,101,61.61,76.3,61,14.8,100,4.2,3194.0,Reported,Midscale,3,BRL,-1.4558,-48.5044
TXN11683,1959,CHN11,London,UK,Europe,2019,Q1,919800,146,102.2,129.16,70,10.0,100,4.3,559.0,Reported,Midscale,3,GBP,51.5074,-0.1278
TXN11684,1224,CHN08,Santorini,Greece,Europe,2020,Q3,1326125,429,180.18,223.35,42,20.7,80,5.0,10915.0,Reported,Luxury,5,EUR,36.3932,25.4615
TXN11685,2577,CHN03,Dammam,Saudi Arabia,Middle East,2025,Q1,1803060,212,133.56,150.95,63,25.6,150,4.4,12300.0,Estimated,Upscale,4,SAR,26.4207,50.0888
TXN11686,2578,CHN10,Sintra,Portugal,Europe,2022,Q3,9891325,526,383.98,450.89,73,40.4,280,4.8,1871.0,Reported,Luxury,5,EUR,38.7978,-9.3902
TXN11687,2579,CHN08,Hue,Vietnam,Asia Pacific,2021,Q1,2088000,145,58.0,68.32,40,39.7,400,4.6,7618.0,Reported,Upscale,4,VND,16.4637,107.5909
TXN11688,2580,CHN07,Athens,Greece,Europe,2024,Q3,1897546,71,58.93,77.48,83,16.2,350,4.1,475.0,Reported,Economy,2,EUR,37.9838,23.7275
TXN11689,2581,CHN12,Tokyo,Japan,Asia Pacific,2020,Q2,526781,134,48.24,60.04,36,20.6,120,4.1,3707.0,Reported,Midscale,3,JPY,35.6762,139.6503
TXN11690,2582,CHN07,Ipoh,Malaysia,Asia Pacific,2024,Q2,2644715,207,161.46,208.92,78,18.4,180,4.6,14778.0,Reported,Upscale,4,MYR,4.5975,101.0901
TXN11691,2583,CHN01,Delft,Netherlands,Europe,2025,Q3,3777750,365,273.75,327.46,75,31.4,150,4.6,6817.0,Estimated,Upper-Upscale,5,EUR,0.0,0.0
TXN11692,2584,CHN11,Johor Bahru,Malaysia,Asia Pacific,2020,Q1,367488,64,18.56,26.92,29,26.1,220,4.4,4574.0,Reported,Midscale,3,MYR,1.4927,103.7414
TXN11693,1332,CHN04,Marseille,France,Europe,2025,Q2,15697282,1089,784.08,1102.98,72,35.3,220,4.8,5702.0,Estimated,Luxury,5,EUR,43.2965,5.3698
TXN11694,2585,CHN07,Kusadasi,Turkey,Europe/Middle East,2020,Q4,1601536,136,43.52,55.13,32,19.9,400,4.4,6092.0,Reported,Upscale,4,TRY,0.0,0.0
TXN11695,2586,CHN07,Bangalore,India,Asia Pacific,2023,Q1,394632,87,54.81,77.67,63,17.1,80,4.3,2263.0,Reported,Midscale,3,INR,12.9716,77.5946
TXN11696,2587,CHN04,Marrakech,Morocco,Africa,2022,Q4,4283566,251,133.03,159.38,53,30.0,350,4.4,14639.0,Reported,Upscale,4,MAD,31.6295,-7.9811
TXN11697,2588,CHN11,Da Nang,Vietnam,Asia Pacific,2022,Q2,688506,97,63.05,92.62,65,9.5,120,4.2,849.0,Reported,Midscale,3,VND,16.0544,108.2022
TXN11698,2589,CHN09,Mykonos,Greece,Europe,2021,Q3,1130938,394,204.88,234.43,52,27.0,60,4.8,13005.0,Reported,Luxury,5,EUR,37.4467,25.3289
TXN11699,2248,CHN07,Sao Paulo,Brazil,Americas,2021,Q1,371790,153,68.85,89.18,45,28.6,60,4.6,12241.0,Reported,Upscale,4,BRL,-23.5505,-46.6333
TXN11700,2590,CHN11,Granada,Spain,Europe,2025,Q2,2108925,309,231.75,326.85,75,22.1,100,4.8,2104.0,Estimated,Upper-Upscale,5,EUR,37.1773,-3.5986
TXN11701,2591,CHN07,Bodrum,Turkey,Europe/Middle East,2024,Q3,912787,159,124.02,152.15,78,38.0,80,4.6,6970.0,Reported,Upscale,4,TRY,37.0344,27.4305
TXN11702,2592,CHN09,Kochi,India,Asia Pacific,2023,Q3,2490072,347,270.66,355.03,78,32.5,100,5.0,8109.0,Reported,Luxury,5,INR,9.9312,76.2673
TXN11703,2593,CHN05,Phuket,Thailand,Asia Pacific,2022,Q3,10404832,422,282.74,352.0,67,40.0,400,5.0,4968.0,Reported,Luxury,5,THB,7.8804,98.3923
TXN11704,1122,CHN08,Birmingham,UK,Europe,2025,Q4,834624,210,151.2,210.35,72,37.6,60,4.4,11836.0,Estimated,Upscale,4,GBP,52.4862,-1.8904
TXN11705,2023,CHN08,Los Cabos,Mexico,Americas,2024,Q3,2623104,528,475.2,595.26,90,36.2,60,4.7,10332.0,Reported,Luxury,5,MXN,22.8905,-109.9167
TXN11706,2594,CHN09,Medina,Saudi Arabia,Middle East,2023,Q3,10218624,356,277.68,345.28,78,31.3,400,4.9,13895.0,Reported,Luxury,5,SAR,24.5247,39.5692
TXN11707,2595,CHN04,Ayutthaya,Thailand,Asia Pacific,2022,Q1,1527984,262,141.48,192.06,54,40.0,120,4.5,12397.0,Reported,Upscale,4,THB,14.3532,100.5659
TXN11708,2596,CHN07,Corfu,Greece,Europe,2025,Q3,1806420,66,56.1,63.47,85,12.8,350,3.9,3721.0,Estimated,Economy,2,EUR,39.6243,19.9217
TXN11709,2597,CHN04,Crete,Greece,Europe,2022,Q1,4795560,346,190.3,280.59,55,30.0,280,4.7,11728.0,Reported,Upper-Upscale,5,EUR,35.2401,24.8093
TXN11710,2598,CHN11,Hua Hin,Thailand,Asia Pacific,2025,Q1,1723392,128,87.04,100.54,68,15.3,220,4.4,4698.0,Estimated,Midscale,3,THB,12.5684,99.9578
TXN11711,2599,CHN03,Perth,Australia,Asia Pacific,2019,Q1,3343536,214,132.68,154.54,62,29.2,280,4.6,10843.0,Reported,Upper-Upscale,4,AUD,-31.9505,115.8605
TXN11712,2600,CHN08,San Sebastian,Spain,Europe,2024,Q1,5713920,248,158.72,233.17,64,26.9,400,4.6,10301.0,Reported,Upscale,4,EUR,43.3183,-1.9812
TXN11713,2601,CHN05,Jeonju,South Korea,Asia Pacific,2021,Q3,1085526,86,42.14,50.0,49,10.6,280,4.3,1759.0,Reported,Midscale,3,KRW,35.8242,127.148
TXN11714,2552,CHN09,Seoul,South Korea,Asia Pacific,2022,Q2,1054872,168,115.92,156.82,69,30.1,100,4.4,9770.0,Reported,Upscale,4,KRW,37.5665,126.978
TXN11715,2602,CHN04,Ras Al Khaimah,UAE,Middle East,2022,Q1,1951425,105,61.95,86.61,59,26.3,350,4.3,2738.0,Reported,Midscale,3,AED,25.8007,55.9762
TXN11716,1235,CHN10,Guangzhou,China,Asia Pacific,2019,Q3,1583688,151,114.76,129.28,76,27.4,150,4.6,4134.0,Reported,Upscale,4,CNY,23.1291,113.2644
TXN11717,2603,CHN08,Chennai,India,Asia Pacific,2022,Q2,7282912,328,200.08,244.34,61,18.5,400,4.7,10402.0,Reported,Luxury,5,INR,13.0827,80.2707
TXN11718,2604,CHN08,Fukuoka,Japan,Asia Pacific,2021,Q3,2518776,338,182.52,215.6,54,23.6,150,4.7,2622.0,Reported,Luxury,5,JPY,33.5904,130.4017
TXN11719,2605,CHN11,Little India,Singapore,Asia Pacific,2024,Q3,928464,116,100.92,140.67,87,25.1,100,4.2,3244.0,Reported,Midscale,3,SGD,1.3066,103.8518
TXN11720,2606,CHN10,Bandung,Indonesia,Asia Pacific,2021,Q1,3395196,499,209.58,277.02,42,42.8,180,4.7,2354.0,Reported,Luxury,5,IDR,-6.9175,107.6191
TXN11721,2607,CHN01,New York,USA,Americas,2025,Q3,10372632,874,751.64,1001.05,86,32.8,150,4.9,13887.0,Estimated,Luxury,5,USD,40.7128,-74.006
TXN11722,2608,CHN12,San Francisco,USA,Americas,2025,Q4,945907,204,128.52,171.7,63,25.4,80,4.3,1931.0,Estimated,Midscale,3,USD,37.7749,-122.4194
TXN11723,2609,CHN06,Dammam,Saudi Arabia,Middle East,2025,Q1,540216,164,100.04,137.59,61,36.6,60,4.5,14337.0,Estimated,Upscale,4,SAR,26.4207,50.0888
TXN11724,2610,CHN12,Obidos,Portugal,Europe,2022,Q2,1958393,122,76.86,99.07,63,23.7,280,4.2,4878.0,Reported,Midscale,3,EUR,0.0,0.0
TXN11725,2611,CHN07,Orlando,USA,Americas,2019,Q3,458160,60,49.8,63.55,83,27.3,100,3.8,4931.0,Reported,Economy,2,USD,28.5383,-81.3792
TXN11726,1880,CHN10,Dresden,Germany,Europe,2019,Q3,3389501,153,131.58,161.09,86,19.8,280,4.6,4730.0,Reported,Upscale,4,EUR,51.0509,13.7383
TXN11727,1594,CHN11,Mumbai,India,Asia Pacific,2023,Q2,692765,122,95.16,114.37,78,16.6,80,4.1,2477.0,Reported,Midscale,3,INR,19.076,72.8777
TXN11728,2612,CHN05,Toledo,Spain,Europe,2024,Q1,8689032,636,438.84,608.43,69,39.5,220,4.7,9711.0,Reported,Luxury,5,EUR,39.8628,-4.0273
TXN11729,2613,CHN06,Marrakech,Morocco,Africa,2023,Q4,788422,69,47.61,67.2,69,15.1,180,4.0,805.0,Reported,Economy,2,MAD,31.6295,-7.9811
TXN11730,2614,CHN09,Marseille,France,Europe,2023,Q4,2149120,365,233.6,286.74,64,19.0,100,4.9,13934.0,Reported,Luxury,5,EUR,43.2965,5.3698
TXN11731,2615,CHN03,Ajman,UAE,Middle East,2022,Q1,874800,150,81.0,110.28,54,28.3,120,4.7,12704.0,Reported,Upper-Upscale,4,AED,25.4052,55.5136
TXN11732,2616,CHN09,Sao Paulo,Brazil,Americas,2022,Q1,1208088,329,167.79,206.12,51,18.3,80,4.8,14649.0,Reported,Luxury,5,BRL,-23.5505,-46.6333
TXN11733,2617,CHN03,Utrecht,Netherlands,Europe,2019,Q2,8447639,548,421.96,586.25,77,35.3,220,4.7,6219.0,Reported,Luxury,5,EUR,52.0907,5.1214
TXN11734,2618,CHN08,Cappadocia,Turkey,Europe/Middle East,2023,Q1,3300696,222,130.98,182.08,59,28.3,280,4.6,10250.0,Reported,Upscale,4,TRY,38.6431,34.8289
TXN11735,2619,CHN05,Da Nang,Vietnam,Asia Pacific,2020,Q4,2006189,236,77.88,93.46,33,43.6,280,4.8,,Reported,Upper-Upscale,5,VND,16.0544,108.2022
TXN11736,2620,CHN06,Pamukkale,Turkey,Europe/Middle East,2020,Q1,122688,71,22.72,28.55,32,19.0,60,4.1,1672.0,Reported,Midscale,3,TRY,37.9214,29.1189
TXN11737,1587,CHN02,Tabuk,Saudi Arabia,Middle East,2020,Q1,596736,74,23.68,31.57,32,9.9,280,4.1,4800.0,Reported,Midscale,3,SAR,0.0,0.0
TXN11738,2621,CHN02,Heidelberg,Germany,Europe,2025,Q2,1960941,104,76.96,94.16,74,12.5,280,4.3,1342.0,Estimated,Midscale,3,EUR,49.3988,8.6724
TXN11739,2622,CHN02,Trabzon,Turkey,Europe/Middle East,2019,Q4,1538976,164,111.52,130.44,68,19.8,150,4.5,3626.0,Reported,Upscale,4,TRY,0.0,0.0
TXN11740,2623,CHN03,Hobart,Australia,Asia Pacific,2024,Q4,2641320,435,287.1,343.53,66,37.6,100,,3009.0,Reported,Luxury,5,AUD,-42.8821,147.3272
TXN11741,2624,CHN06,Bali,Indonesia,Asia Pacific,2019,Q4,653200,100,71.0,82.92,71,11.5,100,4.1,1399.0,Reported,Midscale,3,IDR,-8.3405,115.092
TXN11742,2625,CHN05,Salvador,Brazil,Americas,2020,Q1,528984,316,97.96,123.12,31,34.6,60,4.9,4328.0,Reported,Luxury,5,BRL,-12.9714,-38.5014
TXN11743,2626,CHN03,Zakynthos,Greece,Europe,2020,Q3,1429680,120,44.4,51.46,37,34.5,350,4.4,3291.0,Reported,Upper-Upscale,4,EUR,37.7902,20.9051
TXN11744,2627,CHN09,Tulum,Mexico,Americas,2024,Q4,4081350,169,126.75,186.54,75,22.7,350,4.4,13451.0,Reported,Upscale,4,MXN,20.2114,-87.4654
TXN11745,2628,CHN08,Izmir,Turkey,Europe/Middle East,2019,Q4,4743060,491,343.7,461.52,70,26.3,150,5.0,12059.0,Reported,Luxury,5,TRY,38.4192,27.1287
TXN11746,2629,CHN06,Cologne,Germany,Europe,2024,Q1,453600,60,42.0,54.87,70,26.3,120,4.0,4989.0,Reported,Economy,2,EUR,50.9333,6.95
TXN11747,2630,CHN04,Obidos,Portugal,Europe,2020,Q3,2084315,271,102.98,148.21,38,18.6,220,4.8,2464.0,Reported,Upper-Upscale,5,EUR,0.0,0.0
TXN11748,2631,CHN05,Bangkok,Thailand,Asia Pacific,2022,Q4,5090544,580,307.4,355.9,53,41.1,180,4.9,10953.0,Reported,Luxury,5,THB,13.7563,100.5018
TXN11749,2632,CHN04,Seville,Spain,Europe,2022,Q2,19501755,942,612.3,856.76,65,19.2,350,4.8,6636.0,Reported,Luxury,5,EUR,37.3891,-5.9845
TXN11750,2633,CHN02,Suzhou,China,Asia Pacific,2023,Q2,2770950,725,507.5,620.96,70,36.8,60,4.6,10464.0,Reported,Luxury,5,CNY,31.2983,120.5832
TXN11751,2634,CHN07,Ouarzazate,Morocco,Africa,2020,Q3,247296,56,22.4,30.03,40,15.4,120,4.3,1449.0,Reported,Midscale,3,MAD,0.0,0.0
TXN11752,2635,CHN11,Cappadocia,Turkey,Europe/Middle East,2023,Q2,909090,90,66.6,86.1,74,12.3,150,4.2,4140.0,Reported,Midscale,3,TRY,38.6431,34.8289
TXN11753,2636,CHN09,Fez,Morocco,Africa,2021,Q3,4778480,280,148.4,194.3,53,30.5,350,4.9,10947.0,Reported,Luxury,5,MAD,34.0181,-5.0078
TXN11754,2637,CHN03,Haarlem,Netherlands,Europe,2025,Q2,7383285,601,450.75,541.25,75,35.1,180,4.7,10732.0,Estimated,Luxury,5,EUR,0.0,0.0
TXN11755,2638,CHN12,Nha Trang,Vietnam,Asia Pacific,2021,Q1,768852,113,47.46,61.76,42,9.9,180,4.3,1372.0,Reported,Midscale,3,VND,12.2388,109.1967
TXN11756,2639,CHN02,Phuket,Thailand,Asia Pacific,2022,Q1,1679940,610,311.1,358.92,51,22.1,60,4.8,5258.0,Reported,Luxury,5,THB,7.8804,98.3923
TXN11757,2640,CHN05,Surabaya,Indonesia,Asia Pacific,2021,Q1,2213640,260,111.8,130.91,43,40.2,220,,1973.0,Reported,Upper-Upscale,5,IDR,-7.2575,112.7521
TXN11758,2641,CHN10,Cambridge,UK,Europe,2025,Q2,3325795,423,304.56,404.7,72,40.9,120,4.8,11015.0,Estimated,Luxury,5,GBP,52.2053,0.1218
TXN11759,2642,CHN03,New York,USA,Americas,2021,Q3,1051008,170,95.2,136.4,56,11.0,120,4.3,4353.0,Reported,Midscale,3,USD,40.7128,-74.006
TXN11760,2643,CHN05,Meteora,Greece,Europe,2024,Q4,6027426,633,436.77,496.01,69,41.6,150,4.7,10165.0,Reported,Luxury,5,EUR,0.0,0.0
TXN11761,2644,CHN05,Pattaya,Thailand,Asia Pacific,2023,Q2,5244330,565,384.2,475.6,68,21.4,150,4.7,11546.0,Reported,Luxury,5,THB,12.9236,100.8825
TXN11762,2645,CHN04,Changi,Singapore,Asia Pacific,2025,Q1,857538,71,43.31,58.68,61,15.8,220,3.8,1430.0,Estimated,Economy,2,SGD,1.3644,103.9915
TXN11763,1091,CHN08,Kochi,India,Asia Pacific,2024,Q1,1552770,405,287.55,392.32,71,39.2,60,5.0,14232.0,Reported,Luxury,5,INR,9.9312,76.2673
TXN11764,2646,CHN03,Kusadasi,Turkey,Europe/Middle East,2022,Q1,939870,177,104.43,147.37,59,35.4,100,4.6,9454.0,Reported,Upper-Upscale,4,TRY,0.0,0.0
TXN11765,2647,CHN02,Zakynthos,Greece,Europe,2022,Q3,1889165,372,256.68,345.87,69,23.9,80,4.9,4411.0,Reported,Upper-Upscale,5,EUR,37.7902,20.9051
TXN11766,2648,CHN06,Labuan Bajo,Indonesia,Asia Pacific,2021,Q2,646464,37,17.76,23.84,48,21.8,400,4.0,2475.0,Reported,Economy,2,IDR,0.0,0.0
TXN11767,2649,CHN10,Sapa,Vietnam,Asia Pacific,2023,Q2,6161064,868,677.04,872.61,78,24.2,100,4.8,5028.0,Reported,Luxury,5,VND,0.0,0.0
TXN11768,2650,CHN02,Tokyo,Japan,Asia Pacific,2024,Q4,1159200,175,126.0,165.85,72,8.5,100,4.3,1601.0,Reported,Midscale,3,JPY,35.6762,139.6503
TXN11769,2651,CHN03,Meknes,Morocco,Africa,2020,Q1,798138,139,40.31,54.22,29,23.3,220,4.5,3069.0,Reported,Upscale,4,MAD,0.0,0.0
TXN11770,2652,CHN03,Jeonju,South Korea,Asia Pacific,2024,Q2,1929127,132,96.36,114.95,73,20.2,220,4.1,1390.0,Reported,Midscale,3,KRW,35.8242,127.148
TXN11771,2653,CHN07,Woodlands,Singapore,Asia Pacific,2025,Q3,2583360,200,156.0,199.51,78,26.1,180,4.4,12431.0,Estimated,Upscale,4,SGD,1.437,103.7862
TXN11772,2654,CHN11,Brasilia,Brazil,Americas,2025,Q3,2980800,100,81.0,113.69,81,8.9,400,4.4,4871.0,Estimated,Midscale,3,BRL,-15.7975,-47.8919
TXN11773,2655,CHN02,Orlando,USA,Americas,2019,Q3,4215440,145,114.55,164.12,79,30.9,400,4.4,10362.0,Reported,Upscale,4,USD,28.5383,-81.3792
TXN11774,2656,CHN04,Las Vegas,USA,Americas,2020,Q1,2935080,263,81.53,99.74,31,26.1,400,4.4,4902.0,Reported,Upscale,4,USD,36.1699,-115.1398
TXN11775,2657,CHN07,Jeju Island,South Korea,Asia Pacific,2023,Q4,727978,157,98.91,136.45,63,29.8,80,4.5,12048.0,Reported,Upscale,4,KRW,33.4996,126.5312
TXN11776,2658,CHN11,Tokyo,Japan,Asia Pacific,2020,Q2,1618344,117,44.46,62.47,38,9.1,400,4.3,3645.0,Reported,Midscale,3,JPY,35.6762,139.6503
TXN11777,2659,CHN11,Cologne,Germany,Europe,2019,Q1,3608010,166,114.54,132.56,69,33.5,350,4.3,11632.0,Reported,Upscale,4,EUR,50.9333,6.95
TXN11778,2660,CHN02,Frankfurt,Germany,Europe,2025,Q4,5936263,569,358.47,412.61,63,32.4,180,4.7,10177.0,Estimated,Upper-Upscale,5,EUR,50.1109,8.6821
TXN11779,2661,CHN08,Las Vegas,USA,Americas,2020,Q2,940867,359,129.24,150.36,36,29.9,80,4.9,11567.0,Reported,Luxury,5,USD,36.1699,-115.1398
TXN11780,2662,CHN05,Bandung,Indonesia,Asia Pacific,2023,Q3,19933824,732,541.68,718.85,74,41.0,400,4.7,1534.0,Reported,Luxury,5,IDR,-6.9175,107.6191
TXN11781,1166,CHN08,Marseille,France,Europe,2020,Q1,907308,271,84.01,94.96,31,23.6,120,4.8,5274.0,Reported,Luxury,5,EUR,43.2965,5.3698
TXN11782,2663,CHN07,Dammam,Saudi Arabia,Middle East,2021,Q3,442042,154,80.08,96.27,52,22.4,60,4.4,4104.0,Reported,Upscale,4,SAR,26.4207,50.0888
TXN11783,2664,CHN04,Guilin,China,Asia Pacific,2019,Q3,5209776,484,377.52,553.04,78,21.6,150,4.7,2644.0,Reported,Luxury,5,CNY,25.2736,110.2907
TXN11784,2665,CHN11,Chefchaouen,Morocco,Africa,2024,Q2,5566361,331,278.04,342.88,84,36.7,220,4.7,1917.0,Reported,Upper-Upscale,5,MAD,35.1688,-5.2636
TXN11785,2666,CHN10,Brasilia,Brazil,Americas,2020,Q1,4200768,624,212.16,256.05,34,22.4,220,4.7,7658.0,Reported,Luxury,5,BRL,-15.7975,-47.8919
TXN11786,1800,CHN12,Jeddah,Saudi Arabia,Middle East,2023,Q2,2067975,303,227.25,317.22,75,42.9,100,4.4,8340.0,Reported,Upscale,4,SAR,21.5433,39.1728
TXN11787,2667,CHN11,Kusadasi,Turkey,Europe/Middle East,2025,Q3,5517792,204,171.36,239.26,84,34.9,350,4.4,6629.0,Estimated,Upscale,4,TRY,0.0,0.0
TXN11788,2668,CHN02,Jakarta,Indonesia,Asia Pacific,2022,Q1,3659040,264,145.2,187.77,55,37.6,280,4.4,,Reported,Upper-Upscale,4,IDR,-6.2088,106.8456
TXN11789,2669,CHN08,Mexico City,Mexico,Americas,2023,Q4,5007744,243,155.52,223.67,64,40.6,350,4.4,13122.0,Reported,Upscale,4,MXN,19.4326,-99.1332
TXN11790,2670,CHN04,Darwin,Australia,Asia Pacific,2024,Q4,1078387,132,97.68,140.17,74,14.4,120,4.2,3127.0,Reported,Midscale,3,AUD,-12.4634,130.8456
TXN11791,2034,CHN06,Nice,France,Europe,2025,Q2,2261350,100,71.0,98.06,71,22.9,350,4.3,3436.0,Estimated,Midscale,3,EUR,43.7102,7.262
TXN11792,2671,CHN09,Bath,UK,Europe,2023,Q4,2951066,179,114.56,145.68,64,36.8,280,4.6,,Reported,Upper-Upscale,4,GBP,51.3811,-2.359
TXN11793,2672,CHN12,Fortaleza,Brazil,Americas,2024,Q2,7278872,371,285.67,371.33,77,19.1,280,4.6,11420.0,Reported,Upscale,4,BRL,-3.7319,-38.5267
TXN11794,2673,CHN06,Okinawa,Japan,Asia Pacific,2019,Q3,3081632,106,83.74,115.77,79,12.3,400,4.3,1122.0,Reported,Midscale,3,JPY,26.2124,127.6809
TXN11795,2674,CHN03,Okinawa,Japan,Asia Pacific,2025,Q2,13632664,1233,998.73,1285.46,81,39.7,150,4.9,8329.0,Estimated,Luxury,5,JPY,26.2124,127.6809
TXN11796,2675,CHN10,Sapa,Vietnam,Asia Pacific,2022,Q3,4513428,395,272.55,322.19,69,40.2,180,4.9,14081.0,Reported,Luxury,5,VND,0.0,0.0
TXN11797,2676,CHN01,Stuttgart,Germany,Europe,2025,Q2,2112365,372,290.16,334.01,78,32.7,80,4.7,,Estimated,Upper-Upscale,5,EUR,48.7758,9.1829
TXN11798,2677,CHN12,Ajman,UAE,Middle East,2024,Q4,3638232,338,219.7,254.39,65,42.7,180,4.7,13675.0,Reported,Upscale,4,AED,25.4052,55.5136
TXN11799,2678,CHN04,Nagoya,Japan,Asia Pacific,2020,Q4,405389,72,24.48,33.93,34,12.6,180,4.1,1591.0,Reported,Midscale,3,JPY,35.1815,136.9066
TXN11800,2679,CHN12,Cascais,Portugal,Europe,2022,Q3,1208144,196,131.32,166.94,67,43.1,100,4.5,4537.0,Reported,Upscale,4,EUR,0.0,0.0
TXN11801,2680,CHN08,Bur Dubai,UAE,Middle East,2021,Q3,1624536,327,176.58,227.67,54,24.5,100,4.9,9342.0,Reported,Luxury,5,AED,25.2535,55.296
TXN11802,2681,CHN06,Kanchanaburi,Thailand,Asia Pacific,2023,Q1,1223640,103,61.8,88.31,60,23.3,220,4.1,3524.0,Reported,Midscale,3,THB,0.0,0.0
TXN11803,2682,CHN12,Munich,Germany,Europe,2023,Q4,24326640,1017,661.05,807.67,65,30.9,400,4.6,11316.0,Reported,Luxury,5,EUR,48.1351,11.582
TXN11804,2683,CHN11,Darwin,Australia,Asia Pacific,2021,Q4,986755,218,89.38,113.69,41,28.9,120,4.7,14027.0,Reported,Upper-Upscale,5,AUD,-12.4634,130.8456
TXN11805,1144,CHN09,Ha Long Bay,Vietnam,Asia Pacific,2025,Q4,2360794,216,142.56,168.91,66,43.8,180,4.4,9857.0,Estimated,Upper-Upscale,4,VND,20.9101,107.1839
TXN11806,2684,CHN12,Delhi,India,Asia Pacific,2023,Q2,6399557,322,251.16,296.59,78,20.0,280,4.6,6336.0,Reported,Upscale,4,INR,28.6139,77.209
TXN11807,2657,CHN07,Jeju Island,South Korea,Asia Pacific,2019,Q1,3315960,151,92.11,116.47,61,42.2,400,4.3,11040.0,Reported,Upscale,4,KRW,33.4996,126.5312
TXN11808,2685,CHN06,Kochi,India,Asia Pacific,2024,Q3,968760,65,58.5,82.79,90,14.1,180,3.8,3928.0,Reported,Economy,2,INR,9.9312,76.2673
TXN11809,1398,CHN09,Bangkok,Thailand,Asia Pacific,2024,Q1,2471580,398,274.62,323.23,69,24.0,100,4.7,2588.0,Reported,Luxury,5,THB,13.7563,100.5018
TXN11810,2686,CHN06,Delphi,Greece,Europe,2024,Q1,229392,59,42.48,60.96,72,17.6,60,4.1,2288.0,Reported,Economy,2,EUR,0.0,0.0
TXN11811,2687,CHN04,Hoi An,Vietnam,Asia Pacific,2022,Q4,1943482,326,176.04,259.0,54,20.2,120,4.9,8795.0,Reported,Upper-Upscale,5,VND,15.8801,108.338
TXN11812,2688,CHN01,Varanasi,India,Asia Pacific,2024,Q4,5361466,1278,971.28,1322.66,76,43.9,60,4.9,4976.0,Reported,Luxury,5,INR,25.3176,82.9739
TXN11813,2689,CHN01,Genting,Malaysia,Asia Pacific,2020,Q3,5943881,753,293.67,424.77,39,23.0,220,4.9,5024.0,Reported,Luxury,5,MYR,0.0,0.0
TXN11814,2690,CHN02,Yokohama,Japan,Asia Pacific,2019,Q2,2046044,88,64.24,79.79,73,17.5,350,4.3,730.0,Reported,Midscale,3,JPY,35.4437,139.638
TXN11815,2691,CHN08,Toulouse,France,Europe,2020,Q2,1844643,271,92.14,113.88,34,36.9,220,4.6,7390.0,Reported,Luxury,5,EUR,43.6047,1.4442
TXN11816,2692,CHN06,Chengdu,China,Asia Pacific,2022,Q2,1856218,94,58.28,65.7,62,24.5,350,4.2,4460.0,Reported,Midscale,3,CNY,30.5728,104.0668
TXN11817,2693,CHN04,Da Lat,Vietnam,Asia Pacific,2021,Q3,2745758,266,135.66,157.69,51,34.7,220,4.8,12299.0,Reported,Upper-Upscale,5,VND,0.0,0.0
TXN11818,2694,CHN10,Langkawi,Malaysia,Asia Pacific,2024,Q2,7012005,467,350.25,494.74,75,36.8,220,4.6,10941.0,Reported,Luxury,5,MYR,6.35,99.8
TXN11819,2301,CHN05,Guangzhou,China,Asia Pacific,2022,Q2,5012280,612,367.2,450.04,60,20.4,150,4.7,1123.0,Reported,Luxury,5,CNY,23.1291,113.2644
TXN11820,2695,CHN11,Dubai,UAE,Middle East,2024,Q2,1542086,229,169.46,205.26,74,22.9,100,4.2,3830.0,Reported,Midscale,3,AED,25.2048,55.2708
TXN11821,2696,CHN10,Marmaris,Turkey,Europe/Middle East,2025,Q3,848902,146,115.34,165.48,79,30.9,80,4.6,10792.0,Estimated,Upscale,4,TRY,36.8551,28.2553
TXN11822,2697,CHN08,Marmaris,Turkey,Europe/Middle East,2019,Q3,3197957,349,289.67,356.42,83,18.1,120,4.6,12550.0,Reported,Luxury,5,TRY,36.8551,28.2553
TXN11823,1285,CHN12,York,UK,Europe,2025,Q2,8742825,366,274.5,338.44,75,30.5,350,4.4,10936.0,Estimated,Upscale,4,GBP,53.96,-1.0873
TXN11824,2698,CHN08,Edinburgh,UK,Europe,2020,Q2,1627517,276,99.36,115.22,36,42.2,180,4.7,6015.0,Reported,Luxury,5,GBP,55.9533,-3.1883
TXN11825,2699,CHN07,Shanghai,China,Asia Pacific,2019,Q4,2390022,251,173.19,230.78,69,43.9,150,4.5,5527.0,Reported,Upscale,4,CNY,31.2304,121.4737
TXN11826,2700,CHN04,Ankara,Turkey,Europe/Middle East,2022,Q2,806224,107,73.83,85.36,69,27.1,120,4.2,4518.0,Reported,Midscale,3,TRY,39.9334,32.8597
TXN11827,2701,CHN09,Woodlands,Singapore,Asia Pacific,2019,Q2,1592136,144,116.64,168.92,81,27.9,150,4.5,9718.0,Reported,Upscale,4,SGD,1.437,103.7862
TXN11828,2702,CHN06,Abha,Saudi Arabia,Middle East,2025,Q4,785680,122,85.4,115.23,70,24.2,100,4.2,671.0,Estimated,Midscale,3,SAR,18.2164,42.5053
TXN11829,2703,CHN08,Bangkok,Thailand,Asia Pacific,2022,Q1,3337335,419,247.21,295.75,59,42.6,150,4.7,14927.0,Reported,Luxury,5,THB,13.7563,100.5018
TXN11830,2704,CHN12,Beijing,China,Asia Pacific,2023,Q1,4129056,432,254.88,305.26,59,20.5,180,4.4,14642.0,Reported,Upscale,4,CNY,39.9042,116.4074
TXN11831,1763,CHN02,Seville,Spain,Europe,2022,Q4,12365536,634,336.02,465.87,53,20.8,400,4.7,11367.0,Reported,Luxury,5,EUR,37.3891,-5.9845
TXN11832,2705,CHN02,Sydney,Australia,Asia Pacific,2025,Q3,1930528,244,209.84,286.54,86,30.4,100,4.6,14654.0,Estimated,Upscale,4,AUD,-33.8688,151.2093
TXN11833,2706,CHN07,Pamukkale,Turkey,Europe/Middle East,2020,Q4,390724,137,42.47,48.51,31,38.5,100,4.4,4443.0,Reported,Upscale,4,TRY,37.9214,29.1189
TXN11834,2707,CHN08,Ipoh,Malaysia,Asia Pacific,2020,Q4,1423240,130,44.2,63.06,34,37.0,350,4.5,6292.0,Reported,Upscale,4,MYR,4.5975,101.0901
TXN11835,2708,CHN10,Cologne,Germany,Europe,2021,Q3,2944920,485,266.75,357.91,55,22.3,120,4.7,9902.0,Reported,Luxury,5,EUR,50.9333,6.95
TXN11836,2709,CHN11,Chengdu,China,Asia Pacific,2023,Q2,5048316,201,138.69,188.53,69,35.9,400,4.4,3950.0,Reported,Upscale,4,CNY,30.5728,104.0668
TXN11837,2710,CHN07,Cappadocia,Turkey,Europe/Middle East,2023,Q2,1915150,158,116.92,162.75,74,38.0,180,4.4,2108.0,Reported,Upscale,4,TRY,38.6431,34.8289
TXN11838,2711,CHN08,Ankara,Turkey,Europe/Middle East,2021,Q3,1439395,369,195.57,256.51,53,21.2,80,4.9,11381.0,Reported,Luxury,5,TRY,39.9334,32.8597
TXN11839,2712,CHN08,Kuala Lumpur,Malaysia,Asia Pacific,2021,Q4,1645714,173,81.31,96.59,47,32.3,220,4.6,11066.0,Reported,Upscale,4,MYR,3.139,101.6869
TXN11840,2713,CHN01,Ho Chi Minh City,Vietnam,Asia Pacific,2021,Q3,1314643,229,119.08,135.18,52,24.5,120,4.7,7214.0,Reported,Upper-Upscale,5,VND,10.8231,106.6297
TXN11841,2714,CHN02,Kanchanaburi,Thailand,Asia Pacific,2021,Q4,1341360,540,243.0,355.11,45,33.1,60,4.9,12317.0,Reported,Luxury,5,THB,0.0,0.0
TXN11842,2552,CHN09,Seoul,South Korea,Asia Pacific,2021,Q4,819720,165,74.25,107.52,45,39.6,120,4.5,10040.0,Reported,Upscale,4,KRW,37.5665,126.978
TXN11843,2715,CHN02,London,UK,Europe,2023,Q2,1009008,198,138.6,160.4,70,18.4,80,4.4,2454.0,Reported,Midscale,3,GBP,51.5074,-0.1278
TXN11844,2716,CHN10,Jakarta,Indonesia,Asia Pacific,2023,Q1,7793280,615,393.6,555.48,64,39.2,220,4.9,9130.0,Reported,Luxury,5,IDR,-6.2088,106.8456
TXN11845,2717,CHN01,Cambridge,UK,Europe,2022,Q2,3472669,231,136.29,184.6,59,19.3,280,4.6,2437.0,Reported,Upper-Upscale,4,GBP,52.2053,0.1218
TXN11846,2718,CHN10,Natal,Brazil,Americas,2019,Q1,9210672,824,568.56,713.73,69,19.0,180,4.9,2180.0,Reported,Luxury,5,BRL,-5.7945,-35.211
TXN11847,2719,CHN05,Kuching,Malaysia,Asia Pacific,2019,Q3,5305493,386,320.38,435.45,83,29.3,180,4.7,4234.0,Reported,Upper-Upscale,5,MYR,1.5497,110.3626
TXN11848,2720,CHN09,Orlando,USA,Americas,2022,Q3,685216,133,93.1,115.95,70,30.7,80,4.5,10233.0,Reported,Upscale,4,USD,28.5383,-81.3792
TXN11849,2721,CHN05,Mecca,Saudi Arabia,Middle East,2022,Q3,3603180,373,261.1,350.52,70,36.8,150,5.0,4130.0,Reported,Upper-Upscale,5,SAR,21.3891,39.8579
TXN11850,2722,CHN10,Belem,Brazil,Americas,2020,Q4,3204802,377,124.41,154.76,33,18.3,280,4.7,3438.0,Reported,Luxury,5,BRL,-1.4558,-48.5044
TXN11851,2723,CHN05,Barcelona,Spain,Europe,2025,Q1,4042710,713,449.19,562.9,63,38.0,100,4.7,12360.0,Estimated,Luxury,5,EUR,41.3851,2.1734
TXN11852,2724,CHN01,Al Ula,Saudi Arabia,Middle East,2022,Q4,1984992,310,179.8,208.7,58,37.6,120,4.9,13447.0,Reported,Upper-Upscale,5,SAR,0.0,0.0
TXN11853,2725,CHN01,Komodo,Indonesia,Asia Pacific,2024,Q2,3304665,269,201.75,292.34,75,20.3,180,4.7,14568.0,Reported,Upper-Upscale,4,IDR,0.0,0.0
TXN11854,2726,CHN02,Zakynthos,Greece,Europe,2019,Q2,23694944,824,650.96,904.96,79,26.2,400,4.7,14150.0,Reported,Luxury,5,EUR,37.7902,20.9051
TXN11855,2727,CHN04,Liverpool,UK,Europe,2019,Q4,2042400,375,277.5,367.04,74,39.2,80,4.6,3706.0,Reported,Upper-Upscale,5,GBP,53.4084,-2.9916
TXN11856,2728,CHN05,Crete,Greece,Europe,2022,Q3,3695640,412,267.8,319.87,65,30.4,150,5.0,8248.0,Reported,Luxury,5,EUR,35.2401,24.8093
TXN11857,2729,CHN10,Meknes,Morocco,Africa,2024,Q4,20560344,939,638.52,893.23,68,40.8,350,4.7,8606.0,Reported,Luxury,5,MAD,0.0,0.0
TXN11858,2016,CHN01,Haarlem,Netherlands,Europe,2021,Q2,298043,89,40.94,52.01,46,39.9,80,4.4,12807.0,Reported,Upscale,4,EUR,0.0,0.0
TXN11859,2730,CHN04,Yanbu,Saudi Arabia,Middle East,2020,Q3,5310424,434,164.92,209.73,38,41.2,350,4.6,1049.0,Reported,Luxury,5,SAR,0.0,0.0
TXN11860,2731,CHN05,Essaouira,Morocco,Africa,2024,Q4,3481243,457,315.33,429.18,69,37.7,120,4.8,8893.0,Reported,Luxury,5,MAD,31.5125,-9.77
TXN11861,2732,CHN10,Haarlem,Netherlands,Europe,2024,Q2,11013730,455,345.8,479.65,76,23.1,350,5.0,7694.0,Reported,Luxury,5,EUR,0.0,0.0
TXN11862,2733,CHN10,Casablanca,Morocco,Africa,2021,Q4,643411,124,58.28,71.97,47,32.9,120,4.7,5344.0,Reported,Upscale,4,MAD,33.5731,-7.5898
TXN11863,2734,CHN11,Cambridge,UK,Europe,2024,Q4,1294992,340,234.6,289.54,69,37.6,60,4.7,10118.0,Reported,Upper-Upscale,5,GBP,52.2053,0.1218
TXN11864,2735,CHN04,Los Cabos,Mexico,Americas,2024,Q3,3755808,420,340.2,500.94,81,39.7,120,5.0,14420.0,Reported,Upper-Upscale,5,MXN,22.8905,-109.9167
TXN11865,2736,CHN06,Heidelberg,Germany,Europe,2021,Q2,307944,47,22.56,30.55,48,20.3,150,3.8,3451.0,Reported,Economy,2,EUR,49.3988,8.6724
TXN11866,2737,CHN09,Ouarzazate,Morocco,Africa,2021,Q4,3726736,247,101.27,114.3,41,32.1,400,4.8,13927.0,Reported,Luxury,5,MAD,0.0,0.0
TXN11867,2738,CHN03,York,UK,Europe,2020,Q1,365400,140,40.6,58.78,29,33.0,100,4.7,12778.0,Reported,Upscale,4,GBP,53.96,-1.0873
TXN11868,2739,CHN07,Pamukkale,Turkey,Europe/Middle East,2022,Q1,1532160,76,42.56,49.09,56,11.8,400,,1922.0,Reported,Midscale,3,TRY,37.9214,29.1189
TXN11869,2740,CHN04,Washington DC,USA,Americas,2025,Q3,816077,132,110.88,137.88,84,16.7,80,4.2,2102.0,Estimated,Midscale,3,USD,38.9072,-77.0369
TXN11870,2502,CHN10,Sharjah,UAE,Middle East,2022,Q2,1344962,391,246.33,359.6,63,40.4,60,4.7,8519.0,Reported,Luxury,5,AED,25.3463,55.4209
TXN11871,2741,CHN04,Jeddah,Saudi Arabia,Middle East,2019,Q2,5497019,709,503.39,596.86,71,25.6,120,4.6,14916.0,Reported,Luxury,5,SAR,21.5433,39.1728
TXN11872,2742,CHN06,Sentosa,Singapore,Asia Pacific,2019,Q3,1326125,91,80.08,91.17,88,20.5,180,4.4,3053.0,Reported,Midscale,3,SGD,1.2494,103.8303
TXN11873,2743,CHN02,Playa del Carmen,Mexico,Americas,2022,Q2,16792776,699,461.34,678.92,66,21.9,400,4.6,4091.0,Reported,Luxury,5,MXN,20.6296,-87.0739
TXN11874,1644,CHN05,Guadalajara,Mexico,Americas,2020,Q1,1648350,370,122.1,158.31,33,33.6,150,4.7,5985.0,Reported,Luxury,5,MXN,20.6597,-103.3496
TXN11875,2744,CHN09,Ouarzazate,Morocco,Africa,2025,Q3,2237256,193,162.12,216.29,84,29.0,150,4.4,3276.0,Estimated,Upper-Upscale,4,MAD,0.0,0.0
TXN11876,2745,CHN11,Munich,Germany,Europe,2022,Q4,645932,119,70.21,90.81,59,12.9,100,4.2,3485.0,Reported,Midscale,3,EUR,48.1351,11.582
TXN11877,2746,CHN05,Birmingham,UK,Europe,2021,Q3,242107,86,43.86,56.11,51,21.6,60,4.3,2533.0,Reported,Midscale,3,GBP,52.4862,-1.8904
TXN11878,2747,CHN01,Oxford,UK,Europe,2025,Q4,9377266,1231,849.39,1152.68,69,19.4,120,4.9,11936.0,Estimated,Luxury,5,GBP,51.752,-1.2577
TXN11879,2748,CHN11,Nara,Japan,Asia Pacific,2021,Q1,1510488,222,93.24,121.57,42,31.3,180,4.7,14084.0,Reported,Upper-Upscale,5,JPY,34.6851,135.8048
TXN11880,2749,CHN12,Pattaya,Thailand,Asia Pacific,2024,Q3,1122492,147,122.01,153.54,83,23.7,100,,4894.0,Reported,Midscale,3,THB,12.9236,100.8825
TXN11881,2750,CHN03,Kochi,India,Asia Pacific,2025,Q2,937810,226,171.76,248.28,76,42.9,60,4.5,2485.0,Estimated,Upscale,4,INR,9.9312,76.2673
TXN11882,2751,CHN05,The Hague,Netherlands,Europe,2020,Q4,5275648,448,143.36,168.83,32,21.3,400,4.8,1097.0,Reported,Luxury,5,EUR,52.0705,4.3007
TXN11883,2752,CHN03,Fukuoka,Japan,Asia Pacific,2021,Q2,987987,154,72.38,98.94,47,40.2,150,,13166.0,Reported,Upper-Upscale,4,JPY,33.5904,130.4017
TXN11884,2753,CHN04,Krabi,Thailand,Asia Pacific,2024,Q2,2597977,643,475.82,564.53,74,35.7,60,4.6,7370.0,Reported,Luxury,5,THB,8.0863,98.9063
TXN11885,2754,CHN02,Bath,UK,Europe,2025,Q3,3230304,385,292.6,334.51,76,27.1,120,4.9,8164.0,Estimated,Upper-Upscale,5,GBP,51.3811,-2.359
TXN11886,2755,CHN12,Marmaris,Turkey,Europe/Middle East,2025,Q2,2725632,384,299.52,353.42,78,26.8,100,4.6,1372.0,Estimated,Upscale,4,TRY,36.8551,28.2553
TXN11887,2756,CHN03,Hamburg,Germany,Europe,2021,Q1,4808160,477,190.8,265.88,40,24.1,280,4.7,2076.0,Reported,Luxury,5,EUR,53.5511,9.9937
TXN11888,2757,CHN11,Porto,Portugal,Europe,2020,Q1,955944,142,48.28,67.07,34,22.6,220,4.4,6972.0,Reported,Upscale,4,EUR,41.1579,-8.6291
TXN11889,2758,CHN09,Mexico City,Mexico,Americas,2020,Q3,3022752,222,82.14,105.04,37,31.0,400,4.9,11341.0,Reported,Luxury,5,MXN,19.4326,-99.1332
TXN11890,2759,CHN09,Guangzhou,China,Asia Pacific,2023,Q2,728801,188,133.48,158.43,71,43.4,60,4.4,4057.0,Reported,Upper-Upscale,4,CNY,23.1291,113.2644
TXN11891,2760,CHN09,Los Angeles,USA,Americas,2025,Q2,1073218,273,196.56,228.02,72,33.7,60,4.4,6787.0,Estimated,Upper-Upscale,4,USD,34.0522,-118.2437
TXN11892,1849,CHN05,Thessaloniki,Greece,Europe,2023,Q4,9831120,411,267.15,379.59,65,24.1,400,4.9,8303.0,Reported,Upper-Upscale,5,EUR,40.6401,22.9444
TXN11893,2761,CHN07,Los Cabos,Mexico,Americas,2023,Q4,795708,93,57.66,68.3,62,11.1,150,4.4,4354.0,Reported,Midscale,3,MXN,22.8905,-109.9167
TXN11894,2762,CHN07,Ras Al Khaimah,UAE,Middle East,2019,Q4,1511928,166,109.56,127.52,66,21.0,150,4.7,3322.0,Reported,Upscale,4,AED,25.8007,55.9762
TXN11895,2763,CHN12,Cancun,Mexico,Americas,2024,Q2,3022292,437,332.12,377.23,76,43.6,100,4.7,11538.0,Reported,Upscale,4,MXN,21.1619,-86.8515
TXN11896,2764,CHN04,Ras Al Khaimah,UAE,Middle East,2020,Q2,570843,123,41.82,52.39,34,42.6,150,4.6,9003.0,Reported,Upscale,4,AED,25.8007,55.9762
TXN11897,2765,CHN10,Bologna,Italy,Europe,2025,Q4,13018460,622,404.3,455.25,65,26.3,350,4.9,2767.0,Estimated,Luxury,5,EUR,44.4949,11.3426
TXN11898,2766,CHN03,Utrecht,Netherlands,Europe,2021,Q4,7160544,920,432.4,500.44,47,24.0,180,5.0,13041.0,Reported,Luxury,5,EUR,52.0907,5.1214
TXN11899,2767,CHN07,Rotterdam,Netherlands,Europe,2024,Q2,1607288,157,117.75,138.48,75,39.9,150,4.4,10594.0,Reported,Upscale,4,EUR,51.9244,4.4777
TXN11900,2768,CHN02,Udaipur,India,Asia Pacific,2020,Q2,431558,104,39.52,48.77,38,42.3,120,4.5,13661.0,Reported,Upscale,4,INR,24.5854,73.7125
TXN11901,2769,CHN07,Las Vegas,USA,Americas,2022,Q4,1315600,65,35.75,40.27,55,14.7,400,4.1,247.0,Reported,Economy,2,USD,36.1699,-115.1398
TXN11902,1172,CHN11,Zhangjiajie,China,Asia Pacific,2025,Q3,9589344,303,260.58,351.22,86,23.4,400,4.7,14292.0,Estimated,Upper-Upscale,5,CNY,29.117,110.4793
TXN11903,2770,CHN07,Jakarta,Indonesia,Asia Pacific,2020,Q3,189446,44,17.16,24.39,39,15.5,120,4.1,2160.0,Reported,Economy,2,IDR,-6.2088,106.8456
TXN11904,2771,CHN03,Brasilia,Brazil,Americas,2025,Q4,7886314,573,389.64,452.24,68,36.2,220,4.9,12729.0,Estimated,Luxury,5,BRL,-15.7975,-47.8919
TXN11905,2772,CHN11,London,UK,Europe,2023,Q3,4976446,371,300.51,381.84,81,25.0,180,4.5,5850.0,Reported,Upscale,4,GBP,51.5074,-0.1278
TXN11906,2773,CHN05,Miami,USA,Americas,2025,Q3,5504102,912,747.84,897.9,82,23.5,80,4.8,10000.0,Estimated,Luxury,5,USD,25.7617,-80.1918
TXN11907,1998,CHN05,Hue,Vietnam,Asia Pacific,2023,Q4,9030168,779,545.3,629.8,70,30.1,180,4.8,12073.0,Reported,Luxury,5,VND,16.4637,107.5909
TXN11908,2774,CHN11,Ras Al Khaimah,UAE,Middle East,2023,Q4,1759666,99,68.31,79.84,69,16.5,280,4.1,486.0,Reported,Midscale,3,AED,25.8007,55.9762
TXN11909,2775,CHN09,Riyadh,Saudi Arabia,Middle East,2022,Q3,1803384,165,108.9,154.02,66,26.6,180,4.4,6229.0,Reported,Upscale,4,SAR,24.6877,46.7219
TXN11910,1844,CHN08,Bilbao,Spain,Europe,2019,Q4,5436869,363,268.62,359.65,74,20.2,220,4.7,14708.0,Reported,Luxury,5,EUR,43.263,-2.935
TXN11911,2776,CHN11,Bangkok,Thailand,Asia Pacific,2019,Q3,2519972,91,78.26,99.74,86,14.1,350,4.1,2444.0,Reported,Midscale,3,THB,13.7563,100.5018
TXN11912,2777,CHN06,Los Angeles,USA,Americas,2023,Q3,1055314,66,52.14,71.61,79,10.3,220,4.0,4679.0,Reported,Economy,2,USD,34.0522,-118.2437
TXN11913,2778,CHN03,Busan,South Korea,Asia Pacific,2024,Q4,2904127,247,175.37,244.26,71,35.6,180,4.7,1780.0,Reported,Upscale,4,KRW,35.1796,129.0756
TXN11914,1729,CHN07,Daegu,South Korea,Asia Pacific,2019,Q2,815724,83,59.76,74.87,72,11.4,150,4.2,3794.0,Reported,Midscale,3,KRW,35.8714,128.6014
TXN11915,2779,CHN02,Rotterdam,Netherlands,Europe,2022,Q1,1632960,336,181.44,217.79,54,38.6,100,4.9,2224.0,Reported,Upper-Upscale,5,EUR,51.9244,4.4777
TXN11916,2780,CHN07,San Sebastian,Spain,Europe,2021,Q1,1771875,125,56.25,74.05,45,22.5,350,,6003.0,Reported,Upscale,4,EUR,43.3183,-1.9812
TXN11917,1095,CHN06,Penang,Malaysia,Asia Pacific,2019,Q4,1492295,101,73.73,98.89,73,19.0,220,4.2,4143.0,Reported,Midscale,3,MYR,5.4141,100.3288
TXN11918,1223,CHN11,Washington DC,USA,Americas,2024,Q2,2099297,107,82.39,97.66,77,21.1,280,4.3,2652.0,Reported,Midscale,3,USD,38.9072,-77.0369
TXN11919,2608,CHN12,San Francisco,USA,Americas,2019,Q3,2645773,172,130.72,164.77,76,9.4,220,4.3,3307.0,Reported,Midscale,3,USD,37.7749,-122.4194
TXN11920,2781,CHN12,Abha,Saudi Arabia,Middle East,2021,Q1,6330240,628,251.2,313.59,40,26.9,280,4.8,6894.0,Reported,Luxury,5,SAR,18.2164,42.5053
TXN11921,1058,CHN12,Maastricht,Netherlands,Europe,2025,Q1,5571720,330,221.1,305.89,67,42.0,280,4.7,8793.0,Estimated,Upscale,4,EUR,50.8514,5.691
TXN11922,2782,CHN02,Yokohama,Japan,Asia Pacific,2023,Q2,1677476,399,307.23,414.68,77,33.4,60,4.8,7934.0,Reported,Upper-Upscale,5,JPY,35.4437,139.638
TXN11923,2783,CHN03,Birmingham,UK,Europe,2023,Q3,3662630,232,180.96,212.61,78,29.4,220,4.6,10865.0,Reported,Upscale,4,GBP,52.4862,-1.8904
TXN11924,2784,CHN09,Rio de Janeiro,Brazil,Americas,2020,Q3,1769068,134,54.94,80.71,41,32.5,350,4.6,11454.0,Reported,Upper-Upscale,4,BRL,-22.9068,-43.1729
TXN11925,1080,CHN03,Haarlem,Netherlands,Europe,2021,Q2,14960264,921,469.71,605.28,51,43.9,350,5.0,9796.0,Reported,Luxury,5,EUR,0.0,0.0
TXN11926,2785,CHN10,Marmaris,Turkey,Europe/Middle East,2022,Q4,4023804,717,437.37,517.61,61,32.2,100,,13402.0,Reported,Luxury,5,TRY,36.8551,28.2553
TXN11927,2786,CHN08,Meknes,Morocco,Africa,2020,Q3,2550240,300,126.0,151.08,42,31.7,220,4.6,13408.0,Reported,Luxury,5,MAD,0.0,0.0
TXN11928,2787,CHN01,Incheon,South Korea,Asia Pacific,2022,Q2,1579178,116,78.88,106.83,68,18.0,220,4.4,6565.0,Reported,Upscale,4,KRW,37.4563,126.7052
TXN11929,2788,CHN04,Orchard Road,Singapore,Asia Pacific,2024,Q2,12414802,838,620.12,744.77,74,34.3,220,4.9,13814.0,Reported,Luxury,5,SGD,1.3048,103.8318
TXN11930,2677,CHN12,Ajman,UAE,Middle East,2019,Q3,9453184,338,256.88,328.38,76,43.3,400,4.7,1246.0,Reported,Upscale,4,AED,25.4052,55.5136
TXN11931,2789,CHN10,Puerto Vallarta,Mexico,Americas,2019,Q2,7361172,749,539.28,679.92,72,19.2,150,4.9,3628.0,Reported,Luxury,5,MXN,20.6534,-105.2253
TXN11932,2271,CHN03,Busan,South Korea,Asia Pacific,2022,Q4,3759120,454,272.4,332.79,60,43.7,150,4.7,8836.0,Reported,Luxury,5,KRW,35.1796,129.0756
TXN11933,2523,CHN09,Edinburgh,UK,Europe,2021,Q3,760435,123,68.88,83.87,56,25.0,120,4.5,12835.0,Reported,Upscale,4,GBP,55.9533,-3.1883
TXN11934,2790,CHN10,Sukhothai,Thailand,Asia Pacific,2023,Q4,2022307,172,122.12,165.51,71,35.6,180,4.6,14235.0,Reported,Upscale,4,THB,0.0,0.0
TXN11935,2791,CHN07,Sokcho,South Korea,Asia Pacific,2020,Q4,367080,38,11.4,12.79,30,18.2,350,4.0,2884.0,Reported,Economy,2,KRW,38.207,128.5918
TXN11936,1176,CHN08,Zakynthos,Greece,Europe,2019,Q1,2034396,182,125.58,177.45,69,26.7,180,4.6,10953.0,Reported,Upscale,4,EUR,37.7902,20.9051
TXN11937,2792,CHN11,Frankfurt,Germany,Europe,2019,Q4,1102675,227,149.82,173.95,66,32.8,80,4.6,13015.0,Reported,Upscale,4,EUR,50.1109,8.6821
TXN11938,2793,CHN05,Zhangjiajie,China,Asia Pacific,2022,Q2,10316124,423,283.41,374.15,67,26.1,400,4.9,1696.0,Reported,Luxury,5,CNY,29.117,110.4793
TXN11939,2794,CHN12,Clarke Quay,Singapore,Asia Pacific,2024,Q3,3249624,145,126.15,153.54,87,10.3,280,4.3,2024.0,Reported,Midscale,3,SGD,1.2906,103.8467
TXN11940,2795,CHN02,Berlin,Germany,Europe,2021,Q3,4226774,709,382.86,524.93,54,25.9,120,4.9,2928.0,Reported,Luxury,5,EUR,52.52,13.405
TXN11941,2796,CHN10,Little India,Singapore,Asia Pacific,2019,Q3,915952,131,99.56,140.26,76,19.0,100,4.5,13568.0,Reported,Upscale,4,SGD,1.3066,103.8518
TXN11942,2797,CHN12,Marseille,France,Europe,2024,Q1,5188986,359,262.07,381.2,73,26.9,220,4.7,7519.0,Reported,Upscale,4,EUR,43.2965,5.3698
TXN11943,2798,CHN07,Agadir,Morocco,Africa,2023,Q2,860278,101,78.78,111.51,78,13.9,120,4.2,3176.0,Reported,Midscale,3,MAD,30.4278,-9.5981
TXN11944,2799,CHN07,Turin,Italy,Europe,2019,Q2,4357808,164,119.72,146.62,73,21.6,400,4.6,3245.0,Reported,Upscale,4,EUR,45.0703,7.6869
TXN11945,2800,CHN12,Oxford,UK,Europe,2019,Q4,971962,124,88.04,120.79,71,27.6,120,4.1,791.0,Reported,Midscale,3,GBP,51.752,-1.2577
TXN11946,2801,CHN01,Amsterdam,Netherlands,Europe,2025,Q2,29334614,1599,1151.28,1388.96,72,23.4,280,4.6,8501.0,Estimated,Luxury,5,EUR,52.3676,4.9041
TXN11947,2802,CHN10,Berlin,Germany,Europe,2020,Q1,2686770,535,165.85,231.66,31,29.7,180,4.8,8763.0,Reported,Luxury,5,EUR,52.52,13.405
TXN11948,2803,CHN04,Brisbane,Australia,Asia Pacific,2021,Q2,1800162,157,70.65,97.2,45,40.0,280,4.5,13137.0,Reported,Upscale,4,AUD,-27.4698,153.0251
TXN11949,2804,CHN05,Abu Dhabi,UAE,Middle East,2021,Q1,774180,85,39.1,48.37,46,23.7,220,4.1,3543.0,Reported,Midscale,3,AED,24.4539,54.3773
TXN11950,2805,CHN06,Bilbao,Spain,Europe,2022,Q3,585562,52,35.36,40.33,68,10.4,180,3.9,1456.0,Reported,Economy,2,EUR,43.263,-2.935
TXN11951,2806,CHN08,Granada,Spain,Europe,2025,Q2,2865408,492,393.6,565.93,80,25.9,80,4.9,4946.0,Estimated,Luxury,5,EUR,37.1773,-3.5986
TXN11952,2807,CHN07,Madeira,Portugal,Europe,2024,Q1,1416492,98,71.54,84.5,73,20.7,220,4.2,1666.0,Reported,Midscale,3,EUR,32.6669,-16.9241
TXN11953,2808,CHN04,Evora,Portugal,Europe,2020,Q2,181927,49,16.66,19.97,34,19.2,120,4.1,4536.0,Reported,Economy,2,EUR,0.0,0.0
TXN11954,2809,CHN11,Los Angeles,USA,Americas,2022,Q1,1954890,107,62.06,69.93,58,19.1,350,4.2,461.0,Reported,Midscale,3,USD,34.0522,-118.2437
TXN11955,2810,CHN08,Jeju Island,South Korea,Asia Pacific,2023,Q1,3847410,197,122.14,155.14,62,41.9,350,4.6,13361.0,Reported,Upscale,4,KRW,33.4996,126.5312
TXN11956,2811,CHN06,Lille,France,Europe,2021,Q4,1446939,137,56.17,80.05,41,39.0,280,4.5,6277.0,Reported,Upscale,4,EUR,50.6292,3.0573
TXN11957,2812,CHN01,Labuan Bajo,Indonesia,Asia Pacific,2024,Q3,2922840,353,317.7,378.27,90,39.1,100,4.8,7165.0,Reported,Upper-Upscale,5,IDR,0.0,0.0
TXN11958,1282,CHN09,Athens,Greece,Europe,2023,Q4,10994736,433,298.77,377.68,69,41.2,400,5.0,12251.0,Reported,Luxury,5,EUR,37.9838,23.7275
TXN11959,2813,CHN12,Fez,Morocco,Africa,2021,Q4,1466885,618,265.74,346.05,43,27.9,60,4.7,6934.0,Reported,Luxury,5,MAD,34.0181,-5.0078
TXN11960,2814,CHN01,Sintra,Portugal,Europe,2023,Q3,6780032,329,263.2,365.07,80,34.0,280,4.8,12105.0,Reported,Upper-Upscale,5,EUR,38.7978,-9.3902
TXN11961,2815,CHN03,Birmingham,UK,Europe,2022,Q2,10950212,449,300.83,356.63,67,43.9,400,4.7,4602.0,Reported,Luxury,5,GBP,52.4862,-1.8904
TXN11962,2816,CHN05,Bath,UK,Europe,2020,Q3,2573258,379,155.39,182.9,41,26.8,180,4.9,11557.0,Reported,Luxury,5,GBP,51.3811,-2.359
TXN11963,1805,CHN05,Varanasi,India,Asia Pacific,2020,Q4,1122952,359,122.06,165.86,34,33.8,100,5.0,13517.0,Reported,Luxury,5,INR,25.3176,82.9739
TXN11964,2817,CHN10,Washington DC,USA,Americas,2019,Q1,2952180,497,328.02,454.49,66,24.8,100,4.9,8316.0,Reported,Luxury,5,USD,38.9072,-77.0369
TXN11965,2818,CHN04,Orlando,USA,Americas,2022,Q3,5002077,266,194.18,222.33,73,30.9,280,4.6,6626.0,Reported,Upscale,4,USD,28.5383,-81.3792
TXN11966,2819,CHN07,Jeonju,South Korea,Asia Pacific,2022,Q2,531476,157,97.34,111.86,62,27.8,60,4.6,10195.0,Reported,Upscale,4,KRW,35.8242,127.148
TXN11967,1157,CHN08,Andong,South Korea,Asia Pacific,2021,Q1,947700,390,175.5,240.61,45,33.8,60,4.8,11858.0,Reported,Luxury,5,KRW,36.5684,128.7294
TXN11968,2820,CHN08,Guilin,China,Asia Pacific,2023,Q2,2251158,217,164.92,202.06,76,20.1,150,4.4,13069.0,Reported,Upscale,4,CNY,25.2736,110.2907
TXN11969,2821,CHN05,Xian,China,Asia Pacific,2023,Q4,2715398,559,368.94,524.82,66,22.9,80,4.7,7228.0,Reported,Luxury,5,CNY,34.3416,108.9398
TXN11970,2822,CHN05,Al Ain,UAE,Middle East,2021,Q2,4309906,414,215.28,315.92,52,20.1,220,5.0,13925.0,Reported,Luxury,5,AED,24.2075,55.7447
TXN11971,2823,CHN06,Zakynthos,Greece,Europe,2021,Q2,248976,57,27.36,35.36,48,11.9,100,4.1,568.0,Reported,Economy,2,EUR,37.7902,20.9051
TXN11972,1373,CHN08,Amsterdam,Netherlands,Europe,2023,Q3,7183397,529,433.78,629.81,82,26.9,180,4.9,6321.0,Reported,Luxury,5,EUR,52.3676,4.9041
TXN11973,2460,CHN06,Chefchaouen,Morocco,Africa,2021,Q4,1074514,71,33.37,44.75,47,22.8,350,4.2,1794.0,Reported,Midscale,3,MAD,35.1688,-5.2636
TXN11974,2824,CHN10,Yokohama,Japan,Asia Pacific,2020,Q3,6352416,548,197.28,254.57,36,19.2,350,5.0,1774.0,Reported,Luxury,5,JPY,35.4437,139.638
TXN11975,2825,CHN11,Los Angeles,USA,Americas,2019,Q4,4136541,217,160.58,223.0,74,42.1,280,4.5,11456.0,Reported,Upscale,4,USD,34.0522,-118.2437
TXN11976,2826,CHN11,Maastricht,Netherlands,Europe,2020,Q3,505448,134,54.94,78.5,41,29.0,100,4.5,6997.0,Reported,Upscale,4,EUR,50.8514,5.691
TXN11977,1087,CHN04,Pattaya,Thailand,Asia Pacific,2020,Q4,1300512,114,35.34,50.18,31,25.6,400,4.3,7873.0,Reported,Upscale,4,THB,12.9236,100.8825
TXN11978,1834,CHN09,Chicago,USA,Americas,2023,Q1,3265650,410,241.9,342.72,59,18.3,150,4.7,5730.0,Reported,Luxury,5,USD,41.8781,-87.6298
TXN11979,2827,CHN11,Mykonos,Greece,Europe,2024,Q2,4018560,138,110.4,141.32,80,12.0,400,4.3,827.0,Reported,Midscale,3,EUR,37.4467,25.3289
TXN11980,2828,CHN11,Cairns,Australia,Asia Pacific,2025,Q3,1643083,99,81.18,103.18,82,22.9,220,4.1,2119.0,Estimated,Midscale,3,AUD,-16.9186,145.7781
TXN11981,2829,CHN01,Bristol,UK,Europe,2023,Q4,1891814,108,73.44,83.58,68,21.1,280,4.2,943.0,Reported,Upscale,3,GBP,51.4545,-2.5879
TXN11982,2830,CHN06,Lyon,France,Europe,2024,Q3,886696,122,96.38,124.21,79,18.8,100,4.1,3244.0,Reported,Midscale,3,EUR,45.764,4.8357
TXN11983,2831,CHN09,Busan,South Korea,Asia Pacific,2021,Q1,843534,127,52.07,74.76,41,34.9,180,4.4,7525.0,Reported,Upscale,4,KRW,35.1796,129.0756
TXN11984,2832,CHN08,Yokohama,Japan,Asia Pacific,2019,Q1,8898120,428,282.48,357.85,66,24.5,350,4.6,7620.0,Reported,Luxury,5,JPY,35.4437,139.638
TXN11985,2833,CHN07,Bath,UK,Europe,2024,Q2,4666662,198,146.52,199.11,74,24.1,350,,13689.0,Reported,Upscale,4,GBP,51.3811,-2.359
TXN11986,2834,CHN11,Yogyakarta,Indonesia,Asia Pacific,2025,Q3,3210469,206,158.62,225.83,77,39.3,220,4.5,4689.0,Estimated,Upscale,4,IDR,-7.7971,110.3688
TXN11987,2835,CHN08,Little India,Singapore,Asia Pacific,2024,Q4,5947027,536,359.12,429.01,67,41.9,180,4.8,4662.0,Reported,Luxury,5,SGD,1.3066,103.8518
TXN11988,2836,CHN09,Puerto Vallarta,Mexico,Americas,2022,Q4,6429696,312,174.72,217.93,56,29.4,400,4.7,8088.0,Reported,Luxury,5,MXN,20.6534,-105.2253
TXN11989,2680,CHN08,Bur Dubai,UAE,Middle East,2025,Q2,11557728,392,317.52,413.38,81,40.0,400,4.8,11616.0,Estimated,Luxury,5,AED,25.2535,55.296
TXN11990,2651,CHN03,Meknes,Morocco,Africa,2022,Q1,1511136,176,93.28,118.95,53,23.1,180,4.6,5574.0,Reported,Upscale,4,MAD,0.0,0.0
TXN11991,2837,CHN03,Jeju Island,South Korea,Asia Pacific,2023,Q2,5904990,618,432.6,519.9,70,38.5,150,4.9,7938.0,Reported,Luxury,5,KRW,33.4996,126.5312
TXN11992,2838,CHN06,Palermo,Italy,Europe,2021,Q4,248952,44,18.04,21.81,41,13.1,150,4.0,2813.0,Reported,Economy,2,EUR,38.1157,13.3615
TXN11993,2839,CHN03,Zhangjiajie,China,Asia Pacific,2025,Q1,7648200,1214,849.8,1210.4,70,27.9,100,4.9,14450.0,Estimated,Luxury,5,CNY,29.117,110.4793
TXN11994,2840,CHN12,Sukhothai,Thailand,Asia Pacific,2019,Q4,2174328,202,131.3,163.95,65,36.5,180,4.5,13064.0,Reported,Upscale,4,THB,0.0,0.0
TXN11995,1966,CHN09,Xian,China,Asia Pacific,2022,Q2,2819981,269,172.16,253.28,64,38.9,180,5.0,14609.0,Reported,Luxury,5,CNY,34.3416,108.9398
TXN11996,2841,CHN02,Toledo,Spain,Europe,2024,Q1,8153640,319,226.49,275.86,71,21.3,400,4.5,2202.0,Reported,Upper-Upscale,4,EUR,39.8628,-4.0273
TXN11997,2842,CHN06,Puebla,Mexico,Americas,2023,Q1,1413720,66,44.88,51.71,68,10.5,350,3.9,4312.0,Reported,Economy,2,MXN,19.0414,-98.2063
TXN11998,2843,CHN08,Chengdu,China,Asia Pacific,2024,Q2,3747744,429,343.2,401.43,80,29.0,120,4.9,9119.0,Reported,Luxury,5,CNY,30.5728,104.0668
TXN11999,2844,CHN03,Los Cabos,Mexico,Americas,2021,Q4,1128564,145,68.15,93.95,47,37.8,180,4.4,2994.0,Reported,Upper-Upscale,4,MXN,22.8905,-109.9167
TXN12000,2845,CHN10,Jaipur,India,Asia Pacific,2021,Q3,3437856,692,373.68,486.32,54,36.1,100,4.8,14292.0,Reported,Luxury,5,INR,26.9124,75.7873
TXN12001,2846,CHN11,Bologna,Italy,Europe,2019,Q1,2271150,103,72.1,84.32,70,16.0,350,4.4,4423.0,Reported,Midscale,3,EUR,44.4949,11.3426
TXN12002,2847,CHN01,Brasilia,Brazil,Americas,2025,Q2,1504121,291,206.61,232.04,71,25.6,80,5.0,6584.0,Estimated,Upper-Upscale,5,BRL,-15.7975,-47.8919
TXN12003,2848,CHN09,Amalfi,Italy,Europe,2025,Q4,728640,200,132.0,177.7,66,27.5,60,4.7,1675.0,Estimated,Upper-Upscale,4,EUR,40.634,14.6027
TXN12004,2849,CHN06,Amalfi,Italy,Europe,2020,Q2,978114,83,30.71,34.56,37,9.1,350,4.1,1519.0,Reported,Midscale,3,EUR,40.634,14.6027
TXN12005,2331,CHN06,Shanghai,China,Asia Pacific,2020,Q3,241224,69,26.22,35.3,38,13.2,100,3.9,1584.0,Reported,Economy,2,CNY,31.2304,121.4737
TXN12006,2850,CHN06,Fujairah,UAE,Middle East,2024,Q4,2097379,118,81.42,93.4,69,14.8,280,4.2,1750.0,Reported,Midscale,3,AED,25.1288,56.3264
TXN12007,2851,CHN07,Delhi,India,Asia Pacific,2019,Q2,1848319,93,72.54,104.27,78,17.3,280,4.1,3224.0,Reported,Midscale,3,INR,28.6139,77.209
TXN12008,2852,CHN05,Venice,Italy,Europe,2022,Q1,604800,150,84.0,108.04,56,26.7,80,4.3,2006.0,Reported,Midscale,3,EUR,45.4408,12.3155
TXN12009,2853,CHN01,Antalya,Turkey,Europe/Middle East,2021,Q3,12936672,651,351.54,497.49,54,37.9,400,4.7,6686.0,Reported,Luxury,5,TRY,36.8969,30.7133
TXN12010,2854,CHN12,Fortaleza,Brazil,Americas,2021,Q1,784836,169,72.67,103.14,43,31.8,120,4.5,8951.0,Reported,Upscale,4,BRL,-3.7319,-38.5267
TXN12011,2855,CHN11,Santorini,Greece,Europe,2023,Q4,1040520,174,113.1,157.63,65,11.7,100,4.3,3340.0,Reported,Midscale,3,EUR,36.3932,25.4615
TXN12012,2856,CHN09,Florianopolis,Brazil,Americas,2021,Q3,711859,124,64.48,74.42,52,26.9,120,4.5,14249.0,Reported,Upscale,4,BRL,-27.5954,-48.548
TXN12013,2857,CHN07,Kochi,India,Asia Pacific,2019,Q4,1617581,198,146.52,192.32,74,27.7,120,4.6,5955.0,Reported,Upscale,4,INR,9.9312,76.2673
TXN12014,2691,CHN08,Toulouse,France,Europe,2019,Q2,4361858,415,319.55,363.97,77,43.0,150,4.7,5634.0,Reported,Luxury,5,EUR,43.6047,1.4442
TXN12015,2858,CHN03,Recife,Brazil,Americas,2021,Q4,2220199,981,402.21,548.3,41,21.8,60,4.7,8167.0,Reported,Luxury,5,BRL,-8.0476,-34.877
TXN12016,2259,CHN09,Jeju Island,South Korea,Asia Pacific,2022,Q1,1169280,280,162.4,192.4,58,35.3,80,5.0,8139.0,Reported,Luxury,5,KRW,33.4996,126.5312
TXN12017,2859,CHN04,JBR,UAE,Middle East,2025,Q2,3048045,290,223.3,280.74,77,33.8,150,4.4,5855.0,Estimated,Upscale,4,AED,25.0777,55.1308
TXN12018,2860,CHN05,Toulouse,France,Europe,2019,Q4,14348320,557,389.9,458.24,70,35.0,400,4.7,12909.0,Reported,Luxury,5,EUR,43.6047,1.4442
TXN12019,2861,CHN04,Da Nang,Vietnam,Asia Pacific,2024,Q3,16449048,594,510.84,751.97,86,33.8,350,4.9,11717.0,Reported,Luxury,5,VND,16.0544,108.2022
TXN12020,2862,CHN04,Bodrum,Turkey,Europe/Middle East,2023,Q4,11348568,534,352.44,502.37,66,29.7,350,4.7,12666.0,Reported,Luxury,5,TRY,37.0344,27.4305
TXN12021,2863,CHN02,Leipzig,Germany,Europe,2025,Q2,1582381,104,79.04,114.24,76,12.7,220,4.1,2336.0,Estimated,Midscale,3,EUR,51.3397,12.3731
TXN12022,2864,CHN02,Izmir,Turkey,Europe/Middle East,2020,Q2,3224239,532,196.84,257.37,37,33.9,180,4.8,13200.0,Reported,Luxury,5,TRY,38.4192,27.1287
TXN12023,2865,CHN11,Oxford,UK,Europe,2020,Q4,1610000,125,43.75,58.86,35,34.6,400,4.6,2677.0,Reported,Upscale,4,GBP,51.752,-1.2577
TXN12024,2866,CHN04,Oaxaca,Mexico,Americas,2019,Q2,2035706,478,372.84,471.47,78,33.2,60,4.7,10653.0,Reported,Luxury,5,MXN,17.0732,-96.7266
TXN12025,2867,CHN11,Stuttgart,Germany,Europe,2023,Q4,2275896,114,70.68,99.1,62,25.3,350,4.3,1180.0,Reported,Midscale,3,EUR,48.7758,9.1829
TXN12026,2868,CHN11,Al Ain,UAE,Middle East,2025,Q1,587520,85,54.4,64.71,64,14.1,120,4.4,444.0,Estimated,Midscale,3,AED,24.2075,55.7447
TXN12027,2869,CHN04,Rabat,Morocco,Africa,2024,Q2,5896800,200,162.0,239.3,81,30.7,400,4.4,5522.0,Reported,Upscale,4,MAD,33.9716,-6.8498
TXN12028,2870,CHN04,Ajman,UAE,Middle East,2019,Q1,17445960,989,692.3,1001.11,70,38.7,280,4.8,10580.0,Reported,Luxury,5,AED,25.4052,55.5136
TXN12029,2871,CHN05,Porto,Portugal,Europe,2023,Q1,5266008,436,265.96,301.37,61,28.9,220,,13289.0,Reported,Upper-Upscale,5,EUR,41.1579,-8.6291
TXN12030,2276,CHN07,Barcelona,Spain,Europe,2019,Q3,1609632,216,174.96,246.48,81,19.4,100,4.3,14556.0,Reported,Upscale,4,EUR,41.3851,2.1734
TXN12031,2872,CHN07,Darwin,Australia,Asia Pacific,2022,Q1,379620,74,42.18,53.33,57,11.1,100,4.2,2384.0,Reported,Midscale,3,AUD,-12.4634,130.8456
TXN12032,2873,CHN03,Adelaide,Australia,Asia Pacific,2023,Q1,3632040,570,336.3,487.67,59,27.5,120,4.8,12549.0,Reported,Luxury,5,AUD,-34.9285,138.6007
TXN12033,2874,CHN01,Liverpool,UK,Europe,2021,Q3,4968000,250,135.0,187.97,54,27.0,400,4.9,11721.0,Reported,Upper-Upscale,5,GBP,53.4084,-2.9916
TXN12034,2875,CHN01,Marrakech,Morocco,Africa,2025,Q4,6388351,501,315.63,356.29,63,34.1,220,4.7,6744.0,Estimated,Luxury,5,MAD,31.6295,-7.9811
TXN12035,2876,CHN05,Clarke Quay,Singapore,Asia Pacific,2024,Q1,2856960,124,79.36,91.24,64,17.4,400,4.1,1319.0,Reported,Midscale,3,SGD,1.2906,103.8467
TXN12036,2877,CHN10,Al Ula,Saudi Arabia,Middle East,2025,Q2,17454528,648,479.52,691.96,74,37.1,400,4.6,9832.0,Estimated,Luxury,5,SAR,0.0,0.0
TXN12037,2878,CHN09,Medan,Indonesia,Asia Pacific,2024,Q3,2196371,347,298.42,336.9,86,39.1,80,4.9,2998.0,Reported,Luxury,5,IDR,0.0,0.0
TXN12038,2879,CHN04,Venice,Italy,Europe,2021,Q1,2715840,184,75.44,86.01,41,39.2,400,4.5,11173.0,Reported,Upscale,4,EUR,45.4408,12.3155
TXN12039,2880,CHN12,Obidos,Portugal,Europe,2023,Q2,5554640,218,152.6,221.93,70,19.5,400,4.5,5437.0,Reported,Upscale,4,EUR,0.0,0.0
TXN12040,2881,CHN04,London,UK,Europe,2019,Q2,25644419,1731,1280.94,1853.73,74,30.2,220,4.9,4506.0,Reported,Luxury,5,GBP,51.5074,-0.1278
TXN12041,2882,CHN08,Al Ain,UAE,Middle East,2021,Q4,2295216,162,71.28,92.15,44,22.9,350,4.4,6970.0,Reported,Upscale,4,AED,24.2075,55.7447
TXN12042,2883,CHN05,Hanoi,Vietnam,Asia Pacific,2022,Q1,8121645,437,257.83,298.77,59,34.7,350,4.7,9942.0,Reported,Luxury,5,VND,21.0285,105.8542
TXN12043,2884,CHN11,Phuket,Thailand,Asia Pacific,2022,Q2,3758300,250,147.5,199.61,59,40.4,280,4.8,3257.0,Reported,Upper-Upscale,5,THB,7.8804,98.3923
TXN12044,2885,CHN09,Malaga,Spain,Europe,2019,Q3,1951458,179,141.41,200.1,79,18.5,150,4.7,7853.0,Reported,Upper-Upscale,4,EUR,36.7213,-4.4214
TXN12045,2886,CHN02,Ouarzazate,Morocco,Africa,2023,Q4,1828224,160,110.4,151.31,69,33.2,180,,12670.0,Reported,Upscale,4,MAD,0.0,0.0
TXN12046,2887,CHN06,Recife,Brazil,Americas,2024,Q2,1464044,109,89.38,111.06,82,24.0,180,4.2,2616.0,Reported,Midscale,3,BRL,-8.0476,-34.877
TXN12047,2888,CHN05,Barcelona,Spain,Europe,2024,Q1,4374000,675,486.0,675.62,72,26.7,100,4.8,13494.0,Reported,Luxury,5,EUR,41.3851,2.1734
TXN12048,2889,CHN04,Hiroshima,Japan,Asia Pacific,2019,Q2,3312691,576,455.04,516.68,79,20.7,80,4.6,8081.0,Reported,Luxury,5,JPY,34.3853,132.4553
TXN12049,2890,CHN09,Da Nang,Vietnam,Asia Pacific,2020,Q2,267540,105,36.75,53.45,35,21.6,80,4.4,6412.0,Reported,Upscale,4,VND,16.0544,108.2022
TXN12050,2891,CHN08,Birmingham,UK,Europe,2020,Q1,1088640,336,100.8,120.64,30,32.6,120,4.8,3518.0,Reported,Luxury,5,GBP,52.4862,-1.8904
TXN12051,2892,CHN01,Cannes,France,Europe,2024,Q3,7673904,331,297.9,438.97,90,40.0,280,4.6,2668.0,Reported,Upper-Upscale,5,EUR,43.5528,7.0174
TXN12052,2893,CHN11,Sharjah,UAE,Middle East,2022,Q2,5861856,244,161.04,182.65,66,34.2,400,4.9,1757.0,Reported,Upper-Upscale,5,AED,25.3463,55.4209
TXN12053,2894,CHN01,Puebla,Mexico,Americas,2019,Q4,8986008,892,651.16,863.58,73,43.0,150,4.7,9501.0,Reported,Luxury,5,MXN,19.0414,-98.2063
TXN12054,2895,CHN09,Eindhoven,Netherlands,Europe,2022,Q4,1748074,273,158.34,197.58,58,38.4,120,4.6,2688.0,Reported,Luxury,5,EUR,51.4416,5.4697
TXN12055,1606,CHN01,Malaga,Spain,Europe,2023,Q2,2830464,108,77.76,87.93,72,22.9,400,4.1,4383.0,Reported,Upscale,3,EUR,36.7213,-4.4214
TXN12056,2896,CHN11,Chicago,USA,Americas,2023,Q3,482006,118,87.32,103.66,74,10.4,60,4.2,4883.0,Reported,Midscale,3,USD,41.8781,-87.6298
TXN12057,2897,CHN12,Salvador,Brazil,Americas,2025,Q1,3135600,134,87.1,112.71,65,9.3,400,4.2,3728.0,Estimated,Midscale,3,BRL,-12.9714,-38.5014
TXN12058,2898,CHN07,Versailles,France,Europe,2025,Q1,386100,66,42.9,50.6,65,13.3,100,3.8,668.0,Estimated,Economy,2,EUR,48.8014,2.1301
TXN12059,2899,CHN03,Seville,Spain,Europe,2025,Q2,6279728,227,172.52,216.06,76,25.0,400,4.5,8422.0,Estimated,Upscale,4,EUR,37.3891,-5.9845
TXN12060,1006,CHN07,Kyoto,Japan,Asia Pacific,2025,Q3,1724890,124,104.16,136.14,84,26.9,180,4.3,394.0,Estimated,Midscale,3,JPY,35.0116,135.7681
TXN12061,2900,CHN11,Manchester,UK,Europe,2025,Q4,1527715,102,75.48,95.95,74,11.7,220,4.3,876.0,Estimated,Midscale,3,GBP,53.4808,-2.2426
TXN12062,2901,CHN04,Algarve,Portugal,Europe,2022,Q2,287778,59,39.53,58.41,67,11.7,80,3.8,4339.0,Reported,Economy,2,EUR,37.0194,-8.1383
TXN12063,2902,CHN06,Brasilia,Brazil,Americas,2023,Q3,1215596,181,132.13,195.48,73,41.3,100,4.5,5546.0,Reported,Upscale,4,BRL,-15.7975,-47.8919
TXN12064,2903,CHN06,Shanghai,China,Asia Pacific,2024,Q4,1216166,153,110.16,126.44,72,27.9,120,4.3,628.0,Reported,Midscale,3,CNY,31.2304,121.4737
TXN12065,2904,CHN12,Naples,Italy,Europe,2022,Q2,963963,107,70.62,99.84,66,9.5,150,4.2,,Reported,Midscale,3,EUR,40.8518,14.2681
TXN12066,2905,CHN10,Cologne,Germany,Europe,2025,Q3,898803,142,122.12,149.54,86,29.4,80,4.7,5554.0,Estimated,Upscale,4,EUR,50.9333,6.95
TXN12067,2906,CHN09,Labuan Bajo,Indonesia,Asia Pacific,2021,Q3,2955040,146,80.3,103.7,55,27.6,400,4.4,14280.0,Reported,Upper-Upscale,4,IDR,0.0,0.0
TXN12068,2907,CHN10,Hue,Vietnam,Asia Pacific,2022,Q3,1633975,143,98.67,137.85,69,27.5,180,4.5,12783.0,Reported,Upscale,4,VND,16.4637,107.5909
TXN12069,2908,CHN04,Al Ain,UAE,Middle East,2020,Q4,1519546,666,206.46,266.4,31,33.1,80,,6297.0,Reported,Luxury,5,AED,24.2075,55.7447
TXN12070,2909,CHN01,Antalya,Turkey,Europe/Middle East,2025,Q4,2589984,272,187.68,276.91,69,28.5,150,4.5,6167.0,Estimated,Upper-Upscale,4,TRY,36.8969,30.7133
TXN12071,2910,CHN07,Cameron Highlands,Malaysia,Asia Pacific,2023,Q4,1440306,63,44.73,61.65,71,14.0,350,3.9,3562.0,Reported,Economy,2,MYR,0.0,0.0
TXN12072,1046,CHN07,Valencia,Spain,Europe,2024,Q2,418509,105,76.65,87.66,73,20.5,60,4.3,2759.0,Reported,Midscale,3,EUR,39.4699,-0.3763
TXN12073,2911,CHN01,JBR,UAE,Middle East,2025,Q2,6567152,261,206.19,253.36,79,34.8,350,4.5,2656.0,Estimated,Upper-Upscale,4,AED,25.0777,55.1308
TXN12074,2912,CHN04,Groningen,Netherlands,Europe,2023,Q2,1977394,503,362.16,533.02,72,37.6,60,4.8,4299.0,Reported,Luxury,5,EUR,0.0,0.0
TXN12075,2314,CHN09,Agra,India,Asia Pacific,2025,Q1,1136430,183,126.27,176.2,69,43.2,100,4.6,5881.0,Estimated,Upper-Upscale,4,INR,27.1767,78.0081
TXN12076,2913,CHN04,Hiroshima,Japan,Asia Pacific,2024,Q1,931500,125,86.25,113.49,69,21.6,120,4.3,4595.0,Reported,Midscale,3,JPY,34.3853,132.4553
TXN12077,2914,CHN04,Woodlands,Singapore,Asia Pacific,2025,Q4,18616752,693,505.89,701.03,73,36.1,400,4.9,12974.0,Estimated,Luxury,5,SGD,1.437,103.7862
TXN12078,2915,CHN03,Sydney,Australia,Asia Pacific,2024,Q4,6954234,313,215.97,296.42,69,24.3,350,4.5,7687.0,Reported,Upper-Upscale,4,AUD,-33.8688,151.2093
TXN12079,2916,CHN07,Yanbu,Saudi Arabia,Middle East,2021,Q4,418637,79,37.92,49.65,48,24.4,120,4.1,4763.0,Reported,Midscale,3,SAR,0.0,0.0
TXN12080,1006,CHN07,Kyoto,Japan,Asia Pacific,2024,Q1,3118320,122,86.62,113.86,71,16.2,400,4.3,3479.0,Reported,Midscale,3,JPY,35.0116,135.7681
TXN12081,2917,CHN03,Liverpool,UK,Europe,2019,Q3,4240878,389,307.31,347.48,79,39.7,150,4.9,11547.0,Reported,Luxury,5,GBP,53.4084,-2.9916
TXN12082,2918,CHN05,Trabzon,Turkey,Europe/Middle East,2023,Q1,639180,106,71.02,98.72,67,13.9,100,4.2,4994.0,Reported,Midscale,3,TRY,0.0,0.0
TXN12083,2919,CHN10,Jaipur,India,Asia Pacific,2024,Q2,3883152,508,426.72,480.41,84,36.5,100,,13007.0,Reported,Luxury,5,INR,26.9124,75.7873
TXN12084,2920,CHN01,Essaouira,Morocco,Africa,2024,Q4,1363882,261,185.31,260.8,71,31.9,80,4.6,2929.0,Reported,Upper-Upscale,4,MAD,31.5125,-9.77
TXN12085,2921,CHN04,Malacca,Malaysia,Asia Pacific,2021,Q3,1410360,511,255.5,363.21,50,38.8,60,4.9,2695.0,Reported,Luxury,5,MYR,2.1896,102.2501
TXN12086,2922,CHN06,Jeonju,South Korea,Asia Pacific,2023,Q1,751896,118,69.62,87.98,59,26.7,120,4.3,1999.0,Reported,Midscale,3,KRW,35.8242,127.148
TXN12087,2923,CHN02,Miami,USA,Americas,2023,Q4,2944920,485,320.1,426.51,66,32.5,100,4.9,13618.0,Reported,Upper-Upscale,5,USD,25.7617,-80.1918
TXN12088,2924,CHN07,Da Lat,Vietnam,Asia Pacific,2024,Q2,3263660,209,163.02,188.72,78,40.6,220,4.4,12433.0,Reported,Upscale,4,VND,0.0,0.0
TXN12089,2925,CHN01,Zakynthos,Greece,Europe,2022,Q1,1426896,367,198.18,269.13,54,40.7,80,5.0,10428.0,Reported,Luxury,5,EUR,37.7902,20.9051
TXN12090,1699,CHN09,Yokohama,Japan,Asia Pacific,2019,Q3,1040410,186,141.36,174.75,76,32.7,80,4.6,6404.0,Reported,Upper-Upscale,4,JPY,35.4437,139.638
TXN12091,2926,CHN06,Ouarzazate,Morocco,Africa,2021,Q2,658658,70,32.9,37.82,47,8.2,220,4.1,1633.0,Reported,Midscale,3,MAD,0.0,0.0
TXN12092,2927,CHN03,Rio de Janeiro,Brazil,Americas,2021,Q3,1088323,186,98.58,143.39,53,32.8,120,4.5,7655.0,Reported,Upscale,4,BRL,-22.9068,-43.1729
TXN12093,2928,CHN11,Miami,USA,Americas,2020,Q4,1588104,274,95.9,113.96,35,43.6,180,4.9,9354.0,Reported,Upper-Upscale,5,USD,25.7617,-80.1918
TXN12094,2929,CHN08,Madeira,Portugal,Europe,2019,Q2,2586584,374,284.24,409.84,76,40.9,100,4.8,4397.0,Reported,Luxury,5,EUR,32.6669,-16.9241
TXN12095,2930,CHN01,Orchard Road,Singapore,Asia Pacific,2023,Q3,2025564,179,146.78,183.42,82,39.5,150,4.7,8873.0,Reported,Upscale,4,SGD,1.3048,103.8318
TXN12096,2603,CHN08,Chennai,India,Asia Pacific,2022,Q2,6299420,369,247.23,302.04,67,24.3,280,4.7,3389.0,Reported,Luxury,5,INR,13.0827,80.2707
TXN12097,2931,CHN05,Evora,Portugal,Europe,2025,Q2,1680679,115,83.95,106.63,73,12.9,220,4.3,4168.0,Estimated,Midscale,3,EUR,0.0,0.0
TXN12098,2932,CHN01,Oaxaca,Mexico,Americas,2021,Q2,1515150,333,166.5,242.42,50,41.7,100,4.7,10920.0,Reported,Luxury,5,MXN,17.0732,-96.7266
TXN12099,2933,CHN01,Orchard Road,Singapore,Asia Pacific,2019,Q4,2494856,149,96.85,141.67,65,14.9,280,4.1,2354.0,Reported,Upscale,3,SGD,1.3048,103.8318
TXN12100,2934,CHN10,Goa,India,Asia Pacific,2021,Q3,3183550,321,157.29,199.81,49,33.6,220,4.7,5969.0,Reported,Luxury,5,INR,15.2993,74.124
TXN12101,2935,CHN01,Verona,Italy,Europe,2022,Q4,4265856,207,115.92,169.75,56,35.5,400,4.5,5802.0,Reported,Upper-Upscale,4,EUR,45.4384,10.9916
TXN12102,1016,CHN09,Kuching,Malaysia,Asia Pacific,2020,Q3,779516,229,84.73,125.0,37,34.7,100,4.6,,Reported,Luxury,5,MYR,1.5497,110.3626
TXN12103,2936,CHN01,Goa,India,Asia Pacific,2025,Q3,2771261,326,251.02,330.42,77,24.8,120,4.7,7991.0,Estimated,Upper-Upscale,5,INR,15.2993,74.124
TXN12104,2937,CHN01,Bath,UK,Europe,2021,Q4,1271256,245,115.15,169.17,47,30.6,120,4.9,7274.0,Reported,Upper-Upscale,5,GBP,51.3811,-2.359
TXN12105,2938,CHN09,Nagoya,Japan,Asia Pacific,2021,Q1,876744,123,54.12,61.26,44,34.6,180,4.6,3154.0,Reported,Upscale,4,JPY,35.1815,136.9066
TXN12106,2939,CHN05,Toulouse,France,Europe,2024,Q2,7887079,469,393.96,489.68,84,30.0,220,4.9,11916.0,Reported,Luxury,5,EUR,43.6047,1.4442
TXN12107,2940,CHN11,Bandung,Indonesia,Asia Pacific,2020,Q2,522340,205,71.75,89.02,35,36.5,80,4.8,3521.0,Reported,Upper-Upscale,5,IDR,-6.9175,107.6191
TXN12108,2941,CHN10,Ha Long Bay,Vietnam,Asia Pacific,2023,Q2,16266432,672,510.72,747.51,76,23.8,350,4.9,11634.0,Reported,Luxury,5,VND,20.9101,107.1839
TXN12109,2179,CHN07,Mykonos,Greece,Europe,2022,Q2,1848483,185,112.85,130.24,61,35.6,180,4.4,10616.0,Reported,Upscale,4,EUR,37.4467,25.3289
TXN12110,2942,CHN07,Genting,Malaysia,Asia Pacific,2024,Q2,4091578,217,160.58,208.49,74,31.1,280,4.5,3331.0,Reported,Upscale,4,MYR,0.0,0.0
TXN12111,1021,CHN08,Genting,Malaysia,Asia Pacific,2024,Q3,2202701,464,399.04,582.09,86,40.1,60,4.8,2460.0,Reported,Luxury,5,MYR,0.0,0.0
TXN12112,2943,CHN05,Rio de Janeiro,Brazil,Americas,2024,Q4,8353453,484,324.28,371.23,67,38.3,280,4.9,,Reported,Upper-Upscale,5,BRL,-22.9068,-43.1729
TXN12113,2944,CHN01,Jeonju,South Korea,Asia Pacific,2019,Q4,4696250,411,283.59,348.99,69,26.3,180,4.9,11373.0,Reported,Luxury,5,KRW,35.8242,127.148
TXN12114,2945,CHN07,Madeira,Portugal,Europe,2024,Q4,670680,162,121.5,171.63,75,22.2,60,4.6,2937.0,Reported,Upscale,4,EUR,32.6669,-16.9241
TXN12115,2946,CHN11,Bugis,Singapore,Asia Pacific,2025,Q2,5422144,196,148.96,201.97,76,37.2,400,4.4,5081.0,Estimated,Upscale,4,SGD,1.3006,103.8551
TXN12116,2947,CHN09,Crete,Greece,Europe,2019,Q4,4454272,178,121.04,160.13,68,42.7,400,4.3,14902.0,Reported,Upper-Upscale,4,EUR,35.2401,24.8093
TXN12117,2948,CHN01,Dubai,UAE,Middle East,2025,Q3,6064640,206,164.8,207.12,80,23.2,400,4.4,2738.0,Estimated,Upscale,4,AED,25.2048,55.2708
TXN12118,2792,CHN11,Frankfurt,Germany,Europe,2025,Q4,1005523,253,182.16,240.23,72,28.6,60,4.4,5068.0,Estimated,Upscale,4,EUR,50.1109,8.6821
TXN12119,2949,CHN12,Nara,Japan,Asia Pacific,2022,Q4,3051180,603,331.65,431.62,55,35.3,100,4.7,1427.0,Reported,Luxury,5,JPY,34.6851,135.8048
TXN12120,2131,CHN10,Tabuk,Saudi Arabia,Middle East,2022,Q2,14714336,652,404.24,494.51,62,30.6,400,5.0,6950.0,Reported,Luxury,5,SAR,0.0,0.0
TXN12121,2950,CHN07,Sapporo,Japan,Asia Pacific,2020,Q1,196992,38,12.16,16.89,32,21.8,180,3.9,744.0,Reported,Economy,2,JPY,43.0618,141.3545
TXN12122,2951,CHN04,Hong Kong,China,Asia Pacific,2024,Q4,1546483,206,140.08,202.61,68,27.7,120,4.3,2641.0,Reported,Midscale,3,CNY,22.3193,114.1694
TXN12123,2952,CHN07,Zhangjiajie,China,Asia Pacific,2025,Q2,1559376,204,142.8,188.83,70,21.5,120,4.5,12714.0,Estimated,Upscale,4,CNY,29.117,110.4793
TXN12124,2409,CHN05,Rio de Janeiro,Brazil,Americas,2024,Q1,1810944,262,167.68,223.17,64,33.8,120,4.6,9890.0,Reported,Upscale,4,BRL,-22.9068,-43.1729
TXN12125,2953,CHN12,Strasbourg,France,Europe,2022,Q2,1219400,200,134.0,156.12,67,27.0,100,4.4,6905.0,Reported,Upscale,4,EUR,48.5734,7.7521
TXN12126,2954,CHN03,Playa del Carmen,Mexico,Americas,2025,Q2,11680988,489,366.75,479.69,75,22.0,350,5.0,7460.0,Estimated,Luxury,5,MXN,20.6296,-87.0739
TXN12127,2278,CHN03,Porto,Portugal,Europe,2020,Q1,544896,86,27.52,40.56,32,20.8,220,4.2,3812.0,Reported,Midscale,3,EUR,41.1579,-8.6291
TXN12128,2955,CHN02,Edinburgh,UK,Europe,2025,Q4,3025512,290,182.7,232.84,63,28.3,180,4.6,2140.0,Estimated,Upper-Upscale,4,GBP,55.9533,-3.1883
TXN12129,2956,CHN10,Puebla,Mexico,Americas,2021,Q1,4903272,604,247.64,311.41,41,18.9,220,4.9,1637.0,Reported,Luxury,5,MXN,19.0414,-98.2063
TXN12130,2850,CHN06,Fujairah,UAE,Middle East,2022,Q1,549504,96,50.88,58.6,53,20.4,120,,516.0,Reported,Midscale,3,AED,25.1288,56.3264
TXN12131,2957,CHN01,Istanbul,Turkey,Europe/Middle East,2022,Q3,9687600,1080,702.0,1028.68,65,41.9,150,4.6,14438.0,Reported,Luxury,5,TRY,41.0082,28.9784
TXN12132,2958,CHN12,Makassar,Indonesia,Asia Pacific,2021,Q3,4692000,250,127.5,180.14,51,41.7,400,4.5,9818.0,Reported,Upscale,4,IDR,0.0,0.0
TXN12133,2959,CHN01,Gold Coast,Australia,Asia Pacific,2021,Q1,515970,98,38.22,52.79,39,43.9,150,4.4,,Reported,Upscale,4,AUD,-28.0167,153.4
TXN12134,1885,CHN03,Marina Bay,Singapore,Asia Pacific,2022,Q3,8008637,1577,1088.13,1494.41,69,33.1,80,4.8,12319.0,Reported,Luxury,5,SGD,1.2819,103.8636
TXN12135,2960,CHN02,Madeira,Portugal,Europe,2019,Q1,18282240,736,507.84,647.04,69,30.0,400,4.7,12358.0,Reported,Luxury,5,EUR,32.6669,-16.9241
TXN12136,2961,CHN02,Hangzhou,China,Asia Pacific,2025,Q4,715392,180,129.6,186.68,72,27.9,60,4.5,2733.0,Estimated,Upscale,4,CNY,30.2741,120.1551
TXN12137,2962,CHN01,Ha Long Bay,Vietnam,Asia Pacific,2022,Q3,2115540,219,153.3,212.06,70,41.2,150,4.7,4799.0,Reported,Upper-Upscale,4,VND,20.9101,107.1839
TXN12138,2963,CHN02,Al Ain,UAE,Middle East,2022,Q4,4697244,558,340.38,456.8,61,29.2,150,4.9,11424.0,Reported,Luxury,5,AED,24.2075,55.7447
TXN12139,2964,CHN02,Frankfurt,Germany,Europe,2021,Q3,15003360,755,407.7,527.05,54,43.0,400,4.7,5718.0,Reported,Luxury,5,EUR,50.1109,8.6821
TXN12140,2965,CHN11,Bur Dubai,UAE,Middle East,2019,Q3,802001,167,145.29,202.69,87,32.5,60,4.6,6834.0,Reported,Upscale,4,AED,25.2535,55.296
TXN12141,2966,CHN12,Malaga,Spain,Europe,2022,Q4,1578720,208,114.4,149.15,55,22.2,150,4.5,1960.0,Reported,Upscale,4,EUR,36.7213,-4.4214
TXN12142,2122,CHN12,Obidos,Portugal,Europe,2023,Q4,3603787,351,217.62,310.45,62,35.7,180,4.4,7748.0,Reported,Upscale,4,EUR,0.0,0.0
TXN12143,2967,CHN08,York,UK,Europe,2022,Q3,3178968,443,287.95,343.2,65,18.2,120,4.8,14383.0,Reported,Luxury,5,GBP,53.96,-1.0873
TXN12144,2968,CHN07,Naples,Italy,Europe,2024,Q1,1185030,95,59.85,82.04,63,15.2,220,4.2,1843.0,Reported,Midscale,3,EUR,40.8518,14.2681
TXN12145,2969,CHN01,Tokyo,Japan,Asia Pacific,2019,Q3,8755419,503,432.58,621.54,86,20.9,220,5.0,1268.0,Reported,Upper-Upscale,5,JPY,35.6762,139.6503
TXN12146,2970,CHN05,Dubai,UAE,Middle East,2023,Q4,19889554,1119,772.11,973.0,69,34.5,280,4.7,5889.0,Reported,Luxury,5,AED,25.2048,55.2708
TXN12147,2971,CHN06,Orchard Road,Singapore,Asia Pacific,2021,Q4,327078,101,44.44,56.82,44,8.3,80,4.1,3456.0,Reported,Midscale,3,SGD,1.3048,103.8318
TXN12148,2972,CHN12,Coimbra,Portugal,Europe,2024,Q1,3168396,254,160.02,196.13,63,40.7,220,4.4,7347.0,Reported,Upscale,4,EUR,0.0,0.0
TXN12149,2973,CHN06,Mecca,Saudi Arabia,Middle East,2024,Q3,1288074,74,63.64,91.04,86,9.8,220,3.8,4338.0,Reported,Economy,2,SAR,21.3891,39.8579
TXN12150,2974,CHN09,Antalya,Turkey,Europe/Middle East,2022,Q3,3215621,171,124.83,171.21,73,40.6,280,4.5,13633.0,Reported,Upper-Upscale,4,TRY,36.8969,30.7133
TXN12151,2975,CHN10,Dammam,Saudi Arabia,Middle East,2019,Q1,1755432,172,108.36,157.85,63,42.2,180,4.6,13497.0,Reported,Upscale,4,SAR,26.4207,50.0888
TXN12152,2976,CHN06,Rhodes,Greece,Europe,2025,Q2,2958228,129,92.88,106.81,72,27.8,350,4.4,4817.0,Estimated,Midscale,3,EUR,36.4349,28.2176
TXN12153,2977,CHN04,Algarve,Portugal,Europe,2019,Q1,6246072,918,578.34,754.51,63,30.6,120,4.8,6713.0,Reported,Luxury,5,EUR,37.0194,-8.1383
TXN12154,2978,CHN05,Delphi,Greece,Europe,2023,Q2,10906168,422,299.62,429.55,71,37.1,400,4.6,1934.0,Reported,Luxury,5,EUR,0.0,0.0
TXN12155,2979,CHN12,Al Ain,UAE,Middle East,2019,Q4,469697,127,85.09,120.28,67,27.0,60,4.2,582.0,Reported,Midscale,3,AED,24.2075,55.7447
TXN12156,2117,CHN08,Maastricht,Netherlands,Europe,2025,Q4,11182784,428,303.88,382.6,71,32.4,400,4.8,4926.0,Estimated,Luxury,5,EUR,50.8514,5.691
TXN12157,2980,CHN04,Salvador,Brazil,Americas,2021,Q3,1072720,212,116.6,146.71,55,33.2,100,4.5,12255.0,Reported,Upscale,4,BRL,-12.9714,-38.5014
TXN12158,2981,CHN02,Natal,Brazil,Americas,2023,Q2,378651,95,69.35,79.8,73,21.8,60,4.2,668.0,Reported,Midscale,3,BRL,-5.7945,-35.211
TXN12159,2982,CHN09,Barcelona,Spain,Europe,2025,Q4,1371168,216,149.04,179.88,69,29.3,100,4.7,14587.0,Estimated,Upscale,4,EUR,41.3851,2.1734
TXN12160,2983,CHN11,Oaxaca,Mexico,Americas,2020,Q4,229522,63,20.79,30.34,33,18.9,120,4.4,1828.0,Reported,Midscale,3,MXN,17.0732,-96.7266
TXN12161,2984,CHN08,Bali,Indonesia,Asia Pacific,2024,Q3,9041760,270,245.7,317.02,91,31.7,400,4.4,10924.0,Reported,Upscale,4,IDR,-8.3405,115.092
TXN12162,2985,CHN02,Haarlem,Netherlands,Europe,2020,Q3,1510272,108,41.04,59.5,38,43.4,400,4.6,14190.0,Reported,Upscale,4,EUR,0.0,0.0
TXN12163,2986,CHN08,Langkawi,Malaysia,Asia Pacific,2024,Q3,16710144,528,454.08,594.31,86,41.5,400,5.0,11174.0,Reported,Luxury,5,MYR,6.35,99.8
TXN12164,2987,CHN12,Liverpool,UK,Europe,2021,Q2,909199,181,83.26,115.84,46,23.6,120,4.5,8938.0,Reported,Upscale,4,GBP,53.4084,-2.9916
TXN12165,2988,CHN12,Meteora,Greece,Europe,2021,Q2,2778048,530,254.4,368.5,48,21.9,120,4.7,2729.0,Reported,Luxury,5,EUR,0.0,0.0
TXN12166,2989,CHN08,Cambridge,UK,Europe,2021,Q4,1483500,375,161.25,214.2,43,18.8,100,4.8,5330.0,Reported,Luxury,5,GBP,52.2053,0.1218
TXN12167,2990,CHN06,Evora,Portugal,Europe,2020,Q4,166557,73,22.63,31.34,31,18.4,80,4.3,2559.0,Reported,Midscale,3,EUR,0.0,0.0
TXN12168,2991,CHN03,Rhodes,Greece,Europe,2019,Q3,6224904,537,451.08,612.97,84,33.5,150,4.8,3287.0,Reported,Luxury,5,EUR,36.4349,28.2176
TXN12169,2992,CHN09,Bilbao,Spain,Europe,2023,Q3,1412899,158,127.98,188.35,81,22.9,120,4.5,2040.0,Reported,Upscale,4,EUR,43.263,-2.935
TXN12170,2993,CHN11,Hanoi,Vietnam,Asia Pacific,2023,Q3,1845888,209,167.2,199.19,80,40.6,120,4.5,1013.0,Reported,Upscale,4,VND,21.0285,105.8542
TXN12171,2994,CHN03,Los Cabos,Mexico,Americas,2024,Q3,6445980,519,467.1,640.84,90,40.6,150,4.9,10365.0,Reported,Luxury,5,MXN,22.8905,-109.9167
TXN12172,2995,CHN12,Sharjah,UAE,Middle East,2020,Q3,2949336,548,213.72,274.33,39,26.8,150,4.7,11272.0,Reported,Luxury,5,AED,25.3463,55.4209
TXN12173,2996,CHN08,Lisbon,Portugal,Europe,2021,Q3,2037984,426,221.52,260.21,52,43.2,100,4.7,14095.0,Reported,Luxury,5,EUR,38.7223,-9.1393
TXN12174,2997,CHN02,London,UK,Europe,2023,Q3,2686253,316,243.32,280.29,77,28.2,120,4.6,4680.0,Reported,Upscale,4,GBP,51.5074,-0.1278
TXN12175,2998,CHN07,Marseille,France,Europe,2019,Q1,1874880,93,59.52,73.16,64,21.9,350,4.3,877.0,Reported,Midscale,3,EUR,43.2965,5.3698
TXN12176,2999,CHN03,Sukhothai,Thailand,Asia Pacific,2021,Q2,7195870,443,225.93,261.6,51,29.1,350,5.0,10524.0,Reported,Luxury,5,THB,0.0,0.0
TXN12177,3000,CHN05,Munich,Germany,Europe,2025,Q2,10844033,742,541.66,759.73,73,42.8,220,4.7,14548.0,Estimated,Luxury,5,EUR,48.1351,11.582
TXN12178,3001,CHN01,Malacca,Malaysia,Asia Pacific,2020,Q3,1973400,250,97.5,135.9,39,22.2,220,4.8,4824.0,Reported,Upper-Upscale,5,MYR,2.1896,102.2501
TXN12179,1551,CHN06,Essaouira,Morocco,Africa,2023,Q4,539028,63,39.06,57.68,62,25.7,150,3.9,1574.0,Reported,Economy,2,MAD,31.5125,-9.77
TXN12180,3002,CHN03,Leipzig,Germany,Europe,2025,Q3,5059080,470,366.6,446.78,78,36.0,150,4.9,6770.0,Estimated,Luxury,5,EUR,51.3397,12.3731
TXN12181,3003,CHN05,Leipzig,Germany,Europe,2022,Q1,2027250,425,225.25,261.67,53,18.6,100,4.8,3882.0,Reported,Luxury,5,EUR,51.3397,12.3731
TXN12182,3004,CHN07,Meknes,Morocco,Africa,2021,Q4,490360,130,53.3,76.34,41,27.2,100,4.5,13823.0,Reported,Upscale,4,MAD,0.0,0.0
TXN12183,3005,CHN12,Chennai,India,Asia Pacific,2021,Q1,1557360,103,43.26,50.08,42,18.1,400,4.2,2487.0,Reported,Midscale,3,INR,13.0827,80.2707
TXN12184,3006,CHN06,Groningen,Netherlands,Europe,2025,Q4,1292830,55,40.15,49.66,73,19.9,350,3.8,608.0,Estimated,Economy,2,EUR,0.0,0.0
TXN12185,3007,CHN05,Rome,Italy,Europe,2019,Q1,4769100,757,529.9,703.39,70,19.0,100,4.8,6627.0,Reported,Luxury,5,EUR,41.9028,12.4964
TXN12186,3008,CHN01,Agadir,Morocco,Africa,2021,Q4,3869980,895,420.65,554.33,47,34.0,100,4.7,13877.0,Reported,Luxury,5,MAD,30.4278,-9.5981
TXN12187,3009,CHN12,Hua Hin,Thailand,Asia Pacific,2019,Q4,1586264,233,172.42,244.03,74,26.7,100,4.4,13713.0,Reported,Upscale,4,THB,12.5684,99.9578
TXN12188,3010,CHN01,Lombok,Indonesia,Asia Pacific,2019,Q2,2188222,113,85.88,101.31,76,13.1,280,4.3,3505.0,Reported,Upscale,3,IDR,-8.5833,116.35
TXN12189,3011,CHN03,Mecca,Saudi Arabia,Middle East,2020,Q1,4910400,440,136.4,192.9,31,19.4,400,4.8,12230.0,Reported,Luxury,5,SAR,21.3891,39.8579
TXN12190,3012,CHN04,Lisbon,Portugal,Europe,2020,Q1,3515400,372,111.6,143.46,30,23.0,350,4.6,4797.0,Reported,Luxury,5,EUR,38.7223,-9.1393
TXN12191,3013,CHN03,Lyon,France,Europe,2025,Q3,4491624,618,488.22,643.77,79,43.4,100,4.8,10661.0,Estimated,Luxury,5,EUR,45.764,4.8357
TXN12192,3014,CHN03,Orchard Road,Singapore,Asia Pacific,2020,Q2,520202,103,38.11,51.42,37,22.0,150,4.3,4225.0,Reported,Midscale,3,SGD,1.3048,103.8318
TXN12193,3015,CHN09,Amsterdam,Netherlands,Europe,2022,Q3,676200,175,122.5,160.57,70,39.9,60,4.6,2969.0,Reported,Upscale,4,EUR,52.3676,4.9041
TXN12194,3016,CHN02,Granada,Spain,Europe,2020,Q2,131859,69,24.15,31.76,35,9.7,60,4.4,3819.0,Reported,Midscale,3,EUR,37.1773,-3.5986
TXN12195,1831,CHN01,Darwin,Australia,Asia Pacific,2024,Q3,2450880,333,266.4,380.58,80,38.6,100,4.6,11135.0,Reported,Upper-Upscale,5,AUD,-12.4634,130.8456
TXN12196,3017,CHN07,Delphi,Greece,Europe,2020,Q2,687450,71,26.98,36.85,38,22.0,280,4.1,4077.0,Reported,Midscale,3,EUR,0.0,0.0
TXN12197,3018,CHN01,Manaus,Brazil,Americas,2023,Q3,2941608,365,266.45,376.18,73,30.3,120,4.7,3758.0,Reported,Upper-Upscale,5,BRL,-3.119,-60.0217
TXN12198,3019,CHN11,Antalya,Turkey,Europe/Middle East,2024,Q3,2871136,94,78.02,89.22,83,21.0,400,4.2,3617.0,Reported,Midscale,3,TRY,36.8969,30.7133
TXN12199,3020,CHN07,Cameron Highlands,Malaysia,Asia Pacific,2025,Q2,829483,211,151.92,202.63,72,29.1,60,4.6,2605.0,Estimated,Upscale,4,MYR,0.0,0.0
TXN12200,3021,CHN05,Da Lat,Vietnam,Asia Pacific,2024,Q2,1984382,118,99.12,132.67,84,21.3,220,4.1,4740.0,Reported,Midscale,3,VND,0.0,0.0
TXN12201,3022,CHN08,Johor Bahru,Malaysia,Asia Pacific,2021,Q4,5330710,385,165.55,198.97,43,27.4,350,4.8,5730.0,Reported,Luxury,5,MYR,1.4927,103.7414
TXN12202,3023,CHN03,Lisbon,Portugal,Europe,2024,Q2,18162144,616,498.96,644.09,81,18.9,400,5.0,7098.0,Reported,Luxury,5,EUR,38.7223,-9.1393
TXN12203,1542,CHN04,Haarlem,Netherlands,Europe,2021,Q4,3759120,227,102.15,130.82,45,39.3,400,4.4,12571.0,Reported,Upscale,4,EUR,0.0,0.0
TXN12204,1766,CHN12,Florianopolis,Brazil,Americas,2021,Q1,441180,114,49.02,71.73,43,12.9,100,4.4,2121.0,Reported,Midscale,3,BRL,-27.5954,-48.548
TXN12205,3024,CHN05,Bordeaux,France,Europe,2025,Q1,12767040,572,354.64,451.94,62,26.9,400,4.9,6309.0,Estimated,Luxury,5,EUR,44.8378,-0.5792
TXN12206,3025,CHN02,Mecca,Saudi Arabia,Middle East,2022,Q1,9864756,859,498.22,653.29,58,24.7,220,4.6,3158.0,Reported,Luxury,5,SAR,21.3891,39.8579
TXN12207,3026,CHN05,Toledo,Spain,Europe,2023,Q2,920192,128,101.12,125.49,79,17.0,100,4.4,3403.0,Reported,Midscale,3,EUR,39.8628,-4.0273
TXN12208,3027,CHN04,Marseille,France,Europe,2019,Q1,12068640,493,335.24,474.81,68,20.3,400,5.0,6343.0,Reported,Luxury,5,EUR,43.2965,5.3698
TXN12209,1912,CHN03,Bath,UK,Europe,2023,Q1,7516908,489,298.29,334.45,61,39.8,280,,13663.0,Reported,Luxury,5,GBP,51.3811,-2.359
TXN12210,3028,CHN09,Rome,Italy,Europe,2019,Q1,4294080,448,318.08,432.76,71,33.9,150,4.7,7975.0,Reported,Luxury,5,EUR,41.9028,12.4964
TXN12211,3029,CHN01,Changi,Singapore,Asia Pacific,2019,Q1,8068140,892,597.64,757.75,67,42.9,150,4.9,7809.0,Reported,Luxury,5,SGD,1.3644,103.9915
TXN12212,3030,CHN10,Delhi,India,Asia Pacific,2024,Q4,2522714,164,124.64,160.42,76,28.4,220,4.6,9063.0,Reported,Upscale,4,INR,28.6139,77.209
TXN12213,3031,CHN03,Chiang Mai,Thailand,Asia Pacific,2019,Q1,856440,104,63.44,93.07,61,10.4,150,4.4,341.0,Reported,Midscale,3,THB,18.7883,98.9853
TXN12214,3032,CHN11,Makassar,Indonesia,Asia Pacific,2024,Q2,2522520,330,277.2,345.35,84,18.8,100,4.9,12280.0,Reported,Upper-Upscale,5,IDR,0.0,0.0
TXN12215,3033,CHN06,Da Lat,Vietnam,Asia Pacific,2022,Q2,162490,48,29.76,39.77,62,16.0,60,3.8,952.0,Reported,Economy,2,VND,0.0,0.0
TXN12216,3034,CHN03,Obidos,Portugal,Europe,2024,Q1,938952,207,130.41,149.02,63,36.6,80,4.6,1832.0,Reported,Upscale,4,EUR,0.0,0.0
TXN12217,3035,CHN01,Palermo,Italy,Europe,2023,Q2,5855886,1087,804.38,965.89,74,38.6,80,4.9,7261.0,Reported,Luxury,5,EUR,38.1157,13.3615
TXN12218,3036,CHN10,Heidelberg,Germany,Europe,2024,Q2,11346244,488,356.24,417.4,73,28.9,350,4.7,14289.0,Reported,Luxury,5,EUR,49.3988,8.6724
TXN12219,3037,CHN06,San Francisco,USA,Americas,2023,Q1,1847880,87,51.33,64.74,59,18.1,400,3.9,2790.0,Reported,Economy,2,USD,37.7749,-122.4194
TXN12220,3038,CHN01,Venice,Italy,Europe,2019,Q4,5161586,439,311.69,393.58,71,24.6,180,4.9,13162.0,Reported,Upper-Upscale,5,EUR,45.4408,12.3155
TXN12221,3039,CHN01,Eindhoven,Netherlands,Europe,2024,Q1,2891700,340,214.2,280.06,63,21.0,150,5.0,3555.0,Reported,Upper-Upscale,5,EUR,51.4416,5.4697
TXN12222,3040,CHN08,Pattaya,Thailand,Asia Pacific,2020,Q1,2608200,276,82.8,98.92,30,43.9,350,4.8,3493.0,Reported,Luxury,5,THB,12.9236,100.8825
TXN12223,3041,CHN11,Manaus,Brazil,Americas,2021,Q1,1107000,75,30.75,36.3,41,9.7,400,4.2,4252.0,Reported,Midscale,3,BRL,-3.119,-60.0217
TXN12224,3042,CHN09,Ouarzazate,Morocco,Africa,2022,Q3,510379,134,92.46,104.24,69,41.3,60,4.6,7312.0,Reported,Upscale,4,MAD,0.0,0.0
TXN12225,3043,CHN09,JBR,UAE,Middle East,2020,Q1,558900,138,41.4,57.2,30,38.4,150,4.6,4088.0,Reported,Upper-Upscale,4,AED,25.0777,55.1308
TXN12226,3044,CHN06,Granada,Spain,Europe,2024,Q4,631488,132,85.8,96.87,65,24.7,80,4.2,4920.0,Reported,Midscale,3,EUR,37.1773,-3.5986
TXN12227,3045,CHN06,Madrid,Spain,Europe,2020,Q4,204930,45,14.85,18.07,33,14.3,150,4.0,2415.0,Reported,Economy,2,EUR,40.4168,-3.7038
TXN12228,3046,CHN02,Algarve,Portugal,Europe,2022,Q1,764640,80,47.2,64.55,59,15.0,180,4.4,1105.0,Reported,Midscale,3,EUR,37.0194,-8.1383
TXN12229,3047,CHN07,Gold Coast,Australia,Asia Pacific,2023,Q2,520811,98,71.54,103.01,73,20.0,80,4.3,322.0,Reported,Midscale,3,AUD,-28.0167,153.4
TXN12230,3048,CHN07,Nha Trang,Vietnam,Asia Pacific,2025,Q2,1746108,164,127.92,172.32,78,24.4,150,4.5,8630.0,Estimated,Upscale,4,VND,12.2388,109.1967
TXN12231,3049,CHN09,Langkawi,Malaysia,Asia Pacific,2020,Q2,389189,99,35.64,43.67,36,25.3,120,4.6,1668.0,Reported,Upscale,4,MYR,6.35,99.8
TXN12232,3050,CHN12,Istanbul,Turkey,Europe/Middle East,2024,Q3,9503637,467,368.93,498.78,79,25.4,280,4.6,,Reported,Upscale,4,TRY,41.0082,28.9784
TXN12233,3051,CHN11,Nara,Japan,Asia Pacific,2024,Q2,2658656,88,73.04,85.59,83,20.9,400,4.4,4501.0,Reported,Midscale,3,JPY,34.6851,135.8048
TXN12234,3052,CHN11,Ha Long Bay,Vietnam,Asia Pacific,2022,Q2,1005404,93,61.38,80.74,66,19.3,180,4.2,4520.0,Reported,Midscale,3,VND,20.9101,107.1839
TXN12235,3053,CHN08,Cannes,France,Europe,2022,Q1,1489752,363,206.91,273.45,57,43.8,80,4.7,9735.0,Reported,Luxury,5,EUR,43.5528,7.0174
TXN12236,3054,CHN12,The Hague,Netherlands,Europe,2022,Q3,2914744,124,90.52,133.87,73,20.1,350,,,Reported,Midscale,3,EUR,52.0705,4.3007
TXN12237,3055,CHN02,Shanghai,China,Asia Pacific,2024,Q2,1302538,142,119.28,171.04,84,26.6,120,4.2,2368.0,Reported,Midscale,3,CNY,31.2304,121.4737
TXN12238,3056,CHN08,Ouarzazate,Morocco,Africa,2023,Q3,9837744,402,305.52,414.06,76,39.5,350,5.0,5634.0,Reported,Luxury,5,MAD,0.0,0.0
TXN12239,3057,CHN01,Casablanca,Morocco,Africa,2022,Q2,473200,100,65.0,73.59,65,21.2,80,4.5,4010.0,Reported,Upscale,4,MAD,33.5731,-7.5898
TXN12240,3058,CHN01,Jeju Island,South Korea,Asia Pacific,2020,Q1,834300,309,92.7,111.26,30,31.2,100,4.9,7992.0,Reported,Luxury,5,KRW,33.4996,126.5312
TXN12241,3059,CHN10,Lisbon,Portugal,Europe,2025,Q2,9169997,493,359.89,460.05,73,18.0,280,4.9,8219.0,Estimated,Luxury,5,EUR,38.7223,-9.1393
TXN12242,1417,CHN08,New York,USA,Americas,2021,Q1,1461240,330,135.3,195.43,41,33.0,120,4.7,3597.0,Reported,Upscale,4,USD,40.7128,-74.006
TXN12243,3060,CHN09,Jurong,Singapore,Asia Pacific,2020,Q4,794218,218,71.94,93.39,33,40.9,120,4.8,3549.0,Reported,Luxury,5,SGD,1.3404,103.709
TXN12244,3061,CHN04,Xian,China,Asia Pacific,2019,Q4,3181360,152,98.8,113.44,65,23.3,350,4.4,9292.0,Reported,Upscale,4,CNY,34.3416,108.9398
TXN12245,3062,CHN04,Chiang Mai,Thailand,Asia Pacific,2025,Q4,2779504,166,107.9,122.03,65,28.7,280,,8048.0,Estimated,Upscale,4,THB,18.7883,98.9853
TXN12246,3063,CHN09,Cancun,Mexico,Americas,2024,Q3,6161470,215,191.35,265.06,89,22.9,350,4.4,12507.0,Reported,Upper-Upscale,4,MXN,21.1619,-86.8515
TXN12247,3064,CHN11,Kuching,Malaysia,Asia Pacific,2025,Q2,1415232,128,103.68,128.81,81,22.9,150,4.3,4387.0,Estimated,Midscale,3,MYR,1.5497,110.3626
TXN12248,3065,CHN04,Kuching,Malaysia,Asia Pacific,2019,Q3,10824352,382,294.14,376.24,77,30.4,400,4.9,11396.0,Reported,Upper-Upscale,5,MYR,1.5497,110.3626
TXN12249,3066,CHN05,Phu Quoc,Vietnam,Asia Pacific,2019,Q3,5620298,419,339.39,413.57,81,22.6,180,4.9,2806.0,Reported,Luxury,5,VND,10.2899,103.984
TXN12250,3067,CHN03,Valencia,Spain,Europe,2023,Q3,7664630,551,462.84,632.67,84,26.7,180,4.7,1882.0,Reported,Luxury,5,EUR,39.4699,-0.3763
TXN12251,3068,CHN07,Kochi,India,Asia Pacific,2021,Q3,267904,65,36.4,46.07,56,22.5,80,4.3,772.0,Reported,Midscale,3,INR,9.9312,76.2673
TXN12252,3069,CHN01,Marina Bay,Singapore,Asia Pacific,2019,Q4,3485843,199,135.32,173.68,68,20.6,280,4.6,8391.0,Reported,Upscale,4,SGD,1.2819,103.8636
TXN12253,3070,CHN12,Essaouira,Morocco,Africa,2025,Q4,2490072,347,225.55,281.28,65,41.7,120,4.6,7536.0,Estimated,Upscale,4,MAD,31.5125,-9.77
TXN12254,3071,CHN06,Bugis,Singapore,Asia Pacific,2021,Q4,349747,48,21.12,25.13,44,24.6,180,4.1,1886.0,Reported,Economy,2,SGD,1.3006,103.8551
TXN12255,3072,CHN10,Honolulu,USA,Americas,2023,Q4,12186026,763,473.06,619.33,62,22.7,280,4.8,13657.0,Reported,Luxury,5,USD,21.3069,-157.8583
TXN12256,3073,CHN04,Fukuoka,Japan,Asia Pacific,2019,Q1,7128450,365,226.3,329.1,62,34.0,350,4.7,9678.0,Reported,Upper-Upscale,5,JPY,33.5904,130.4017
TXN12257,3074,CHN03,Valencia,Spain,Europe,2020,Q4,4442386,789,268.26,366.66,34,32.4,180,4.7,8090.0,Reported,Luxury,5,EUR,39.4699,-0.3763
TXN12258,3075,CHN06,Los Angeles,USA,Americas,2020,Q4,121716,63,22.05,26.8,35,9.1,60,3.9,4314.0,Reported,Economy,2,USD,34.0522,-118.2437
TXN12259,3076,CHN03,Ha Long Bay,Vietnam,Asia Pacific,2019,Q4,4360524,183,135.42,187.26,74,39.6,350,4.4,10044.0,Reported,Upscale,4,VND,20.9101,107.1839
TXN12260,3077,CHN02,Munich,Germany,Europe,2019,Q4,4605005,948,625.68,899.04,66,36.9,80,4.9,8938.0,Reported,Luxury,5,EUR,48.1351,11.582
TXN12261,3078,CHN12,Phu Quoc,Vietnam,Asia Pacific,2020,Q1,1025280,89,28.48,36.06,32,18.3,400,4.1,1399.0,Reported,Midscale,3,VND,10.2899,103.984
TXN12262,3079,CHN03,Abha,Saudi Arabia,Middle East,2019,Q4,4650738,503,337.01,413.23,67,26.6,150,4.9,5275.0,Reported,Luxury,5,SAR,18.2164,42.5053
TXN12263,3006,CHN06,Groningen,Netherlands,Europe,2024,Q1,1143072,63,45.36,61.02,72,21.8,280,4.0,1576.0,Reported,Economy,2,EUR,0.0,0.0
TXN12264,3080,CHN04,Toledo,Spain,Europe,2020,Q3,1724393,267,104.13,132.05,39,42.3,180,5.0,9924.0,Reported,Upper-Upscale,5,EUR,39.8628,-4.0273
TXN12265,3081,CHN02,Gyeongju,South Korea,Asia Pacific,2021,Q3,2113746,289,153.17,174.68,53,43.8,150,4.7,6006.0,Reported,Upper-Upscale,5,KRW,35.8562,129.2247
TXN12266,3082,CHN08,Gyeongju,South Korea,Asia Pacific,2024,Q4,2659536,438,289.08,420.27,66,26.9,100,4.7,6068.0,Reported,Luxury,5,KRW,35.8562,129.2247
TXN12267,3083,CHN03,Chicago,USA,Americas,2022,Q1,8468550,1230,627.3,812.34,51,40.2,150,4.9,11709.0,Reported,Luxury,5,USD,41.8781,-87.6298
TXN12268,3084,CHN10,Granada,Spain,Europe,2025,Q3,3654240,662,496.5,556.22,75,33.3,80,4.7,12209.0,Estimated,Luxury,5,EUR,37.1773,-3.5986
TXN12269,3085,CHN04,Kuala Lumpur,Malaysia,Asia Pacific,2019,Q2,1811410,116,90.48,103.85,78,13.0,220,4.2,1620.0,Reported,Midscale,3,MYR,3.139,101.6869
TXN12270,1853,CHN10,New York,USA,Americas,2021,Q2,2963142,1206,542.7,697.0,45,40.1,60,4.8,11893.0,Reported,Luxury,5,USD,40.7128,-74.006
TXN12271,3086,CHN10,Merida,Mexico,Americas,2023,Q3,6162307,443,372.12,469.96,84,32.0,180,4.9,9722.0,Reported,Luxury,5,MXN,20.9674,-89.5926
TXN12272,1931,CHN10,Stuttgart,Germany,Europe,2019,Q4,2906740,445,315.95,420.46,71,25.7,100,4.7,,Reported,Luxury,5,EUR,48.7758,9.1829
TXN12273,3087,CHN04,Yanbu,Saudi Arabia,Middle East,2023,Q3,4226112,290,208.8,259.6,72,25.8,220,4.7,6310.0,Reported,Upscale,4,SAR,0.0,0.0
TXN12274,3088,CHN10,Pattaya,Thailand,Asia Pacific,2020,Q3,3946800,275,107.25,123.31,39,38.2,400,4.7,13527.0,Reported,Luxury,5,THB,12.9236,100.8825
TXN12275,3089,CHN02,Nagoya,Japan,Asia Pacific,2025,Q3,2345779,384,318.72,410.24,83,33.5,80,5.0,12909.0,Estimated,Upper-Upscale,5,JPY,35.1815,136.9066
TXN12276,3090,CHN07,Johor Bahru,Malaysia,Asia Pacific,2020,Q4,122544,37,11.1,14.96,30,20.4,120,3.8,3900.0,Reported,Economy,2,MYR,1.4927,103.7414
TXN12277,3091,CHN11,Orchard Road,Singapore,Asia Pacific,2023,Q2,3555006,383,260.44,382.3,68,21.4,150,5.0,2068.0,Reported,Upper-Upscale,5,SGD,1.3048,103.8318
TXN12278,3092,CHN07,Ho Chi Minh City,Vietnam,Asia Pacific,2020,Q4,187680,60,20.4,27.58,34,16.8,100,4.2,2130.0,Reported,Midscale,3,VND,10.8231,106.6297
TXN12279,3093,CHN03,Groningen,Netherlands,Europe,2021,Q4,6900055,969,416.67,513.32,43,35.4,180,4.9,6127.0,Reported,Luxury,5,EUR,0.0,0.0
TXN12280,3094,CHN10,Honolulu,USA,Americas,2025,Q1,3887325,443,287.95,345.09,65,23.0,150,4.7,9886.0,Estimated,Luxury,5,USD,21.3069,-157.8583
TXN12281,3095,CHN05,Bath,UK,Europe,2023,Q1,9500400,406,263.9,386.4,65,33.1,400,4.9,2114.0,Reported,Upper-Upscale,5,GBP,51.3811,-2.359
TXN12282,2737,CHN09,Ouarzazate,Morocco,Africa,2023,Q3,7794976,356,302.6,426.17,85,36.4,280,4.9,3625.0,Reported,Luxury,5,MAD,0.0,0.0
TXN12283,3096,CHN12,Pattaya,Thailand,Asia Pacific,2021,Q3,6576270,521,255.29,358.39,49,27.7,280,4.6,13717.0,Reported,Luxury,5,THB,12.9236,100.8825
TXN12284,3097,CHN01,Agra,India,Asia Pacific,2019,Q2,1099917,102,80.58,114.36,79,21.4,150,4.2,3827.0,Reported,Upscale,3,INR,27.1767,78.0081
TXN12285,3098,CHN02,Ankara,Turkey,Europe/Middle East,2023,Q4,579416,94,62.98,79.53,67,18.8,100,4.2,2178.0,Reported,Midscale,3,TRY,39.9334,32.8597
TXN12286,3099,CHN02,Ras Al Khaimah,UAE,Middle East,2020,Q4,738355,114,36.48,48.92,32,35.4,220,4.5,9766.0,Reported,Upscale,4,AED,25.8007,55.9762
TXN12287,2594,CHN09,Medina,Saudi Arabia,Middle East,2025,Q3,4522039,329,273.07,371.35,83,35.3,180,4.7,5696.0,Estimated,Luxury,5,SAR,24.5247,39.5692
TXN12288,3100,CHN07,Sentosa,Singapore,Asia Pacific,2019,Q3,912787,159,124.02,178.83,78,30.6,80,4.5,,Reported,Upscale,4,SGD,1.2494,103.8303
TXN12289,3101,CHN04,Ha Long Bay,Vietnam,Asia Pacific,2021,Q3,975200,212,106.0,156.61,50,27.3,100,4.5,7492.0,Reported,Upscale,4,VND,20.9101,107.1839
TXN12290,3102,CHN02,Krabi,Thailand,Asia Pacific,2023,Q3,786600,95,71.25,81.56,75,19.0,120,4.3,4685.0,Reported,Midscale,3,THB,8.0863,98.9063
TXN12291,1910,CHN10,Jakarta,Indonesia,Asia Pacific,2020,Q1,1320165,127,41.91,48.41,33,31.5,350,4.4,11137.0,Reported,Upscale,4,IDR,-6.2088,106.8456
TXN12292,3103,CHN02,Ayutthaya,Thailand,Asia Pacific,2022,Q1,5709690,742,422.94,521.03,57,40.9,150,4.8,4857.0,Reported,Luxury,5,THB,14.3532,100.5659
TXN12293,3104,CHN02,Ayutthaya,Thailand,Asia Pacific,2024,Q3,2543800,100,79.0,108.33,79,12.9,350,4.1,4275.0,Reported,Midscale,3,THB,14.3532,100.5659
TXN12294,3105,CHN09,Surabaya,Indonesia,Asia Pacific,2019,Q2,7649096,304,240.16,321.0,79,24.2,350,5.0,11869.0,Reported,Luxury,5,IDR,-7.2575,112.7521
TXN12295,3106,CHN01,Bali,Indonesia,Asia Pacific,2024,Q3,3532248,395,319.95,450.64,81,39.7,120,4.7,9764.0,Reported,Upper-Upscale,5,IDR,-8.3405,115.092
TXN12296,3107,CHN04,Canberra,Australia,Asia Pacific,2025,Q4,936928,190,127.3,144.1,67,32.5,80,4.6,9772.0,Estimated,Upscale,4,AUD,-35.2809,149.13
TXN12297,3108,CHN09,Florence,Italy,Europe,2019,Q2,1969531,167,120.24,174.31,72,34.1,180,4.3,11270.0,Reported,Upper-Upscale,4,EUR,43.7696,11.2558
TXN12298,3109,CHN07,Trabzon,Turkey,Europe/Middle East,2020,Q1,386100,130,42.9,61.54,33,28.5,100,4.5,1820.0,Reported,Upscale,4,TRY,0.0,0.0
TXN12299,3110,CHN03,Toulouse,France,Europe,2019,Q4,1293520,190,140.6,187.87,74,23.0,100,4.4,10443.0,Reported,Upscale,4,EUR,43.6047,1.4442
TXN12300,3111,CHN09,Hanoi,Vietnam,Asia Pacific,2020,Q1,1100385,247,81.51,120.51,33,30.5,150,4.7,8999.0,Reported,Luxury,5,VND,21.0285,105.8542
TXN12301,3112,CHN10,Rome,Italy,Europe,2024,Q1,3564540,943,660.1,740.13,70,31.7,60,4.8,11083.0,Reported,Luxury,5,EUR,41.9028,12.4964
TXN12302,3113,CHN01,Suwon,South Korea,Asia Pacific,2020,Q1,916515,219,67.89,95.08,31,28.1,150,4.9,11768.0,Reported,Upper-Upscale,5,KRW,37.2636,127.0286
TXN12303,3114,CHN05,Sentosa,Singapore,Asia Pacific,2023,Q4,5628928,239,152.96,211.39,64,22.8,400,4.6,1914.0,Reported,Upscale,4,SGD,1.2494,103.8303
TXN12304,3115,CHN05,Granada,Spain,Europe,2023,Q1,3736368,558,345.96,479.18,62,43.3,120,4.6,11836.0,Reported,Luxury,5,EUR,37.1773,-3.5986
TXN12305,3116,CHN08,Bologna,Italy,Europe,2023,Q2,4925875,523,360.87,417.44,69,33.0,150,4.8,8252.0,Reported,Luxury,5,EUR,44.4949,11.3426
TXN12306,3117,CHN02,Ras Al Khaimah,UAE,Middle East,2024,Q3,3683680,110,100.1,114.17,91,24.9,400,4.2,252.0,Reported,Midscale,3,AED,25.8007,55.9762
TXN12307,2258,CHN08,Yokohama,Japan,Asia Pacific,2021,Q4,1705827,154,66.22,79.07,43,37.1,280,4.6,9108.0,Reported,Upscale,4,JPY,35.4437,139.638
TXN12308,3118,CHN09,Liverpool,UK,Europe,2022,Q4,580557,136,78.88,101.75,58,33.6,80,4.6,13134.0,Reported,Upscale,4,GBP,53.4084,-2.9916
TXN12309,3119,CHN01,Essaouira,Morocco,Africa,2024,Q1,10780560,434,299.46,420.77,69,21.0,400,4.6,6158.0,Reported,Luxury,5,MAD,31.5125,-9.77
TXN12310,1871,CHN10,Orlando,USA,Americas,2021,Q4,1273427,422,173.02,220.61,41,33.6,80,5.0,1402.0,Reported,Luxury,5,USD,28.5383,-81.3792
TXN12311,3120,CHN06,Rio de Janeiro,Brazil,Americas,2020,Q1,62208,36,11.52,14.35,32,9.2,60,4.1,2021.0,Reported,Economy,2,BRL,-22.9068,-43.1729
TXN12312,3121,CHN05,Cancun,Mexico,Americas,2024,Q2,7047131,299,221.26,263.03,74,29.5,350,4.5,11634.0,Reported,Upscale,4,MXN,21.1619,-86.8515
TXN12313,3122,CHN05,Rhodes,Greece,Europe,2025,Q1,3769920,220,149.6,198.18,68,31.8,280,4.4,3445.0,Estimated,Upscale,4,EUR,36.4349,28.2176
TXN12314,3123,CHN01,Hamburg,Germany,Europe,2024,Q2,10163790,1020,744.6,906.26,73,38.4,150,5.0,6982.0,Reported,Luxury,5,EUR,53.5511,9.9937
TXN12315,3124,CHN02,JBR,UAE,Middle East,2025,Q4,6885648,297,213.84,308.94,72,18.3,350,4.7,14249.0,Estimated,Upper-Upscale,4,AED,25.0777,55.1308
TXN12316,3125,CHN09,Florianopolis,Brazil,Americas,2024,Q3,4952875,221,192.27,279.76,87,27.3,280,4.4,14671.0,Reported,Upper-Upscale,4,BRL,-27.5954,-48.548
TXN12317,3126,CHN09,Deira,UAE,Middle East,2020,Q3,243322,116,44.08,54.01,38,31.4,60,4.3,4835.0,Reported,Upscale,4,AED,25.2697,55.3095
TXN12318,3127,CHN01,Da Lat,Vietnam,Asia Pacific,2025,Q4,2331648,480,316.8,403.89,66,33.7,80,4.9,12135.0,Estimated,Luxury,5,VND,0.0,0.0
TXN12319,3128,CHN10,Agra,India,Asia Pacific,2019,Q2,4876872,174,133.98,195.98,77,21.8,400,4.4,10510.0,Reported,Upscale,4,INR,27.1767,78.0081
TXN12320,2206,CHN11,Evora,Portugal,Europe,2024,Q4,1464566,108,72.36,105.4,67,11.2,220,4.4,1130.0,Reported,Midscale,3,EUR,0.0,0.0
TXN12321,3129,CHN02,Changi,Singapore,Asia Pacific,2021,Q1,1253880,324,139.32,161.46,43,19.3,100,4.8,13878.0,Reported,Upper-Upscale,5,SGD,1.3644,103.9915
TXN12322,3130,CHN04,Cappadocia,Turkey,Europe/Middle East,2023,Q1,5118768,697,473.96,549.23,68,29.0,120,4.7,1432.0,Reported,Luxury,5,TRY,38.6431,34.8289
TXN12323,3131,CHN04,Pamukkale,Turkey,Europe/Middle East,2021,Q1,654804,94,40.42,55.98,43,24.5,180,4.3,3927.0,Reported,Midscale,3,TRY,37.9214,29.1189
TXN12324,3132,CHN05,Lyon,France,Europe,2020,Q1,1526850,325,94.25,122.5,29,24.9,180,4.6,13061.0,Reported,Luxury,5,EUR,45.764,4.8357
TXN12325,3133,CHN05,Strasbourg,France,Europe,2024,Q1,4181184,244,165.92,186.55,68,19.2,280,4.6,12699.0,Reported,Upscale,4,EUR,48.5734,7.7521
TXN12326,3134,CHN10,NEOM,Saudi Arabia,Middle East,2024,Q4,7014816,706,508.32,595.14,72,40.3,150,4.9,6634.0,Reported,Luxury,5,SAR,0.0,0.0
TXN12327,3135,CHN05,Sydney,Australia,Asia Pacific,2023,Q3,15414462,591,478.71,707.35,81,18.4,350,4.7,8923.0,Reported,Upper-Upscale,5,AUD,-33.8688,151.2093
TXN12328,3136,CHN08,Athens,Greece,Europe,2025,Q2,13224120,519,363.3,524.47,70,35.3,400,4.7,1943.0,Estimated,Luxury,5,EUR,37.9838,23.7275
TXN12329,1758,CHN02,Sydney,Australia,Asia Pacific,2021,Q2,4179302,832,382.72,504.92,46,24.5,120,4.9,3353.0,Reported,Luxury,5,AUD,-33.8688,151.2093
TXN12330,2958,CHN12,Makassar,Indonesia,Asia Pacific,2022,Q3,2787379,263,168.32,240.71,64,19.6,180,4.6,12052.0,Reported,Upscale,4,IDR,0.0,0.0
TXN12331,3137,CHN08,Hangzhou,China,Asia Pacific,2019,Q3,11650604,458,361.82,437.87,79,37.8,350,4.9,13907.0,Reported,Luxury,5,CNY,30.2741,120.1551
TXN12332,3138,CHN05,Jaipur,India,Asia Pacific,2021,Q4,3037104,262,117.9,137.46,45,43.3,280,4.7,5912.0,Reported,Upper-Upscale,5,INR,26.9124,75.7873
TXN12333,3139,CHN09,Guangzhou,China,Asia Pacific,2022,Q2,2793882,301,204.68,261.28,68,38.4,150,,1638.0,Reported,Luxury,5,CNY,23.1291,113.2644
TXN12334,3140,CHN02,Fujairah,UAE,Middle East,2020,Q2,402948,205,73.8,92.62,36,41.9,60,4.6,14781.0,Reported,Upper-Upscale,4,AED,25.1288,56.3264
TXN12335,2122,CHN12,Obidos,Portugal,Europe,2024,Q3,5633215,391,340.17,396.25,87,41.4,180,4.6,5705.0,Reported,Upscale,4,EUR,0.0,0.0
TXN12336,3141,CHN04,Kuala Lumpur,Malaysia,Asia Pacific,2020,Q3,1424160,215,86.0,120.5,40,24.6,180,4.4,9535.0,Reported,Upscale,4,MYR,3.139,101.6869
TXN12337,3142,CHN08,Goa,India,Asia Pacific,2023,Q3,10872928,374,295.46,347.66,79,41.3,400,4.8,9103.0,Reported,Luxury,5,INR,15.2993,74.124
TXN12338,3143,CHN01,Xian,China,Asia Pacific,2023,Q2,12201598,1259,893.89,1098.27,71,18.9,150,4.9,13160.0,Reported,Luxury,5,CNY,34.3416,108.9398
TXN12339,3144,CHN01,Kota Kinabalu,Malaysia,Asia Pacific,2021,Q4,3853098,681,279.21,360.62,41,35.2,150,4.7,8566.0,Reported,Luxury,5,MYR,5.9788,116.0753
TXN12340,3145,CHN03,Azores,Portugal,Europe,2024,Q3,2967994,611,537.68,783.52,88,36.0,60,5.0,12109.0,Reported,Luxury,5,EUR,0.0,0.0
TXN12341,3146,CHN11,Malacca,Malaysia,Asia Pacific,2020,Q3,220800,60,24.0,32.07,40,15.4,100,4.2,2635.0,Reported,Midscale,3,MYR,2.1896,102.2501
TXN12342,3147,CHN11,Nice,France,Europe,2024,Q1,6101172,341,242.11,280.49,71,36.5,280,4.8,7756.0,Reported,Upper-Upscale,5,EUR,43.7102,7.262
TXN12343,3148,CHN01,Varanasi,India,Asia Pacific,2019,Q2,1228500,120,90.0,125.68,75,43.4,150,,3294.0,Reported,Upscale,4,INR,25.3176,82.9739
TXN12344,3149,CHN05,Edinburgh,UK,Europe,2021,Q1,1837080,270,113.4,159.38,42,27.9,180,4.8,5665.0,Reported,Upper-Upscale,5,GBP,55.9533,-3.1883
TXN12345,3150,CHN10,Los Cabos,Mexico,Americas,2023,Q4,1510824,161,109.48,124.51,68,32.0,150,4.7,12934.0,Reported,Upscale,4,MXN,22.8905,-109.9167
TXN12346,3151,CHN09,Suwon,South Korea,Asia Pacific,2022,Q1,1696464,168,85.68,124.53,51,21.5,220,4.7,11406.0,Reported,Upper-Upscale,4,KRW,37.2636,127.0286
TXN12347,1178,CHN09,Cairns,Australia,Asia Pacific,2020,Q2,448484,111,41.07,57.94,37,36.9,120,4.4,8452.0,Reported,Upscale,4,AUD,-16.9186,145.7781
TXN12348,3152,CHN05,Al Ain,UAE,Middle East,2024,Q2,3662568,430,335.4,416.77,78,36.0,120,4.8,4642.0,Reported,Upper-Upscale,5,AED,24.2075,55.7447
TXN12349,3153,CHN01,Milan,Italy,Europe,2023,Q1,28024920,1348,889.68,1115.98,66,39.2,350,4.8,4032.0,Reported,Luxury,5,EUR,45.4654,9.1859
TXN12350,3154,CHN01,Busan,South Korea,Asia Pacific,2019,Q4,651820,109,70.85,94.99,65,37.9,100,4.5,8515.0,Reported,Upscale,4,KRW,35.1796,129.0756
TXN12351,3155,CHN01,Hiroshima,Japan,Asia Pacific,2024,Q3,6175390,419,372.91,437.98,89,40.3,180,4.9,6727.0,Reported,Luxury,5,JPY,34.3853,132.4553
TXN12352,3156,CHN05,Hoi An,Vietnam,Asia Pacific,2024,Q4,14830032,606,460.56,649.26,76,38.5,350,4.6,14494.0,Reported,Luxury,5,VND,15.8801,108.338
TXN12353,3157,CHN06,Cologne,Germany,Europe,2023,Q1,321408,72,44.64,50.45,62,14.1,80,3.9,1789.0,Reported,Economy,2,EUR,50.9333,6.95
TXN12354,3158,CHN01,Naples,Italy,Europe,2024,Q2,3727360,128,102.4,150.54,80,16.8,400,4.1,2225.0,Reported,Upscale,3,EUR,40.8518,14.2681
TXN12355,3159,CHN12,Marrakech,Morocco,Africa,2021,Q2,6246240,650,312.0,392.07,48,22.1,220,4.8,11073.0,Reported,Luxury,5,MAD,31.6295,-7.9811
TXN12356,2806,CHN08,Granada,Spain,Europe,2020,Q4,2423501,294,94.08,106.88,32,23.9,280,4.9,3526.0,Reported,Luxury,5,EUR,37.1773,-3.5986
TXN12357,1797,CHN02,Busan,South Korea,Asia Pacific,2021,Q4,989184,320,134.4,198.25,42,39.4,80,4.8,8552.0,Reported,Upper-Upscale,5,KRW,35.1796,129.0756
TXN12358,3160,CHN12,Meteora,Greece,Europe,2024,Q4,8865120,330,240.9,306.24,73,18.4,400,4.6,13763.0,Reported,Upscale,4,EUR,0.0,0.0
TXN12359,3161,CHN09,Birmingham,UK,Europe,2025,Q1,1814400,210,134.4,192.99,64,39.1,150,4.4,1309.0,Estimated,Upper-Upscale,4,GBP,52.4862,-1.8904
TXN12360,2046,CHN05,Salvador,Brazil,Americas,2021,Q3,10363248,596,321.84,437.17,54,42.1,350,4.9,4779.0,Reported,Luxury,5,BRL,-12.9714,-38.5014
TXN12361,3162,CHN10,Bilbao,Spain,Europe,2019,Q1,8467200,384,268.8,380.03,70,43.3,350,4.7,1303.0,Reported,Luxury,5,EUR,43.263,-2.935
TXN12362,3163,CHN04,Guangzhou,China,Asia Pacific,2024,Q4,1504384,292,204.4,262.18,70,29.2,80,4.5,4080.0,Reported,Upscale,4,CNY,23.1291,113.2644
TXN12363,3164,CHN04,Istanbul,Turkey,Europe/Middle East,2022,Q4,1256094,107,62.06,70.98,58,10.6,220,4.3,4302.0,Reported,Midscale,3,TRY,41.0082,28.9784
TXN12364,3165,CHN12,London,UK,Europe,2024,Q1,6522120,671,483.12,554.96,72,22.2,150,4.6,1175.0,Reported,Upscale,4,GBP,51.5074,-0.1278
TXN12365,3166,CHN02,Bandung,Indonesia,Asia Pacific,2019,Q2,2141339,382,294.14,352.08,77,22.7,80,4.8,12231.0,Reported,Upper-Upscale,5,IDR,-6.9175,107.6191
TXN12366,3167,CHN03,Jeonju,South Korea,Asia Pacific,2020,Q3,1410618,148,54.76,68.91,37,41.8,280,4.7,7007.0,Reported,Upscale,4,KRW,35.8242,127.148
TXN12367,3168,CHN01,Fukuoka,Japan,Asia Pacific,2023,Q1,12523896,1004,632.52,854.39,63,36.3,220,4.9,10178.0,Reported,Luxury,5,JPY,33.5904,130.4017
TXN12368,3169,CHN04,Ankara,Turkey,Europe/Middle East,2021,Q1,3384000,235,94.0,138.08,40,43.5,400,4.4,1015.0,Reported,Upscale,4,TRY,39.9334,32.8597
TXN12369,1453,CHN08,Washington DC,USA,Americas,2020,Q1,2075220,427,128.1,155.02,30,39.0,180,5.0,4314.0,Reported,Luxury,5,USD,38.9072,-77.0369
TXN12370,3170,CHN12,Birmingham,UK,Europe,2023,Q3,21638400,735,588.0,689.99,80,18.3,400,4.7,8666.0,Reported,Luxury,5,GBP,52.4862,-1.8904
TXN12371,3171,CHN12,Bangkok,Thailand,Asia Pacific,2019,Q2,8679352,785,635.85,758.3,81,41.7,150,4.7,8563.0,Reported,Luxury,5,THB,13.7563,100.5018
TXN12372,1614,CHN06,Nha Trang,Vietnam,Asia Pacific,2024,Q1,1186380,169,109.85,147.01,65,30.1,120,,11745.0,Reported,Upscale,4,VND,12.2388,109.1967
TXN12373,3172,CHN12,Strasbourg,France,Europe,2024,Q3,3603125,759,652.74,835.49,86,21.0,60,4.8,4976.0,Reported,Luxury,5,EUR,48.5734,7.7521
TXN12374,3173,CHN11,Abu Dhabi,UAE,Middle East,2025,Q3,3489192,301,252.84,313.13,84,25.0,150,4.7,9198.0,Estimated,Upper-Upscale,5,AED,24.4539,54.3773
TXN12375,3174,CHN07,Sapa,Vietnam,Asia Pacific,2020,Q4,738355,114,36.48,48.19,32,32.4,220,4.7,11385.0,Reported,Upscale,4,VND,0.0,0.0
TXN12376,3175,CHN10,Madeira,Portugal,Europe,2022,Q4,552147,121,75.02,98.54,62,33.8,80,4.4,12502.0,Reported,Upscale,4,EUR,32.6669,-16.9241
TXN12377,3176,CHN01,Gold Coast,Australia,Asia Pacific,2022,Q1,1198080,256,133.12,153.59,52,19.3,100,4.6,8660.0,Reported,Upper-Upscale,4,AUD,-28.0167,153.4
TXN12378,3177,CHN07,Toulouse,France,Europe,2024,Q4,1182384,102,71.4,97.75,70,17.6,180,4.2,4467.0,Reported,Midscale,3,EUR,43.6047,1.4442
TXN12379,1263,CHN09,Ayutthaya,Thailand,Asia Pacific,2021,Q1,299538,129,55.47,79.49,43,32.0,60,4.4,13462.0,Reported,Upscale,4,THB,14.3532,100.5659
TXN12380,3178,CHN09,Phuket,Thailand,Asia Pacific,2019,Q2,2825222,144,110.88,163.94,77,18.4,280,4.4,10424.0,Reported,Upscale,4,THB,7.8804,98.3923
TXN12381,3179,CHN07,Recife,Brazil,Americas,2024,Q2,1781562,92,69.92,78.66,76,9.5,280,4.2,1951.0,Reported,Midscale,3,BRL,-8.0476,-34.877
TXN12382,3180,CHN05,Chiang Mai,Thailand,Asia Pacific,2020,Q4,380365,152,51.68,59.26,34,24.8,80,4.3,13126.0,Reported,Upscale,4,THB,18.7883,98.9853
TXN12383,3181,CHN06,Leipzig,Germany,Europe,2022,Q4,1748736,88,47.52,54.26,54,16.3,400,4.4,4797.0,Reported,Midscale,3,EUR,51.3397,12.3731
TXN12384,3182,CHN07,Kota Kinabalu,Malaysia,Asia Pacific,2025,Q1,2882880,176,114.4,168.1,65,42.5,280,4.5,8767.0,Estimated,Upscale,4,MYR,5.9788,116.0753
TXN12385,3183,CHN07,Da Lat,Vietnam,Asia Pacific,2020,Q4,1137948,114,35.34,44.9,31,40.7,350,4.5,5361.0,Reported,Upscale,4,VND,0.0,0.0
TXN12386,3184,CHN05,Bilbao,Spain,Europe,2020,Q3,1873930,276,113.16,167.26,41,24.6,180,4.7,1561.0,Reported,Upper-Upscale,5,EUR,43.263,-2.935
TXN12387,3185,CHN10,Bali,Indonesia,Asia Pacific,2023,Q4,3405288,995,616.9,734.77,62,25.9,60,4.8,2901.0,Reported,Luxury,5,IDR,-8.3405,115.092
TXN12388,2175,CHN07,Mykonos,Greece,Europe,2023,Q3,1699277,296,230.88,282.02,78,32.2,80,4.4,14099.0,Reported,Upscale,4,EUR,37.4467,25.3289
TXN12389,3186,CHN05,Dresden,Germany,Europe,2019,Q2,8383575,551,418.76,499.61,76,18.7,220,4.9,7823.0,Reported,Luxury,5,EUR,51.0509,13.7383
TXN12390,3187,CHN07,Langkawi,Malaysia,Asia Pacific,2021,Q3,876355,63,34.02,43.5,54,26.2,280,4.1,1502.0,Reported,Midscale,3,MYR,6.35,99.8
TXN12391,3188,CHN10,Riyadh,Saudi Arabia,Middle East,2020,Q1,890568,399,123.69,171.59,31,41.8,80,5.0,9752.0,Reported,Luxury,5,SAR,24.6877,46.7219
TXN12392,3189,CHN05,Shanghai,China,Asia Pacific,2023,Q2,6238232,902,685.52,990.65,76,31.5,100,4.8,14371.0,Reported,Luxury,5,CNY,31.2304,121.4737
TXN12393,3190,CHN01,Agadir,Morocco,Africa,2024,Q2,6680128,992,734.08,1082.8,74,21.0,100,4.8,11495.0,Reported,Luxury,5,MAD,30.4278,-9.5981
TXN12394,1629,CHN10,Athens,Greece,Europe,2024,Q3,15657572,593,486.26,612.68,82,34.2,350,4.6,9992.0,Reported,Luxury,5,EUR,37.9838,23.7275
TXN12395,3191,CHN09,New York,USA,Americas,2020,Q3,986700,275,107.25,147.64,39,29.2,100,4.4,13268.0,Reported,Upper-Upscale,4,USD,40.7128,-74.006
TXN12396,3192,CHN02,Phu Quoc,Vietnam,Asia Pacific,2022,Q3,3143640,335,227.8,293.81,68,43.0,150,4.9,11617.0,Reported,Upper-Upscale,5,VND,10.2899,103.984
TXN12397,3193,CHN07,Izmir,Turkey,Europe/Middle East,2022,Q3,2652250,143,102.96,148.0,72,30.7,280,4.5,12981.0,Reported,Upscale,4,TRY,38.4192,27.1287
TXN12398,3194,CHN02,Hamburg,Germany,Europe,2024,Q4,16980734,903,659.19,905.55,73,33.5,280,4.7,3449.0,Reported,Luxury,5,EUR,53.5511,9.9937
TXN12399,3195,CHN12,Fortaleza,Brazil,Americas,2021,Q2,8427828,563,264.61,301.84,47,28.1,350,4.9,10738.0,Reported,Luxury,5,BRL,-3.7319,-38.5267
TXN12400,3196,CHN05,Ha Long Bay,Vietnam,Asia Pacific,2021,Q4,309120,80,33.6,47.8,42,8.8,100,,2372.0,Reported,Midscale,3,VND,20.9101,107.1839
TXN12401,3197,CHN05,Ho Chi Minh City,Vietnam,Asia Pacific,2025,Q4,5799974,796,525.36,732.44,66,36.7,120,4.7,9906.0,Estimated,Luxury,5,VND,10.8231,106.6297
TXN12402,2953,CHN12,Strasbourg,France,Europe,2019,Q4,5029640,220,156.2,228.79,71,28.9,350,4.4,9531.0,Reported,Upscale,4,EUR,48.5734,7.7521
TXN12403,3198,CHN06,New York,USA,Americas,2021,Q3,1530144,165,92.4,104.32,56,16.2,180,4.3,2977.0,Reported,Midscale,3,USD,40.7128,-74.006
TXN12404,3199,CHN11,Jeju Island,South Korea,Asia Pacific,2021,Q3,2864512,139,77.84,105.92,56,27.6,400,4.6,11107.0,Reported,Upscale,4,KRW,33.4996,126.5312
TXN12405,3200,CHN06,Dubai,UAE,Middle East,2023,Q4,953120,185,129.5,154.19,70,9.6,80,4.4,4840.0,Reported,Midscale,3,AED,25.2048,55.2708
TXN12406,3201,CHN03,Chinatown,Singapore,Asia Pacific,2019,Q3,1645402,184,149.04,169.09,81,22.2,120,4.4,2200.0,Reported,Upscale,4,SGD,1.2826,103.8446
TXN12407,3202,CHN02,Ipoh,Malaysia,Asia Pacific,2020,Q1,184680,114,34.2,40.52,30,29.9,60,4.4,3095.0,Reported,Upscale,4,MYR,4.5975,101.0901
TXN12408,3203,CHN05,Marseille,France,Europe,2024,Q2,928200,136,102.0,121.42,75,23.8,100,4.2,2930.0,Reported,Midscale,3,EUR,43.2965,5.3698
TXN12409,1392,CHN02,Rio de Janeiro,Brazil,Americas,2021,Q1,930600,235,103.4,124.48,44,30.8,100,4.5,1837.0,Reported,Upper-Upscale,4,BRL,-22.9068,-43.1729
TXN12410,2326,CHN09,Ajman,UAE,Middle East,2019,Q4,1912073,141,94.47,110.35,67,37.9,220,4.5,11364.0,Reported,Upscale,4,AED,25.4052,55.5136
TXN12411,3204,CHN12,Rotterdam,Netherlands,Europe,2020,Q1,837810,214,62.06,78.6,29,26.0,150,4.5,13595.0,Reported,Upscale,4,EUR,51.9244,4.4777
TXN12412,3205,CHN02,New York,USA,Americas,2024,Q4,4027558,363,243.21,312.97,67,26.4,180,4.4,7396.0,Reported,Upscale,4,USD,40.7128,-74.006
TXN12413,3206,CHN06,Oaxaca,Mexico,Americas,2022,Q4,256570,83,46.48,65.65,56,21.2,60,4.3,4604.0,Reported,Midscale,3,MXN,17.0732,-96.7266
TXN12414,3207,CHN04,Oxford,UK,Europe,2019,Q4,1506960,63,40.95,52.97,65,23.5,400,4.1,4938.0,Reported,Economy,2,GBP,51.752,-1.2577
TXN12415,3208,CHN07,Lisbon,Portugal,Europe,2020,Q1,513216,144,47.52,54.79,33,35.7,120,4.5,12604.0,Reported,Upscale,4,EUR,38.7223,-9.1393
TXN12416,3209,CHN06,Nagoya,Japan,Asia Pacific,2024,Q2,2413211,123,94.71,129.13,77,15.8,280,4.4,2853.0,Reported,Midscale,3,JPY,35.1815,136.9066
TXN12417,2411,CHN08,Seville,Spain,Europe,2021,Q2,4819542,291,151.32,177.66,52,41.2,350,4.9,13629.0,Reported,Luxury,5,EUR,37.3891,-5.9845
TXN12418,3210,CHN03,Malacca,Malaysia,Asia Pacific,2025,Q4,1095536,229,148.85,187.48,65,31.9,80,4.6,13985.0,Estimated,Upscale,4,MYR,2.1896,102.2501
TXN12419,3211,CHN03,Sharjah,UAE,Middle East,2022,Q2,4532510,413,276.71,368.78,67,21.3,180,4.7,2263.0,Reported,Luxury,5,AED,25.3463,55.4209
TXN12420,3212,CHN02,Evora,Portugal,Europe,2022,Q4,1267834,319,172.26,234.72,54,29.0,80,4.7,1331.0,Reported,Upper-Upscale,5,EUR,0.0,0.0
TXN12421,3213,CHN12,Suwon,South Korea,Asia Pacific,2019,Q3,10639966,649,525.69,702.01,81,19.3,220,4.7,13061.0,Reported,Luxury,5,KRW,37.2636,127.0286
TXN12422,2470,CHN05,Palermo,Italy,Europe,2021,Q4,1546262,298,140.06,182.76,47,38.2,120,4.7,9205.0,Reported,Upper-Upscale,5,EUR,38.1157,13.3615
TXN12423,3214,CHN06,Cappadocia,Turkey,Europe/Middle East,2022,Q1,150822,49,27.93,35.85,57,12.4,60,3.8,3809.0,Reported,Economy,2,TRY,38.6431,34.8289
TXN12424,1132,CHN08,Thessaloniki,Greece,Europe,2021,Q1,4274865,331,135.71,180.43,41,32.2,350,4.9,11300.0,Reported,Luxury,5,EUR,40.6401,22.9444
TXN12425,3215,CHN09,Bangalore,India,Asia Pacific,2022,Q1,971730,122,71.98,87.79,59,42.9,150,,5833.0,Reported,Upscale,4,INR,12.9716,77.5946
TXN12426,3033,CHN06,Da Lat,Vietnam,Asia Pacific,2021,Q2,211302,43,19.35,28.34,45,26.3,120,4.0,1391.0,Reported,Economy,2,VND,0.0,0.0
TXN12427,2122,CHN12,Obidos,Portugal,Europe,2022,Q1,2592810,291,160.05,206.61,55,28.4,180,4.6,4947.0,Reported,Upscale,4,EUR,0.0,0.0
TXN12428,3216,CHN12,Lyon,France,Europe,2022,Q1,3596400,185,99.9,129.05,54,31.4,400,4.4,12875.0,Reported,Upscale,4,EUR,45.764,4.8357
TXN12429,3217,CHN07,Dresden,Germany,Europe,2019,Q3,1196294,84,72.24,95.37,86,25.9,180,4.4,4384.0,Reported,Midscale,3,EUR,51.0509,13.7383
TXN12430,3218,CHN11,Mecca,Saudi Arabia,Middle East,2020,Q4,568045,227,77.18,94.89,34,37.2,80,4.6,3647.0,Reported,Upper-Upscale,5,SAR,21.3891,39.8579
TXN12431,3219,CHN03,Cascais,Portugal,Europe,2019,Q3,6981990,448,344.96,478.44,77,23.0,220,4.9,14440.0,Reported,Luxury,5,EUR,0.0,0.0
TXN12432,3220,CHN07,Rio de Janeiro,Brazil,Americas,2024,Q1,660285,73,48.91,65.93,67,21.7,150,4.1,2246.0,Reported,Economy,2,BRL,-22.9068,-43.1729
TXN12433,1495,CHN10,Santorini,Greece,Europe,2024,Q2,3317114,263,202.51,293.41,77,23.6,180,4.5,10558.0,Reported,Upscale,4,EUR,36.3932,25.4615
TXN12434,3221,CHN05,Marmaris,Turkey,Europe/Middle East,2020,Q3,650845,239,88.43,99.65,37,25.6,80,4.8,3945.0,Reported,Upper-Upscale,5,TRY,36.8551,28.2553
TXN12435,3222,CHN11,Las Vegas,USA,Americas,2019,Q3,725696,116,98.6,130.53,85,15.9,80,4.1,587.0,Reported,Midscale,3,USD,36.1699,-115.1398
TXN12436,3223,CHN11,Phu Quoc,Vietnam,Asia Pacific,2024,Q1,6289290,298,199.66,256.21,67,33.4,350,4.9,14576.0,Reported,Upper-Upscale,5,VND,10.2899,103.984
TXN12437,3224,CHN01,Azores,Portugal,Europe,2023,Q3,3429760,466,372.8,512.82,80,35.2,100,5.0,11477.0,Reported,Luxury,5,EUR,0.0,0.0
TXN12438,3225,CHN06,Salvador,Brazil,Americas,2025,Q3,1329216,60,51.6,74.21,86,13.9,280,4.0,2701.0,Estimated,Economy,2,BRL,-12.9714,-38.5014
TXN12439,3226,CHN08,Nha Trang,Vietnam,Asia Pacific,2021,Q1,4688145,363,148.83,168.91,41,42.9,350,4.6,11418.0,Reported,Luxury,5,VND,12.2388,109.1967
TXN12440,1736,CHN11,Andong,South Korea,Asia Pacific,2025,Q1,1343232,106,67.84,88.05,64,9.7,220,4.1,1240.0,Estimated,Midscale,3,KRW,36.5684,128.7294
TXN12441,3227,CHN09,Cambridge,UK,Europe,2025,Q3,5253568,166,142.76,167.52,86,38.0,400,4.6,13941.0,Estimated,Upscale,4,GBP,52.2053,0.1218
TXN12442,3228,CHN05,Kota Kinabalu,Malaysia,Asia Pacific,2024,Q3,4226112,132,114.84,144.75,87,24.6,400,4.3,2293.0,Reported,Midscale,3,MYR,5.9788,116.0753
TXN12443,2285,CHN09,Marseille,France,Europe,2025,Q3,877974,151,119.29,159.75,79,27.4,80,4.4,1623.0,Estimated,Upscale,4,EUR,43.2965,5.3698
TXN12444,3229,CHN03,Marrakech,Morocco,Africa,2021,Q2,1310400,375,180.0,265.97,48,26.0,80,4.6,6914.0,Reported,Luxury,5,MAD,31.6295,-7.9811
TXN12445,3230,CHN04,Woodlands,Singapore,Asia Pacific,2024,Q2,2047136,304,224.96,313.37,74,36.2,100,4.5,13243.0,Reported,Upscale,4,SGD,1.437,103.7862
TXN12446,2969,CHN01,Tokyo,Japan,Asia Pacific,2021,Q4,837384,370,151.7,222.58,41,32.8,60,4.8,1677.0,Reported,Upper-Upscale,5,JPY,35.6762,139.6503
TXN12447,3231,CHN11,Belem,Brazil,Americas,2025,Q1,922320,112,68.32,81.33,61,26.8,150,4.3,4993.0,Estimated,Midscale,3,BRL,-1.4558,-48.5044
TXN12448,3232,CHN11,Palermo,Italy,Europe,2022,Q2,3094291,176,121.44,169.08,69,22.8,280,4.7,,Reported,Upscale,4,EUR,38.1157,13.3615
TXN12449,3233,CHN07,Antalya,Turkey,Europe/Middle East,2019,Q4,3661011,209,142.12,192.31,68,38.7,280,4.7,4344.0,Reported,Upscale,4,TRY,36.8969,30.7133
TXN12450,3234,CHN01,Florianopolis,Brazil,Americas,2022,Q4,4574718,301,177.59,225.12,59,26.7,280,4.6,11563.0,Reported,Upper-Upscale,5,BRL,-27.5954,-48.548
TXN12451,3235,CHN07,Malacca,Malaysia,Asia Pacific,2020,Q4,853318,136,42.16,57.82,31,18.3,220,4.4,5372.0,Reported,Upscale,4,MYR,2.1896,102.2501
TXN12452,2962,CHN01,Ha Long Bay,Vietnam,Asia Pacific,2023,Q4,2228286,241,161.47,193.94,67,19.2,150,4.4,12166.0,Reported,Upper-Upscale,4,VND,20.9101,107.1839
TXN12453,2041,CHN03,Stuttgart,Germany,Europe,2025,Q2,1621620,220,178.2,252.75,81,28.4,100,4.4,1767.0,Estimated,Upscale,4,EUR,48.7758,9.1829
TXN12454,3236,CHN06,Las Vegas,USA,Americas,2022,Q1,312930,61,34.77,44.48,57,26.7,100,4.1,4866.0,Reported,Economy,2,USD,36.1699,-115.1398
TXN12455,3237,CHN03,Maastricht,Netherlands,Europe,2024,Q3,3888104,226,192.1,218.72,85,38.0,220,4.6,12769.0,Reported,Upscale,4,EUR,50.8514,5.691
TXN12456,3238,CHN09,Washington DC,USA,Americas,2021,Q2,2095730,140,65.8,80.97,47,29.4,350,4.6,3483.0,Reported,Upscale,4,USD,38.9072,-77.0369
TXN12457,3239,CHN07,Al Ain,UAE,Middle East,2023,Q2,2206805,151,110.23,130.3,73,35.0,220,4.4,10482.0,Reported,Upscale,4,AED,24.2075,55.7447
TXN12458,3240,CHN06,Cancun,Mexico,Americas,2024,Q2,2273453,86,71.38,83.96,83,11.6,350,3.8,4869.0,Reported,Economy,2,MXN,21.1619,-86.8515
TXN12459,1845,CHN03,Bologna,Italy,Europe,2021,Q1,1784484,403,165.23,190.05,41,24.1,120,4.7,5829.0,Reported,Luxury,5,EUR,44.4949,11.3426
TXN12460,3241,CHN03,Al Ain,UAE,Middle East,2022,Q1,1458972,158,90.06,116.04,57,34.1,180,4.5,14915.0,Reported,Upper-Upscale,4,AED,24.2075,55.7447
TXN12461,1565,CHN08,Udaipur,India,Asia Pacific,2019,Q4,995072,208,135.2,183.73,65,27.9,80,4.5,7140.0,Reported,Upscale,4,INR,24.5854,73.7125
TXN12462,3242,CHN08,Puebla,Mexico,Americas,2019,Q3,1984330,473,359.48,449.79,76,32.8,60,5.0,1552.0,Reported,Luxury,5,MXN,19.0414,-98.2063
TXN12463,3243,CHN11,Los Angeles,USA,Americas,2024,Q1,1137240,162,105.3,128.8,65,14.6,120,4.1,2127.0,Reported,Midscale,3,USD,34.0522,-118.2437
TXN12464,3244,CHN02,Chefchaouen,Morocco,Africa,2021,Q4,2853564,211,88.62,110.2,42,18.8,350,4.3,7383.0,Reported,Upper-Upscale,4,MAD,35.1688,-5.2636
TXN12465,3245,CHN11,Santorini,Greece,Europe,2025,Q4,1102123,149,99.83,147.56,67,27.6,120,4.2,984.0,Estimated,Midscale,3,EUR,36.3932,25.4615
TXN12466,3246,CHN06,Yokohama,Japan,Asia Pacific,2024,Q2,770406,170,141.1,162.49,83,27.3,60,4.6,13365.0,Reported,Upscale,4,JPY,35.4437,139.638
TXN12467,3247,CHN01,Al Ula,Saudi Arabia,Middle East,2024,Q2,1703520,312,234.0,263.99,75,23.3,80,4.4,10158.0,Reported,Upper-Upscale,4,SAR,0.0,0.0
TXN12468,3248,CHN01,Guadalajara,Mexico,Americas,2024,Q3,1872237,322,254.38,370.06,79,43.1,80,4.9,11091.0,Reported,Upper-Upscale,5,MXN,20.6597,-103.3496
TXN12469,3249,CHN03,Trabzon,Turkey,Europe/Middle East,2019,Q4,1527715,187,138.38,185.66,74,43.5,120,4.6,3305.0,Reported,Upper-Upscale,4,TRY,0.0,0.0
TXN12470,3250,CHN03,Riyadh,Saudi Arabia,Middle East,2022,Q3,2620454,688,474.72,690.39,69,32.3,60,4.9,12199.0,Reported,Luxury,5,SAR,24.6877,46.7219
TXN12471,2836,CHN09,Puerto Vallarta,Mexico,Americas,2020,Q4,541696,230,73.6,107.71,32,30.2,80,4.9,9854.0,Reported,Luxury,5,MXN,20.6534,-105.2253
TXN12472,3251,CHN03,Labuan Bajo,Indonesia,Asia Pacific,2025,Q2,5647824,431,344.8,455.64,80,34.7,180,5.0,6045.0,Estimated,Luxury,5,IDR,0.0,0.0
TXN12473,3252,CHN02,Changi,Singapore,Asia Pacific,2024,Q1,4139100,350,255.5,365.03,73,34.7,180,4.5,8673.0,Reported,Upper-Upscale,4,SGD,1.3644,103.9915
TXN12474,3253,CHN05,Cascais,Portugal,Europe,2025,Q1,667080,109,74.12,101.72,68,20.6,100,4.2,3439.0,Estimated,Midscale,3,EUR,0.0,0.0
TXN12475,3254,CHN07,Corfu,Greece,Europe,2022,Q4,637523,142,86.62,107.11,61,33.2,80,4.5,14051.0,Reported,Upscale,4,EUR,39.6243,19.9217
TXN12476,3255,CHN08,Labuan Bajo,Indonesia,Asia Pacific,2025,Q2,10854480,426,340.8,500.34,80,21.7,350,4.8,2595.0,Estimated,Luxury,5,IDR,0.0,0.0
TXN12477,3256,CHN01,Kota Kinabalu,Malaysia,Asia Pacific,2024,Q2,1440639,257,197.89,222.54,77,21.9,80,4.7,5632.0,Reported,Upper-Upscale,4,MYR,5.9788,116.0753
TXN12478,3257,CHN06,Sharjah,UAE,Middle East,2023,Q3,661738,54,39.96,50.33,74,11.6,180,3.9,3504.0,Reported,Economy,2,AED,25.3463,55.4209
TXN12479,3258,CHN04,Utrecht,Netherlands,Europe,2023,Q1,1144044,107,70.62,104.44,66,17.1,180,,1474.0,Reported,Midscale,3,EUR,52.0907,5.1214
TXN12480,3259,CHN02,Rotterdam,Netherlands,Europe,2021,Q1,592920,122,54.9,65.98,45,40.0,120,4.6,,Reported,Upscale,4,EUR,51.9244,4.4777
TXN12481,3260,CHN11,Recife,Brazil,Americas,2024,Q3,1894464,120,93.6,105.72,78,10.4,220,4.1,2509.0,Reported,Midscale,3,BRL,-8.0476,-34.877
TXN12482,3261,CHN11,Yokohama,Japan,Asia Pacific,2019,Q3,1527163,106,92.22,111.73,87,23.4,180,4.2,4860.0,Reported,Midscale,3,JPY,35.4437,139.638
TXN12483,1768,CHN01,Sapa,Vietnam,Asia Pacific,2022,Q1,1448604,263,134.13,179.66,51,42.3,120,4.6,3777.0,Reported,Upper-Upscale,5,VND,0.0,0.0
TXN12484,3262,CHN07,Deira,UAE,Middle East,2020,Q3,312542,149,56.62,65.62,38,41.0,60,,1188.0,Reported,Upscale,4,AED,25.2697,55.3095
TXN12485,2649,CHN10,Sapa,Vietnam,Asia Pacific,2024,Q1,8099190,909,599.94,766.8,66,41.1,150,4.9,7463.0,Reported,Luxury,5,VND,0.0,0.0
TXN12486,3263,CHN07,Ho Chi Minh City,Vietnam,Asia Pacific,2023,Q4,4032728,202,125.24,185.29,62,35.0,350,4.5,6724.0,Reported,Upscale,4,VND,10.8231,106.6297
TXN12487,3264,CHN07,Maastricht,Netherlands,Europe,2020,Q1,240768,38,12.16,16.3,32,9.7,220,4.1,2175.0,Reported,Economy,2,EUR,50.8514,5.691
TXN12488,3265,CHN10,Marina Bay,Singapore,Asia Pacific,2019,Q2,1472307,256,202.24,289.74,79,32.8,80,4.7,11680.0,Reported,Upscale,4,SGD,1.2819,103.8636
TXN12489,1062,CHN10,Manchester,UK,Europe,2019,Q1,12125295,611,384.93,463.7,63,37.7,350,4.8,1335.0,Reported,Luxury,5,GBP,53.4808,-2.2426
TXN12490,3266,CHN11,Antalya,Turkey,Europe/Middle East,2020,Q1,1320165,127,41.91,55.43,33,24.2,350,4.5,2971.0,Reported,Upscale,4,TRY,36.8969,30.7133
TXN12491,3267,CHN05,Rotterdam,Netherlands,Europe,2022,Q3,6521935,467,322.23,420.86,69,34.1,220,4.9,6375.0,Reported,Luxury,5,EUR,51.9244,4.4777
TXN12492,3268,CHN03,Dammam,Saudi Arabia,Middle East,2022,Q3,1415990,106,69.96,89.58,66,13.3,220,4.3,2721.0,Reported,Midscale,3,SAR,26.4207,50.0888
TXN12493,2439,CHN10,Koh Samui,Thailand,Asia Pacific,2023,Q1,1239165,137,91.79,132.6,67,36.8,150,4.4,5762.0,Reported,Upscale,4,THB,9.512,100.0136
TXN12494,3269,CHN06,Pamukkale,Turkey,Europe/Middle East,2025,Q2,2290907,111,89.91,121.35,81,15.5,280,4.4,2045.0,Estimated,Midscale,3,TRY,37.9214,29.1189
TXN12495,3270,CHN01,Brasilia,Brazil,Americas,2025,Q3,9918336,1123,898.4,1194.25,80,32.0,120,4.9,13308.0,Estimated,Luxury,5,BRL,-15.7975,-47.8919
TXN12496,3271,CHN06,Sentosa,Singapore,Asia Pacific,2020,Q2,136955,43,15.05,19.11,35,12.6,100,4.0,4177.0,Reported,Economy,2,SGD,1.2494,103.8303
TXN12497,3272,CHN04,Canberra,Australia,Asia Pacific,2019,Q3,423936,72,57.6,69.72,80,16.7,80,4.1,751.0,Reported,Economy,2,AUD,-35.2809,149.13
TXN12498,2715,CHN02,London,UK,Europe,2024,Q1,4466880,188,124.08,169.9,66,12.2,400,4.2,2049.0,Reported,Midscale,3,GBP,51.5074,-0.1278
TXN12499,1477,CHN11,Hiroshima,Japan,Asia Pacific,2019,Q2,1616160,300,222.0,324.83,74,26.7,80,4.9,9712.0,Reported,Upper-Upscale,5,JPY,34.3853,132.4553
TXN12500,3273,CHN10,Sydney,Australia,Asia Pacific,2025,Q3,25068528,841,681.21,911.58,81,33.0,400,4.7,10743.0,Estimated,Luxury,5,AUD,-33.8688,151.2093
TXN12501,3274,CHN10,Rabat,Morocco,Africa,2024,Q2,8142134,490,406.7,588.99,83,24.4,220,5.0,6261.0,Reported,Luxury,5,MAD,33.9716,-6.8498
TXN12502,2669,CHN08,Mexico City,Mexico,Americas,2020,Q2,374556,147,51.45,58.55,35,29.0,80,4.4,2443.0,Reported,Upscale,4,MXN,19.4326,-99.1332
TXN12503,3275,CHN08,Naples,Italy,Europe,2021,Q1,1534680,145,60.9,71.7,42,28.9,280,4.6,6358.0,Reported,Upscale,4,EUR,40.8518,14.2681
TXN12504,3276,CHN04,Los Angeles,USA,Americas,2024,Q4,8970920,398,278.6,391.21,70,38.7,350,4.4,5103.0,Reported,Upscale,4,USD,34.0522,-118.2437
TXN12505,3277,CHN09,York,UK,Europe,2025,Q1,1491750,170,110.5,130.44,65,37.7,150,4.4,10736.0,Estimated,Upscale,4,GBP,53.96,-1.0873
TXN12506,3278,CHN06,Fukuoka,Japan,Asia Pacific,2023,Q1,503496,111,69.93,83.25,63,13.9,80,4.3,2516.0,Reported,Midscale,3,JPY,33.5904,130.4017
TXN12507,3251,CHN03,Labuan Bajo,Indonesia,Asia Pacific,2022,Q1,3747744,364,189.28,276.82,52,22.4,220,4.8,2985.0,Reported,Luxury,5,IDR,0.0,0.0
TXN12508,3279,CHN07,Perth,Australia,Asia Pacific,2020,Q4,208435,118,37.76,48.18,32,27.0,60,4.5,6908.0,Reported,Upscale,4,AUD,-31.9505,115.8605
TXN12509,3280,CHN02,NEOM,Saudi Arabia,Middle East,2021,Q4,5298630,557,261.79,311.11,47,23.7,220,4.9,13430.0,Reported,Luxury,5,SAR,0.0,0.0
TXN12510,3281,CHN01,Surabaya,Indonesia,Asia Pacific,2023,Q4,6398784,276,173.88,231.3,63,37.1,400,4.3,3284.0,Reported,Upper-Upscale,4,IDR,-7.2575,112.7521
TXN12511,2523,CHN09,Edinburgh,UK,Europe,2025,Q2,2312310,150,115.5,134.09,77,34.3,220,4.6,13609.0,Estimated,Upscale,4,GBP,55.9533,-3.1883
TXN12512,1318,CHN07,Clarke Quay,Singapore,Asia Pacific,2019,Q2,382582,91,70.07,101.04,77,22.0,60,4.3,4031.0,Reported,Midscale,3,SGD,1.2906,103.8467
TXN12513,3282,CHN10,Munich,Germany,Europe,2023,Q2,3983616,720,547.2,809.41,76,26.6,80,4.9,7866.0,Reported,Luxury,5,EUR,48.1351,11.582
TXN12514,3283,CHN01,Oxford,UK,Europe,2025,Q4,6862464,1036,745.92,905.5,72,38.6,100,4.8,,Estimated,Luxury,5,GBP,51.752,-1.2577
TXN12515,3284,CHN08,Malaga,Spain,Europe,2019,Q4,4348656,404,262.6,333.89,65,40.0,180,4.8,7030.0,Reported,Luxury,5,EUR,36.7213,-4.4214
TXN12516,3285,CHN07,Liverpool,UK,Europe,2019,Q3,1154563,84,69.72,97.35,83,23.5,180,4.3,324.0,Reported,Midscale,3,GBP,53.4084,-2.9916
TXN12517,3286,CHN01,Miami,USA,Americas,2020,Q1,702720,305,97.6,114.71,32,25.7,80,4.9,9407.0,Reported,Upper-Upscale,5,USD,25.7617,-80.1918
TXN12518,3287,CHN01,Porto,Portugal,Europe,2025,Q3,5605891,1302,1015.56,1216.73,78,23.0,60,4.9,13570.0,Estimated,Luxury,5,EUR,41.1579,-8.6291
TXN12519,3288,CHN07,Chefchaouen,Morocco,Africa,2021,Q4,529092,71,31.95,45.14,45,14.5,180,4.4,4099.0,Reported,Midscale,3,MAD,35.1688,-5.2636
TXN12520,3289,CHN04,Ha Long Bay,Vietnam,Asia Pacific,2021,Q4,4761000,750,345.0,468.73,46,37.7,150,4.7,4501.0,Reported,Luxury,5,VND,20.9101,107.1839
TXN12521,3290,CHN07,Obidos,Portugal,Europe,2024,Q2,2012283,182,147.42,180.28,81,21.4,150,4.7,3557.0,Reported,Upscale,4,EUR,0.0,0.0
TXN12522,3291,CHN11,NEOM,Saudi Arabia,Middle East,2022,Q2,891072,255,163.2,215.87,64,36.3,60,5.0,5884.0,Reported,Upper-Upscale,5,SAR,0.0,0.0
TXN12523,3292,CHN07,Cameron Highlands,Malaysia,Asia Pacific,2020,Q1,340200,70,21.0,29.92,30,10.8,180,4.3,3134.0,Reported,Midscale,3,MYR,0.0,0.0
TXN12524,3293,CHN08,Bugis,Singapore,Asia Pacific,2020,Q2,813322,294,111.72,139.73,38,28.6,80,4.7,1206.0,Reported,Luxury,5,SGD,1.3006,103.8551
TXN12525,3294,CHN01,Clarke Quay,Singapore,Asia Pacific,2022,Q1,2237760,111,62.16,78.51,56,36.6,400,4.4,1747.0,Reported,Upscale,4,SGD,1.2906,103.8467
TXN12526,3295,CHN12,Malaga,Spain,Europe,2022,Q4,1633478,274,147.96,203.72,54,39.0,120,4.6,2766.0,Reported,Upscale,4,EUR,36.7213,-4.4214
TXN12527,3296,CHN08,Edinburgh,UK,Europe,2023,Q2,7127921,516,356.04,523.36,69,31.0,220,4.8,2622.0,Reported,Luxury,5,GBP,55.9533,-3.1883
TXN12528,3297,CHN08,Sharjah,UAE,Middle East,2025,Q3,3040232,403,330.46,409.06,82,34.6,100,4.9,11377.0,Estimated,Luxury,5,AED,25.3463,55.4209
TXN12529,3298,CHN09,Jeddah,Saudi Arabia,Middle East,2021,Q3,1619807,151,80.03,116.2,53,35.6,220,4.5,9887.0,Reported,Upscale,4,SAR,21.5433,39.1728
TXN12530,3299,CHN03,Kota Kinabalu,Malaysia,Asia Pacific,2022,Q1,2261952,176,89.76,107.26,51,40.8,280,4.4,4507.0,Reported,Upper-Upscale,4,MYR,5.9788,116.0753
TXN12531,3300,CHN02,Utrecht,Netherlands,Europe,2025,Q1,2013480,94,63.92,85.53,68,12.3,350,4.1,4391.0,Estimated,Midscale,3,EUR,52.0907,5.1214
TXN12532,3301,CHN08,Meknes,Morocco,Africa,2020,Q1,2722230,298,86.42,118.62,29,20.1,350,4.7,3065.0,Reported,Luxury,5,MAD,0.0,0.0
TXN12533,3302,CHN11,New Orleans,USA,Americas,2020,Q3,819812,67,25.46,36.85,38,18.2,350,4.2,4397.0,Reported,Midscale,3,USD,29.9511,-90.0715
TXN12534,3303,CHN09,Kyoto,Japan,Asia Pacific,2019,Q4,2132486,439,289.74,339.44,66,19.8,80,4.7,2411.0,Reported,Luxury,5,JPY,35.0116,135.7681
TXN12535,3304,CHN10,Liverpool,UK,Europe,2025,Q4,2602349,498,353.58,423.74,71,39.9,80,4.7,7450.0,Estimated,Luxury,5,GBP,53.4084,-2.9916
TXN12536,3305,CHN08,Goa,India,Asia Pacific,2020,Q3,1667960,140,51.8,64.41,37,38.5,350,4.4,7797.0,Reported,Upscale,4,INR,15.2993,74.124
TXN12537,1530,CHN07,Mumbai,India,Asia Pacific,2020,Q2,1535352,114,42.18,54.25,37,41.0,400,4.5,7905.0,Reported,Upscale,4,INR,19.076,72.8777
TXN12538,3306,CHN11,Surabaya,Indonesia,Asia Pacific,2021,Q3,499450,87,45.24,64.17,52,14.1,120,4.3,3138.0,Reported,Midscale,3,IDR,-7.2575,112.7521
TXN12539,3307,CHN12,JBR,UAE,Middle East,2025,Q2,846082,149,116.22,149.73,78,14.6,80,4.3,1814.0,Estimated,Midscale,3,AED,25.0777,55.1308
TXN12540,3308,CHN08,Chinatown,Singapore,Asia Pacific,2023,Q2,2900898,230,177.1,230.74,77,37.5,180,4.5,12758.0,Reported,Upscale,4,SGD,1.2826,103.8446
TXN12541,1176,CHN08,Zakynthos,Greece,Europe,2025,Q2,2372370,220,173.8,256.84,79,27.1,150,4.7,11220.0,Estimated,Upscale,4,EUR,37.7902,20.9051
TXN12542,3309,CHN08,Tangier,Morocco,Africa,2025,Q2,8159970,427,320.25,416.79,75,40.7,280,4.9,10874.0,Estimated,Luxury,5,MAD,35.7595,-5.833
TXN12543,3310,CHN01,Leipzig,Germany,Europe,2022,Q2,801965,108,73.44,106.65,68,8.6,120,4.1,842.0,Reported,Upscale,3,EUR,51.3397,12.3731
TXN12544,3311,CHN08,Sao Paulo,Brazil,Americas,2020,Q2,730002,382,133.7,175.59,35,19.7,60,4.7,6657.0,Reported,Luxury,5,BRL,-23.5505,-46.6333
TXN12545,3312,CHN02,Perth,Australia,Asia Pacific,2019,Q4,1170792,101,70.7,86.01,70,14.2,180,4.3,4584.0,Reported,Midscale,3,AUD,-31.9505,115.8605
TXN12546,3049,CHN09,Langkawi,Malaysia,Asia Pacific,2019,Q2,1567020,140,114.8,142.53,82,36.4,150,4.5,4667.0,Reported,Upscale,4,MYR,6.35,99.8
TXN12547,3313,CHN03,Bali,Indonesia,Asia Pacific,2021,Q2,4307394,345,169.05,239.76,49,19.3,280,4.7,4918.0,Reported,Luxury,5,IDR,-8.3405,115.092
TXN12548,3314,CHN11,Corfu,Greece,Europe,2025,Q4,1765986,191,127.97,151.96,67,25.7,150,4.5,13702.0,Estimated,Upscale,4,EUR,39.6243,19.9217
TXN12549,3315,CHN12,Las Vegas,USA,Americas,2022,Q3,6198500,275,192.5,278.78,70,42.2,350,4.6,14482.0,Reported,Upscale,4,USD,36.1699,-115.1398
TXN12550,3316,CHN09,Palermo,Italy,Europe,2024,Q1,3013524,393,279.03,338.89,71,22.6,120,5.0,4605.0,Reported,Luxury,5,EUR,38.1157,13.3615
TXN12551,1942,CHN08,JBR,UAE,Middle East,2023,Q2,5691722,511,347.48,490.22,68,43.2,180,5.0,1577.0,Reported,Luxury,5,AED,25.0777,55.1308
TXN12552,3317,CHN05,Nagoya,Japan,Asia Pacific,2025,Q2,5327104,707,487.83,599.24,69,36.7,120,4.7,2805.0,Estimated,Luxury,5,JPY,35.1815,136.9066
TXN12553,3318,CHN03,Sapa,Vietnam,Asia Pacific,2025,Q4,1605630,179,116.35,171.26,65,20.9,150,4.4,3193.0,Estimated,Upper-Upscale,4,VND,0.0,0.0
TXN12554,3319,CHN09,Manchester,UK,Europe,2025,Q1,8900280,369,247.23,315.82,67,40.1,400,4.8,7524.0,Estimated,Luxury,5,GBP,53.4808,-2.2426
TXN12555,3320,CHN12,Mecca,Saudi Arabia,Middle East,2025,Q4,10931440,457,297.05,388.77,65,31.9,400,4.6,3516.0,Estimated,Upscale,4,SAR,21.3891,39.8579
TXN12556,1879,CHN04,Pamukkale,Turkey,Europe/Middle East,2022,Q3,525504,140,95.2,117.93,68,42.2,60,4.5,3110.0,Reported,Upscale,4,TRY,37.9214,29.1189
TXN12557,3321,CHN02,Goa,India,Asia Pacific,2021,Q2,505050,74,37.0,48.59,50,26.4,150,4.1,4899.0,Reported,Midscale,3,INR,15.2993,74.124
TXN12558,3322,CHN07,Medan,Indonesia,Asia Pacific,2020,Q1,133920,40,12.4,14.64,31,14.0,120,3.8,3170.0,Reported,Economy,2,IDR,0.0,0.0
TXN12559,3323,CHN07,Little India,Singapore,Asia Pacific,2025,Q2,997578,193,137.03,187.55,71,32.4,80,4.7,8591.0,Estimated,Upscale,4,SGD,1.3066,103.8518
TXN12560,3324,CHN09,Maastricht,Netherlands,Europe,2021,Q2,920920,253,126.5,161.8,50,26.6,80,5.0,8163.0,Reported,Luxury,5,EUR,50.8514,5.691
TXN12561,3325,CHN11,Leipzig,Germany,Europe,2022,Q4,596160,80,43.2,53.54,54,22.3,150,4.3,4430.0,Reported,Midscale,3,EUR,51.3397,12.3731
TXN12562,3326,CHN08,Cascais,Portugal,Europe,2021,Q4,1369236,165,67.65,94.63,41,18.3,220,4.5,10697.0,Reported,Upscale,4,EUR,0.0,0.0
TXN12563,3327,CHN07,Kuching,Malaysia,Asia Pacific,2021,Q2,993720,65,31.2,43.12,48,13.7,350,4.2,2749.0,Reported,Midscale,3,MYR,1.5497,110.3626
TXN12564,3328,CHN03,Ouarzazate,Morocco,Africa,2021,Q1,989658,149,61.09,80.76,41,18.8,180,4.5,10452.0,Reported,Upscale,4,MAD,0.0,0.0
TXN12565,3329,CHN11,Coimbra,Portugal,Europe,2020,Q2,1214741,206,74.16,107.17,36,21.6,180,4.7,,Reported,Upper-Upscale,5,EUR,0.0,0.0
TXN12566,3330,CHN10,Pattaya,Thailand,Asia Pacific,2020,Q4,294492,97,32.01,46.05,33,30.6,100,,8634.0,Reported,Upscale,4,THB,12.9236,100.8825
TXN12567,3331,CHN02,Tulum,Mexico,Americas,2020,Q3,187386,67,25.46,36.47,38,23.1,80,4.4,1120.0,Reported,Midscale,3,MXN,20.2114,-87.4654
TXN12568,3332,CHN04,Manchester,UK,Europe,2019,Q1,2205000,100,70.0,89.16,70,21.6,350,4.2,1294.0,Reported,Midscale,3,GBP,53.4808,-2.2426
TXN12569,3333,CHN12,Jakarta,Indonesia,Asia Pacific,2020,Q1,2408400,223,66.9,94.59,30,35.0,400,4.7,6164.0,Reported,Upscale,4,IDR,-6.2088,106.8456
TXN12570,2398,CHN05,Sentosa,Singapore,Asia Pacific,2019,Q4,2142054,428,291.04,362.52,68,24.4,80,4.9,7130.0,Reported,Luxury,5,SGD,1.2494,103.8303
TXN12571,3334,CHN11,Lyon,France,Europe,2025,Q1,2149632,311,199.04,287.51,64,24.6,120,4.9,14262.0,Estimated,Upper-Upscale,5,EUR,45.764,4.8357
TXN12572,3335,CHN04,Casablanca,Morocco,Africa,2024,Q4,9945126,664,491.36,677.04,74,39.6,220,5.0,13666.0,Reported,Luxury,5,MAD,33.5731,-7.5898
TXN12573,3336,CHN10,Jakarta,Indonesia,Asia Pacific,2025,Q1,974970,157,108.33,133.63,69,25.1,100,4.6,11057.0,Estimated,Upscale,4,IDR,-6.2088,106.8456
TXN12574,3337,CHN09,Lisbon,Portugal,Europe,2025,Q4,6409603,377,248.82,293.52,66,41.5,280,4.7,14410.0,Estimated,Luxury,5,EUR,38.7223,-9.1393
TXN12575,3338,CHN05,Deira,UAE,Middle East,2019,Q1,1683126,439,311.69,399.01,71,32.3,60,4.6,2384.0,Reported,Luxury,5,AED,25.2697,55.3095
TXN12576,3339,CHN05,Pattaya,Thailand,Asia Pacific,2019,Q4,4979776,199,135.32,159.25,68,25.0,400,4.4,12978.0,Reported,Upscale,4,THB,12.9236,100.8825
TXN12577,3340,CHN09,New Orleans,USA,Americas,2021,Q3,748843,133,67.83,77.28,51,30.6,120,4.6,5079.0,Reported,Upper-Upscale,4,USD,29.9511,-90.0715
TXN12578,3341,CHN07,Chennai,India,Asia Pacific,2022,Q1,1693890,145,85.55,100.01,59,43.2,220,4.4,13968.0,Reported,Upscale,4,INR,13.0827,80.2707
TXN12579,3342,CHN01,Athens,Greece,Europe,2024,Q1,16041564,1286,810.18,912.08,63,36.2,220,4.9,4003.0,Reported,Luxury,5,EUR,37.9838,23.7275
TXN12580,1563,CHN08,Las Vegas,USA,Americas,2025,Q3,7072500,625,512.5,676.63,82,21.5,150,4.9,2231.0,Estimated,Luxury,5,USD,36.1699,-115.1398
TXN12581,3343,CHN07,Rome,Italy,Europe,2020,Q2,454545,90,33.3,44.86,37,12.0,150,4.2,3807.0,Reported,Midscale,3,EUR,41.9028,12.4964
TXN12582,3344,CHN01,Jaipur,India,Asia Pacific,2020,Q2,845208,172,61.92,71.99,36,27.6,150,4.6,8106.0,Reported,Upper-Upscale,4,INR,26.9124,75.7873
TXN12583,3345,CHN12,Bath,UK,Europe,2021,Q1,6339816,599,251.58,293.45,42,21.4,280,4.8,9579.0,Reported,Luxury,5,GBP,51.3811,-2.359
TXN12584,2003,CHN08,Fujairah,UAE,Middle East,2023,Q1,2680560,438,297.84,434.63,68,34.1,100,4.8,7974.0,Reported,Luxury,5,AED,25.1288,56.3264
TXN12585,2297,CHN11,Marseille,France,Europe,2024,Q3,1957760,95,76.0,109.52,80,25.9,280,4.2,4805.0,Reported,Midscale,3,EUR,43.2965,5.3698
TXN12586,3346,CHN06,Udaipur,India,Asia Pacific,2025,Q2,1231048,178,135.28,152.95,76,32.8,100,4.5,4399.0,Estimated,Upscale,4,INR,24.5854,73.7125
TXN12587,3347,CHN03,Las Vegas,USA,Americas,2021,Q2,2402764,205,94.3,128.47,46,40.1,280,,4140.0,Reported,Upscale,4,USD,36.1699,-115.1398
TXN12588,3348,CHN11,Ouarzazate,Morocco,Africa,2025,Q4,940608,96,68.16,100.17,71,27.6,150,4.3,1423.0,Estimated,Midscale,3,MAD,0.0,0.0
TXN12589,3349,CHN04,Ankara,Turkey,Europe/Middle East,2024,Q2,2404256,179,146.78,187.98,82,21.6,180,4.3,14119.0,Reported,Upscale,4,TRY,39.9334,32.8597
TXN12590,3350,CHN04,Manaus,Brazil,Americas,2023,Q1,6741720,307,187.27,234.2,61,29.0,400,4.7,9746.0,Reported,Upscale,4,BRL,-3.119,-60.0217
TXN12591,2167,CHN09,Bangalore,India,Asia Pacific,2019,Q1,2080800,340,231.2,336.66,68,18.1,100,4.6,9495.0,Reported,Luxury,5,INR,12.9716,77.5946
TXN12592,3351,CHN05,Surabaya,Indonesia,Asia Pacific,2021,Q3,6044676,543,298.65,376.51,55,27.5,220,5.0,12883.0,Reported,Luxury,5,IDR,-7.2575,112.7521
TXN12593,3352,CHN08,Hua Hin,Thailand,Asia Pacific,2019,Q2,1182782,211,162.47,195.93,77,22.6,80,4.5,2657.0,Reported,Upscale,4,THB,12.5684,99.9578
TXN12594,3353,CHN11,Sokcho,South Korea,Asia Pacific,2022,Q2,3736824,174,102.66,134.2,59,25.9,400,4.5,6911.0,Reported,Upscale,4,KRW,38.207,128.5918
TXN12595,3354,CHN12,Frankfurt,Germany,Europe,2019,Q3,9294208,440,360.8,405.65,82,23.6,280,,6072.0,Reported,Upscale,4,EUR,50.1109,8.6821
TXN12596,3355,CHN05,Birmingham,UK,Europe,2020,Q4,984069,143,48.62,60.68,34,25.1,220,4.7,2086.0,Reported,Upscale,4,GBP,52.4862,-1.8904
TXN12597,3356,CHN01,Haarlem,Netherlands,Europe,2022,Q3,1296464,271,176.15,243.14,65,21.8,80,4.7,13944.0,Reported,Upper-Upscale,5,EUR,0.0,0.0
TXN12598,3357,CHN01,Sao Paulo,Brazil,Americas,2019,Q2,3909906,465,358.05,526.62,77,22.5,120,4.6,13935.0,Reported,Luxury,5,BRL,-23.5505,-46.6333
TXN12599,2480,CHN09,NEOM,Saudi Arabia,Middle East,2022,Q1,810810,273,150.15,203.75,55,40.7,60,4.9,3921.0,Reported,Luxury,5,SAR,0.0,0.0
TXN12600,3358,CHN01,Porto,Portugal,Europe,2023,Q1,1593108,149,98.34,128.05,66,18.2,180,4.4,10855.0,Reported,Upscale,4,EUR,41.1579,-8.6291
TXN12601,3359,CHN01,Stuttgart,Germany,Europe,2020,Q3,1359245,228,82.08,118.51,36,33.0,180,4.7,7178.0,Reported,Upper-Upscale,5,EUR,48.7758,9.1829
TXN12602,3360,CHN06,Recife,Brazil,Americas,2022,Q3,2302502,158,113.76,153.45,72,35.7,220,4.6,2749.0,Reported,Upscale,4,BRL,-8.0476,-34.877
TXN12603,3361,CHN08,Playa del Carmen,Mexico,Americas,2024,Q1,2317896,441,321.93,439.07,73,42.4,80,4.9,13394.0,Reported,Luxury,5,MXN,20.6296,-87.0739
TXN12604,3362,CHN08,Toledo,Spain,Europe,2019,Q3,1937520,450,351.0,442.96,78,41.0,60,5.0,7063.0,Reported,Luxury,5,EUR,39.8628,-4.0273
TXN12605,3363,CHN02,Dresden,Germany,Europe,2025,Q2,1942086,103,76.22,99.32,74,24.2,280,4.2,2407.0,Estimated,Midscale,3,EUR,51.0509,13.7383
TXN12606,3364,CHN12,Stuttgart,Germany,Europe,2024,Q2,4437342,387,325.08,429.92,84,33.6,150,4.5,6203.0,Reported,Upscale,4,EUR,48.7758,9.1829
TXN12607,1016,CHN09,Kuching,Malaysia,Asia Pacific,2019,Q2,1539065,348,281.88,363.71,81,33.4,60,4.6,3613.0,Reported,Luxury,5,MYR,1.5497,110.3626
TXN12608,2855,CHN11,Santorini,Greece,Europe,2024,Q2,4060493,192,159.36,216.45,83,8.1,280,4.1,3057.0,Reported,Midscale,3,EUR,36.3932,25.4615
TXN12609,3365,CHN12,Dresden,Germany,Europe,2021,Q1,1445850,238,107.1,135.39,45,36.2,150,4.6,6568.0,Reported,Upscale,4,EUR,51.0509,13.7383
TXN12610,3366,CHN09,Ipoh,Malaysia,Asia Pacific,2024,Q3,988448,170,134.3,194.11,79,39.1,80,4.4,6740.0,Reported,Upscale,4,MYR,4.5975,101.0901
TXN12611,3367,CHN02,Johor Bahru,Malaysia,Asia Pacific,2022,Q2,804913,78,49.14,72.51,63,14.9,180,4.4,3530.0,Reported,Midscale,3,MYR,1.4927,103.7414
TXN12612,3368,CHN12,Bologna,Italy,Europe,2023,Q1,18415800,787,511.55,693.43,65,29.0,400,5.0,10194.0,Reported,Luxury,5,EUR,44.4949,11.3426
TXN12613,3369,CHN05,Haarlem,Netherlands,Europe,2020,Q2,787987,328,108.24,159.18,33,22.7,80,4.9,8088.0,Reported,Luxury,5,EUR,0.0,0.0
TXN12614,3370,CHN01,Ho Chi Minh City,Vietnam,Asia Pacific,2021,Q1,375390,97,41.71,50.29,43,23.6,100,4.6,6375.0,Reported,Upscale,4,VND,10.8231,106.6297
TXN12615,3371,CHN05,Meteora,Greece,Europe,2024,Q1,1283040,132,95.04,114.56,72,17.0,150,4.2,4297.0,Reported,Midscale,3,EUR,0.0,0.0
TXN12616,3372,CHN10,Hangzhou,China,Asia Pacific,2024,Q1,3449952,484,319.44,441.32,66,23.7,120,4.7,8022.0,Reported,Luxury,5,CNY,30.2741,120.1551
TXN12617,3373,CHN06,Sukhothai,Thailand,Asia Pacific,2025,Q2,917280,120,84.0,96.09,70,22.5,120,4.2,3658.0,Estimated,Midscale,3,THB,0.0,0.0
TXN12618,3374,CHN10,Gyeongju,South Korea,Asia Pacific,2019,Q2,11272352,560,442.4,626.42,79,28.7,280,4.7,14305.0,Reported,Luxury,5,KRW,35.8562,129.2247
TXN12619,3375,CHN04,Fujairah,UAE,Middle East,2022,Q1,776628,94,47.94,67.36,51,10.4,180,4.1,729.0,Reported,Midscale,3,AED,25.1288,56.3264
TXN12620,3376,CHN06,Barcelona,Spain,Europe,2021,Q4,245750,53,22.26,28.97,42,13.5,120,4.0,1421.0,Reported,Economy,2,EUR,41.3851,2.1734
TXN12621,3377,CHN07,Tulum,Mexico,Americas,2025,Q3,2490670,91,77.35,90.4,85,17.1,350,4.1,2641.0,Estimated,Midscale,3,MXN,20.2114,-87.4654
TXN12622,3378,CHN01,Rabat,Morocco,Africa,2025,Q1,3380130,321,208.65,282.93,65,26.7,180,4.7,10187.0,Estimated,Upper-Upscale,5,MAD,33.9716,-6.8498
TXN12623,1270,CHN05,Groningen,Netherlands,Europe,2023,Q1,2630880,116,73.08,85.86,63,17.6,400,4.3,4557.0,Reported,Midscale,3,EUR,0.0,0.0
TXN12624,3379,CHN06,Krabi,Thailand,Asia Pacific,2024,Q1,447984,61,41.48,53.67,68,12.7,120,4.0,4515.0,Reported,Economy,2,THB,8.0863,98.9063
TXN12625,3380,CHN11,Dusseldorf,Germany,Europe,2025,Q4,1923444,202,139.38,199.77,69,27.5,150,4.6,13803.0,Estimated,Upscale,4,EUR,51.2217,6.7762
TXN12626,3381,CHN05,Jeonju,South Korea,Asia Pacific,2019,Q4,5141990,656,465.76,686.18,71,25.2,120,4.7,8726.0,Reported,Luxury,5,KRW,35.8242,127.148
TXN12627,3382,CHN08,Eindhoven,Netherlands,Europe,2019,Q4,3403669,181,132.13,182.11,73,26.6,280,4.5,12993.0,Reported,Upscale,4,EUR,51.4416,5.4697
TXN12628,3383,CHN02,Suwon,South Korea,Asia Pacific,2022,Q4,3197718,259,157.99,209.69,61,41.0,220,4.4,1531.0,Reported,Upper-Upscale,4,KRW,37.2636,127.0286
TXN12629,3384,CHN11,Verona,Italy,Europe,2022,Q2,693966,82,50.84,73.67,62,8.9,150,4.2,4822.0,Reported,Midscale,3,EUR,45.4384,10.9916
TXN12630,2292,CHN02,Bath,UK,Europe,2022,Q1,1774800,85,49.3,58.88,58,17.7,400,4.2,1357.0,Reported,Midscale,3,GBP,51.3811,-2.359
TXN12631,3385,CHN04,Oaxaca,Mexico,Americas,2019,Q1,7928712,1034,734.14,888.88,71,31.0,120,4.8,8032.0,Reported,Luxury,5,MXN,17.0732,-96.7266
TXN12632,3386,CHN05,Abha,Saudi Arabia,Middle East,2020,Q1,2302542,401,116.29,146.99,29,22.6,220,4.9,11136.0,Reported,Luxury,5,SAR,18.2164,42.5053
TXN12633,3387,CHN02,Andong,South Korea,Asia Pacific,2025,Q4,3140402,167,121.91,137.27,73,19.1,280,4.5,4964.0,Estimated,Upscale,4,KRW,36.5684,128.7294
TXN12634,1840,CHN08,Chinatown,Singapore,Asia Pacific,2024,Q1,10934595,551,347.13,460.77,63,28.4,350,4.9,14590.0,Reported,Luxury,5,SGD,1.2826,103.8446
TXN12635,3388,CHN07,Crete,Greece,Europe,2023,Q1,774144,168,107.52,157.92,64,31.0,80,4.4,6779.0,Reported,Upscale,4,EUR,35.2401,24.8093
TXN12636,3389,CHN03,Crete,Greece,Europe,2024,Q4,3365544,455,304.85,443.79,67,27.4,120,4.7,13737.0,Reported,Luxury,5,EUR,35.2401,24.8093
TXN12637,2054,CHN09,Daegu,South Korea,Asia Pacific,2025,Q2,4426240,152,121.6,171.07,80,39.3,400,4.4,10014.0,Estimated,Upscale,4,KRW,35.8714,128.6014
TXN12638,1694,CHN12,Belem,Brazil,Americas,2022,Q1,4920750,675,364.5,529.37,54,34.2,150,4.9,10681.0,Reported,Luxury,5,BRL,-1.4558,-48.5044
TXN12639,3390,CHN02,Kota Kinabalu,Malaysia,Asia Pacific,2019,Q3,623098,136,112.88,141.45,83,28.3,60,4.4,6365.0,Reported,Upscale,4,MYR,5.9788,116.0753
TXN12640,3391,CHN05,Labuan Bajo,Indonesia,Asia Pacific,2020,Q1,3553200,329,98.7,144.43,30,31.3,400,4.7,1189.0,Reported,Luxury,5,IDR,0.0,0.0
TXN12641,1456,CHN07,Fukuoka,Japan,Asia Pacific,2021,Q4,243294,43,17.63,24.63,41,15.4,150,3.9,1432.0,Reported,Economy,2,JPY,33.5904,130.4017
TXN12642,3392,CHN08,Rhodes,Greece,Europe,2021,Q4,817622,161,74.06,83.26,46,30.5,120,4.6,2906.0,Reported,Upscale,4,EUR,36.4349,28.2176
TXN12643,3393,CHN08,Suzhou,China,Asia Pacific,2019,Q4,1849200,200,134.0,183.82,67,22.2,150,4.7,3330.0,Reported,Upscale,4,CNY,31.2983,120.5832
TXN12644,3394,CHN12,Puerto Vallarta,Mexico,Americas,2025,Q4,12805848,855,632.7,771.43,74,23.8,220,4.9,6465.0,Estimated,Luxury,5,MXN,20.6534,-105.2253
TXN12645,1380,CHN08,Ho Chi Minh City,Vietnam,Asia Pacific,2020,Q3,1366200,275,99.0,125.0,36,32.7,150,4.9,1990.0,Reported,Luxury,5,VND,10.8231,106.6297
TXN12646,2678,CHN04,Nagoya,Japan,Asia Pacific,2022,Q2,1294894,98,64.68,85.32,66,14.6,220,4.3,3806.0,Reported,Midscale,3,JPY,35.1815,136.9066
TXN12647,2712,CHN08,Kuala Lumpur,Malaysia,Asia Pacific,2025,Q4,1831536,237,165.9,232.89,70,22.4,120,4.4,5133.0,Estimated,Upscale,4,MYR,3.139,101.6869
TXN12648,2302,CHN02,Milan,Italy,Europe,2020,Q4,590364,345,106.95,156.69,31,26.7,60,4.8,9126.0,Reported,Upper-Upscale,5,EUR,45.4654,9.1859
TXN12649,3395,CHN02,Marmaris,Turkey,Europe/Middle East,2021,Q2,4807694,599,293.51,399.43,49,23.6,180,4.9,1983.0,Reported,Luxury,5,TRY,36.8551,28.2553
TXN12650,3396,CHN09,Kusadasi,Turkey,Europe/Middle East,2020,Q1,2440800,226,67.8,99.13,30,28.3,400,4.9,2039.0,Reported,Luxury,5,TRY,0.0,0.0
TXN12651,3397,CHN03,Seville,Spain,Europe,2022,Q1,991872,164,91.84,107.31,56,25.6,120,4.7,1606.0,Reported,Upper-Upscale,4,EUR,37.3891,-5.9845
TXN12652,3398,CHN01,Cascais,Portugal,Europe,2021,Q1,796320,79,31.6,46.7,40,12.2,280,4.3,2368.0,Reported,Upscale,3,EUR,0.0,0.0
TXN12653,3399,CHN10,Versailles,France,Europe,2025,Q1,9217152,889,568.96,708.58,64,27.2,180,4.6,8822.0,Estimated,Luxury,5,EUR,48.8014,2.1301
TXN12654,3400,CHN03,Chennai,India,Asia Pacific,2024,Q4,12931520,502,351.4,434.44,70,19.8,400,4.9,8026.0,Reported,Luxury,5,INR,13.0827,80.2707
TXN12655,3401,CHN10,Nha Trang,Vietnam,Asia Pacific,2025,Q4,3647616,177,113.28,134.76,64,37.0,350,4.7,12762.0,Estimated,Upscale,4,VND,12.2388,109.1967
TXN12656,3402,CHN10,Brisbane,Australia,Asia Pacific,2025,Q3,19515776,947,757.6,907.64,80,36.0,280,4.8,11884.0,Estimated,Luxury,5,AUD,-27.4698,153.0251
TXN12657,3403,CHN07,Venice,Italy,Europe,2019,Q4,1835492,281,199.51,252.93,71,31.7,100,4.6,1867.0,Reported,Upscale,4,EUR,45.4408,12.3155
TXN12658,3404,CHN01,Evora,Portugal,Europe,2020,Q3,570326,189,77.49,109.99,41,43.6,80,4.6,13206.0,Reported,Upper-Upscale,5,EUR,0.0,0.0
TXN12659,2534,CHN04,Frankfurt,Germany,Europe,2019,Q3,3596556,471,390.93,564.27,83,43.5,100,4.8,12515.0,Reported,Upper-Upscale,5,EUR,50.1109,8.6821
TXN12660,3405,CHN05,Busan,South Korea,Asia Pacific,2019,Q3,14565734,744,565.44,634.03,76,40.2,280,4.9,14100.0,Reported,Luxury,5,KRW,35.1796,129.0756
TXN12661,1887,CHN09,Langkawi,Malaysia,Asia Pacific,2024,Q4,986240,200,134.0,187.89,67,39.8,80,4.4,1124.0,Reported,Upper-Upscale,4,MYR,6.35,99.8
TXN12662,3406,CHN12,Playa del Carmen,Mexico,Americas,2020,Q1,833976,234,77.22,87.95,33,35.5,120,4.5,3840.0,Reported,Upscale,4,MXN,20.6296,-87.0739
TXN12663,3121,CHN05,Cancun,Mexico,Americas,2019,Q3,1095444,245,198.45,241.19,81,24.4,60,4.7,10810.0,Reported,Upscale,4,MXN,21.1619,-86.8515
TXN12664,3407,CHN09,Langkawi,Malaysia,Asia Pacific,2023,Q1,1352736,308,187.88,230.73,61,27.6,80,4.6,6564.0,Reported,Luxury,5,MYR,6.35,99.8
TXN12665,3408,CHN10,Corfu,Greece,Europe,2020,Q1,7116120,599,197.67,264.13,33,34.5,400,4.8,5027.0,Reported,Luxury,5,EUR,39.6243,19.9217
TXN12666,3409,CHN04,Phu Quoc,Vietnam,Asia Pacific,2022,Q1,286416,102,53.04,71.92,52,10.5,60,4.1,4708.0,Reported,Midscale,3,VND,10.2899,103.984
TXN12667,3354,CHN12,Frankfurt,Germany,Europe,2019,Q2,2075674,396,285.12,322.79,72,39.3,80,4.4,7624.0,Reported,Upscale,4,EUR,50.1109,8.6821
TXN12668,3410,CHN09,Da Lat,Vietnam,Asia Pacific,2019,Q1,3285765,171,104.31,118.68,61,28.6,350,4.6,5054.0,Reported,Upper-Upscale,4,VND,0.0,0.0
TXN12669,3411,CHN05,Lisbon,Portugal,Europe,2020,Q3,485070,95,35.15,47.85,37,21.4,150,4.3,1188.0,Reported,Midscale,3,EUR,38.7223,-9.1393
TXN12670,3412,CHN02,Chiang Mai,Thailand,Asia Pacific,2023,Q1,2200392,668,407.48,541.56,61,28.2,60,4.9,12442.0,Reported,Luxury,5,THB,18.7883,98.9853
TXN12671,3413,CHN12,Rio de Janeiro,Brazil,Americas,2022,Q3,5525520,325,214.5,291.18,66,43.4,280,4.6,5510.0,Reported,Upscale,4,BRL,-22.9068,-43.1729
TXN12672,3414,CHN01,Cancun,Mexico,Americas,2023,Q1,3195180,388,236.68,326.63,61,21.0,150,4.9,10087.0,Reported,Upper-Upscale,5,MXN,21.1619,-86.8515
TXN12673,3415,CHN10,Florianopolis,Brazil,Americas,2020,Q1,4116420,630,207.9,299.09,33,29.7,220,4.9,12226.0,Reported,Luxury,5,BRL,-27.5954,-48.548
TXN12674,3416,CHN11,Dubai,UAE,Middle East,2020,Q4,225216,102,30.6,43.23,30,24.5,80,4.2,4061.0,Reported,Midscale,3,AED,25.2048,55.2708
TXN12675,2018,CHN11,Washington DC,USA,Americas,2022,Q3,425261,107,77.04,112.12,72,24.7,60,4.4,1392.0,Reported,Midscale,3,USD,38.9072,-77.0369
TXN12676,3417,CHN05,New Orleans,USA,Americas,2022,Q1,6601392,444,261.96,299.57,59,19.9,280,4.9,7809.0,Reported,Luxury,5,USD,29.9511,-90.0715
TXN12677,3418,CHN01,Seoul,South Korea,Asia Pacific,2020,Q3,1992499,752,270.72,336.65,36,29.8,80,4.7,9658.0,Reported,Luxury,5,KRW,37.5665,126.978
TXN12678,3419,CHN06,Haarlem,Netherlands,Europe,2025,Q1,609444,57,37.62,52.31,66,19.0,180,4.0,992.0,Estimated,Economy,2,EUR,0.0,0.0
TXN12679,3151,CHN09,Suwon,South Korea,Asia Pacific,2024,Q1,1676025,191,124.15,148.8,65,31.2,150,4.6,12694.0,Reported,Upper-Upscale,4,KRW,37.2636,127.0286
TXN12680,3420,CHN08,Guadalajara,Mexico,Americas,2020,Q3,3813768,282,118.44,158.0,42,29.1,350,5.0,13109.0,Reported,Luxury,5,MXN,20.6597,-103.3496
TXN12681,3421,CHN09,Incheon,South Korea,Asia Pacific,2025,Q2,2481079,153,123.93,177.43,81,31.9,220,4.6,4431.0,Estimated,Upscale,4,KRW,37.4563,126.7052
TXN12682,3422,CHN08,Guadalajara,Mexico,Americas,2020,Q4,637560,132,46.2,65.57,35,21.6,150,4.6,9745.0,Reported,Upscale,4,MXN,20.6597,-103.3496
TXN12683,3423,CHN04,Salvador,Brazil,Americas,2021,Q4,1486260,359,161.55,188.1,45,34.7,100,5.0,1903.0,Reported,Luxury,5,BRL,-12.9714,-38.5014
TXN12684,3424,CHN02,Cambridge,UK,Europe,2021,Q4,1214584,287,132.02,187.54,46,38.5,100,4.6,4615.0,Reported,Upper-Upscale,5,GBP,52.2053,0.1218
TXN12685,3425,CHN05,Hangzhou,China,Asia Pacific,2022,Q3,9158784,366,248.88,342.67,68,29.8,400,4.8,3959.0,Reported,Luxury,5,CNY,30.2741,120.1551
TXN12686,3238,CHN09,Washington DC,USA,Americas,2025,Q3,4934972,194,153.26,208.32,79,26.0,350,4.4,11072.0,Estimated,Upscale,4,USD,38.9072,-77.0369
TXN12687,1453,CHN08,Washington DC,USA,Americas,2021,Q4,1098922,474,199.08,236.02,42,37.9,60,5.0,6769.0,Reported,Luxury,5,USD,38.9072,-77.0369
TXN12688,3426,CHN05,Nice,France,Europe,2025,Q3,2503486,589,453.53,581.1,77,33.9,60,4.8,13568.0,Estimated,Luxury,5,EUR,43.7102,7.262
TXN12689,3427,CHN08,Abu Dhabi,UAE,Middle East,2019,Q4,5664256,208,153.92,223.12,74,22.8,400,4.4,4247.0,Reported,Upscale,4,AED,24.4539,54.3773
TXN12690,3428,CHN03,Munich,Germany,Europe,2024,Q3,13382688,1653,1454.64,1818.33,88,19.6,100,4.6,1864.0,Reported,Luxury,5,EUR,48.1351,11.582
TXN12691,2274,CHN03,Kyoto,Japan,Asia Pacific,2023,Q3,5492032,260,213.2,263.89,82,32.3,280,4.4,5683.0,Reported,Upper-Upscale,4,JPY,35.0116,135.7681
TXN12692,3429,CHN04,Lille,France,Europe,2021,Q4,1292876,299,140.53,193.52,47,36.2,100,4.8,8409.0,Reported,Upper-Upscale,5,EUR,50.6292,3.0573
TXN12693,3430,CHN06,Shanghai,China,Asia Pacific,2019,Q1,528228,73,48.91,67.25,67,22.7,120,3.8,1807.0,Reported,Economy,2,CNY,31.2304,121.4737
TXN12694,3431,CHN04,Fortaleza,Brazil,Americas,2021,Q2,12448800,760,342.0,457.24,45,44.0,400,4.8,10810.0,Reported,Luxury,5,BRL,-3.7319,-38.5267
TXN12695,3432,CHN05,Brisbane,Australia,Asia Pacific,2019,Q1,850500,125,78.75,94.66,63,10.9,120,4.2,3294.0,Reported,Midscale,3,AUD,-27.4698,153.0251
TXN12696,3433,CHN08,Meteora,Greece,Europe,2021,Q2,3244878,283,127.35,169.04,45,36.4,280,4.9,1216.0,Reported,Luxury,5,EUR,0.0,0.0
TXN12697,3434,CHN06,Obidos,Portugal,Europe,2025,Q2,1171170,110,85.8,119.86,78,19.8,150,4.1,671.0,Estimated,Midscale,3,EUR,0.0,0.0
TXN12698,3435,CHN03,Varanasi,India,Asia Pacific,2022,Q4,960480,150,87.0,122.27,58,25.9,120,4.4,10921.0,Reported,Upper-Upscale,4,INR,25.3176,82.9739
TXN12699,3436,CHN12,Marina Bay,Singapore,Asia Pacific,2023,Q3,7900316,1087,858.73,1213.11,79,26.8,100,,4826.0,Reported,Luxury,5,SGD,1.2819,103.8636
TXN12700,3437,CHN04,Oaxaca,Mexico,Americas,2020,Q1,198720,115,36.8,45.61,32,31.8,60,4.5,6714.0,Reported,Upscale,4,MXN,17.0732,-96.7266
TXN12701,3438,CHN10,Sydney,Australia,Asia Pacific,2020,Q2,3650774,398,143.28,168.49,36,35.1,280,4.8,7549.0,Reported,Luxury,5,AUD,-33.8688,151.2093
TXN12702,3439,CHN01,Antalya,Turkey,Europe/Middle East,2020,Q1,1830240,820,254.2,344.81,31,38.7,80,4.7,1185.0,Reported,Luxury,5,TRY,36.8969,30.7133
TXN12703,3440,CHN01,Versailles,France,Europe,2020,Q1,1822500,675,202.5,254.81,30,28.0,100,4.7,5829.0,Reported,Luxury,5,EUR,48.8014,2.1301
TXN12704,3441,CHN04,Agra,India,Asia Pacific,2019,Q1,2609208,167,103.54,135.65,62,22.2,280,4.4,6453.0,Reported,Upscale,4,INR,27.1767,78.0081
TXN12705,3442,CHN11,Lisbon,Portugal,Europe,2025,Q1,2009700,145,101.5,124.6,70,27.6,220,4.3,4117.0,Estimated,Midscale,3,EUR,38.7223,-9.1393
TXN12706,3443,CHN09,Playa del Carmen,Mexico,Americas,2020,Q2,911110,123,45.51,62.82,37,32.1,220,4.4,12672.0,Reported,Upper-Upscale,4,MXN,20.6296,-87.0739
TXN12707,3444,CHN01,Toulouse,France,Europe,2019,Q1,2144448,292,198.56,224.09,68,39.7,120,4.7,8460.0,Reported,Upper-Upscale,5,EUR,43.6047,1.4442
TXN12708,2320,CHN10,Meteora,Greece,Europe,2019,Q3,620890,148,112.48,156.17,76,27.4,60,4.6,5002.0,Reported,Upscale,4,EUR,0.0,0.0
TXN12709,3445,CHN01,Palermo,Italy,Europe,2019,Q1,559440,111,77.7,98.92,70,18.2,80,4.6,4799.0,Reported,Upscale,4,EUR,38.1157,13.3615
TXN12710,3446,CHN11,Evora,Portugal,Europe,2019,Q4,607936,118,82.6,102.67,70,21.9,80,,3395.0,Reported,Midscale,3,EUR,0.0,0.0
TXN12711,3447,CHN05,Madeira,Portugal,Europe,2025,Q4,10848640,800,536.0,728.2,67,33.9,220,4.7,1228.0,Estimated,Luxury,5,EUR,32.6669,-16.9241
TXN12712,3448,CHN10,Florence,Italy,Europe,2020,Q2,440895,95,32.3,47.78,34,25.8,150,4.6,11939.0,Reported,Upscale,4,EUR,43.7696,11.2558
TXN12713,3449,CHN10,Incheon,South Korea,Asia Pacific,2021,Q2,1946490,310,142.6,210.46,46,41.6,150,4.7,5088.0,Reported,Luxury,5,KRW,37.4563,126.7052
TXN12714,3450,CHN08,Hamburg,Germany,Europe,2023,Q1,4305420,201,136.68,156.2,68,27.0,350,4.6,7104.0,Reported,Upscale,4,EUR,53.5511,9.9937
TXN12715,3451,CHN11,Meknes,Morocco,Africa,2019,Q4,300288,80,54.4,72.58,68,9.7,60,4.3,4910.0,Reported,Midscale,3,MAD,0.0,0.0
TXN12716,3452,CHN07,Turin,Italy,Europe,2022,Q4,883890,45,27.45,33.7,61,19.5,350,4.1,2291.0,Reported,Economy,2,EUR,45.0703,7.6869
TXN12717,3453,CHN11,Delphi,Greece,Europe,2025,Q4,4239774,209,131.67,169.2,63,23.6,350,4.7,6081.0,Estimated,Upscale,4,EUR,0.0,0.0
TXN12718,3454,CHN12,Hoi An,Vietnam,Asia Pacific,2020,Q4,328550,96,29.76,39.3,31,27.4,120,4.3,4138.0,Reported,Midscale,3,VND,15.8801,108.338
TXN12719,3455,CHN07,Stuttgart,Germany,Europe,2024,Q2,549203,92,75.44,86.62,82,25.1,80,4.4,2206.0,Reported,Midscale,3,EUR,48.7758,9.1829
TXN12720,3456,CHN02,Perth,Australia,Asia Pacific,2025,Q2,26440960,908,726.4,991.5,80,28.6,400,4.7,13357.0,Estimated,Luxury,5,AUD,-31.9505,115.8605
TXN12721,3432,CHN05,Brisbane,Australia,Asia Pacific,2025,Q4,1735782,128,85.76,105.32,67,8.7,220,4.3,364.0,Estimated,Midscale,3,AUD,-27.4698,153.0251
TXN12722,3457,CHN06,Deira,UAE,Middle East,2024,Q2,640458,69,58.65,81.63,85,12.4,120,4.1,2476.0,Reported,Economy,2,AED,25.2697,55.3095
TXN12723,3458,CHN11,Cancun,Mexico,Americas,2022,Q2,562380,103,61.8,90.39,60,22.9,100,4.4,4747.0,Reported,Midscale,3,MXN,21.1619,-86.8515
TXN12724,3459,CHN06,Florianopolis,Brazil,Americas,2025,Q2,849139,96,77.76,90.08,81,8.5,120,4.3,4000.0,Estimated,Midscale,3,BRL,-27.5954,-48.548
TXN12725,3460,CHN03,Riyadh,Saudi Arabia,Middle East,2022,Q2,1159995,257,159.34,214.06,62,41.9,80,4.7,2404.0,Reported,Upscale,4,SAR,24.6877,46.7219
TXN12726,3461,CHN04,Cappadocia,Turkey,Europe/Middle East,2025,Q1,2113920,367,234.88,268.33,64,20.8,100,4.7,1438.0,Estimated,Upper-Upscale,5,TRY,38.6431,34.8289
TXN12727,3462,CHN08,Chinatown,Singapore,Asia Pacific,2019,Q3,1860461,383,337.04,479.37,88,31.2,60,4.6,1173.0,Reported,Luxury,5,SGD,1.2826,103.8446
TXN12728,3463,CHN07,Krabi,Thailand,Asia Pacific,2023,Q4,326692,53,35.51,51.88,67,18.5,100,3.8,4316.0,Reported,Economy,2,THB,8.0863,98.9063
TXN12729,1822,CHN10,Jeju Island,South Korea,Asia Pacific,2023,Q3,10765748,458,334.34,452.45,73,39.7,350,4.8,8853.0,Reported,Luxury,5,KRW,33.4996,126.5312
TXN12730,3464,CHN04,Bangalore,India,Asia Pacific,2022,Q3,1677418,321,227.91,323.41,71,36.1,80,4.7,10825.0,Reported,Upper-Upscale,5,INR,12.9716,77.5946
TXN12731,3465,CHN05,Guilin,China,Asia Pacific,2020,Q3,3602794,378,139.86,172.15,37,23.6,280,5.0,6349.0,Reported,Luxury,5,CNY,25.2736,110.2907
TXN12732,3466,CHN02,Stuttgart,Germany,Europe,2023,Q3,412675,89,74.76,109.66,84,17.7,60,4.3,4257.0,Reported,Midscale,3,EUR,48.7758,9.1829
TXN12733,3467,CHN04,Meknes,Morocco,Africa,2021,Q3,8618330,505,267.65,356.48,53,34.9,350,4.8,10868.0,Reported,Luxury,5,MAD,0.0,0.0
TXN12734,3468,CHN12,The Hague,Netherlands,Europe,2025,Q2,2728253,347,249.84,346.98,72,43.6,120,4.6,10863.0,Estimated,Upscale,4,EUR,52.0705,4.3007
TXN12735,3469,CHN07,Canberra,Australia,Asia Pacific,2024,Q3,282845,61,51.24,68.76,84,21.9,60,4.0,4123.0,Reported,Economy,2,AUD,-35.2809,149.13
TXN12736,1549,CHN12,Andong,South Korea,Asia Pacific,2023,Q1,923940,145,85.55,112.17,59,20.3,120,4.3,3112.0,Reported,Midscale,3,KRW,36.5684,128.7294
TXN12737,3470,CHN01,Orlando,USA,Americas,2019,Q4,1450656,120,87.6,125.32,73,23.3,180,4.5,3703.0,Reported,Upscale,4,USD,28.5383,-81.3792
TXN12738,2636,CHN09,Fez,Morocco,Africa,2023,Q4,4094129,369,247.23,302.86,67,19.4,180,4.7,,Reported,Luxury,5,MAD,34.0181,-5.0078
TXN12739,3471,CHN02,Mumbai,India,Asia Pacific,2021,Q3,456394,78,41.34,53.64,53,24.8,120,4.3,3071.0,Reported,Midscale,3,INR,19.076,72.8777
TXN12740,3472,CHN03,Frankfurt,Germany,Europe,2025,Q2,2170568,139,108.42,153.43,78,16.0,220,4.4,4254.0,Estimated,Midscale,3,EUR,50.1109,8.6821
TXN12741,3473,CHN10,Playa del Carmen,Mexico,Americas,2021,Q4,1439892,333,156.51,203.54,47,34.6,100,4.7,12822.0,Reported,Luxury,5,MXN,20.6296,-87.0739
TXN12742,3474,CHN09,Delft,Netherlands,Europe,2020,Q1,819720,230,75.9,107.99,33,43.9,120,4.9,4124.0,Reported,Luxury,5,EUR,0.0,0.0
TXN12743,2312,CHN03,Essaouira,Morocco,Africa,2019,Q1,1134900,194,126.1,148.46,65,36.7,100,4.6,3007.0,Reported,Upper-Upscale,4,MAD,31.5125,-9.77
TXN12744,2191,CHN10,Ankara,Turkey,Europe/Middle East,2019,Q1,1170288,172,108.36,127.64,63,30.9,120,4.4,2646.0,Reported,Upscale,4,TRY,39.9334,32.8597
TXN12745,3475,CHN05,JBR,UAE,Middle East,2023,Q2,5191150,417,316.92,468.5,76,21.0,180,4.9,11311.0,Reported,Upper-Upscale,5,AED,25.0777,55.1308
TXN12746,3476,CHN04,Rome,Italy,Europe,2021,Q3,593400,86,43.0,60.17,50,9.9,150,4.1,2608.0,Reported,Economy,2,EUR,41.9028,12.4964
TXN12747,1215,CHN11,Kusadasi,Turkey,Europe/Middle East,2023,Q4,832830,85,60.35,81.2,71,18.2,150,4.4,3228.0,Reported,Midscale,3,TRY,0.0,0.0
TXN12748,2023,CHN08,Los Cabos,Mexico,Americas,2021,Q3,1004640,364,182.0,220.74,50,23.5,60,4.6,1458.0,Reported,Luxury,5,MXN,22.8905,-109.9167
TXN12749,3477,CHN06,Heidelberg,Germany,Europe,2025,Q4,1143100,50,35.5,43.82,71,21.7,350,4.1,2146.0,Estimated,Economy,2,EUR,49.3988,8.6724
TXN12750,3478,CHN07,Gyeongju,South Korea,Asia Pacific,2023,Q2,3627078,195,142.35,202.17,73,31.5,280,4.6,11920.0,Reported,Upscale,4,KRW,35.8562,129.2247
TXN12751,1885,CHN03,Marina Bay,Singapore,Asia Pacific,2024,Q1,49244580,2299,1563.32,1937.24,68,35.6,350,4.7,11419.0,Reported,Luxury,5,SGD,1.2819,103.8636
TXN12752,3479,CHN01,Sydney,Australia,Asia Pacific,2021,Q4,1162954,458,210.68,301.9,46,38.3,60,5.0,1047.0,Reported,Luxury,5,AUD,-33.8688,151.2093
TXN12753,3480,CHN06,Paris,France,Europe,2022,Q4,565690,183,102.48,122.51,56,26.7,60,4.2,3520.0,Reported,Midscale,3,EUR,48.8566,2.3522
TXN12754,3481,CHN06,Abha,Saudi Arabia,Middle East,2022,Q3,1079086,59,41.89,50.98,71,16.7,280,3.9,3574.0,Reported,Economy,2,SAR,18.2164,42.5053
TXN12755,3482,CHN01,Ouarzazate,Morocco,Africa,2023,Q3,685584,115,93.15,112.85,81,10.6,80,4.3,459.0,Reported,Upscale,3,MAD,0.0,0.0
TXN12756,3483,CHN09,Genting,Malaysia,Asia Pacific,2024,Q4,2416656,398,262.68,367.18,66,18.6,100,4.7,9700.0,Reported,Luxury,5,MYR,0.0,0.0
TXN12757,3484,CHN07,Washington DC,USA,Americas,2022,Q2,1246882,221,137.02,180.77,62,28.0,100,4.5,13383.0,Reported,Upscale,4,USD,38.9072,-77.0369
TXN12758,3485,CHN05,Hobart,Australia,Asia Pacific,2025,Q4,1450104,370,262.7,387.07,71,33.3,60,4.9,2620.0,Estimated,Upper-Upscale,5,AUD,-42.8821,147.3272
TXN12759,3486,CHN05,Playa del Carmen,Mexico,Americas,2020,Q3,1438788,401,156.39,219.59,39,37.6,100,4.8,3297.0,Reported,Luxury,5,MXN,20.6296,-87.0739
TXN12760,2288,CHN12,Mecca,Saudi Arabia,Middle East,2024,Q1,4668642,323,235.79,305.11,73,25.2,220,4.6,11821.0,Reported,Upscale,4,SAR,21.3891,39.8579
TXN12761,3487,CHN08,Okinawa,Japan,Asia Pacific,2020,Q2,828828,276,91.08,122.12,33,34.3,100,4.9,11660.0,Reported,Luxury,5,JPY,26.2124,127.6809
TXN12762,3488,CHN02,Bandung,Indonesia,Asia Pacific,2019,Q4,687792,89,62.3,85.29,70,11.4,120,4.3,4860.0,Reported,Midscale,3,IDR,-6.9175,107.6191
TXN12763,1598,CHN03,Crete,Greece,Europe,2024,Q3,3390660,135,105.3,153.86,78,9.5,350,4.4,4947.0,Reported,Midscale,3,EUR,35.2401,24.8093
TXN12764,3489,CHN03,San Francisco,USA,Americas,2020,Q2,15851472,1146,435.48,537.03,38,28.2,400,4.8,1358.0,Reported,Luxury,5,USD,37.7749,-122.4194
TXN12765,3490,CHN05,NEOM,Saudi Arabia,Middle East,2022,Q3,4230528,479,306.56,359.22,64,20.3,150,4.7,4249.0,Reported,Luxury,5,SAR,0.0,0.0
TXN12766,3491,CHN07,Zhangjiajie,China,Asia Pacific,2024,Q4,1384747,113,83.62,111.69,74,24.3,180,4.1,1309.0,Reported,Midscale,3,CNY,29.117,110.4793
TXN12767,3492,CHN01,Valencia,Spain,Europe,2020,Q4,958272,84,26.04,37.27,31,22.5,400,4.6,3045.0,Reported,Upscale,4,EUR,39.4699,-0.3763
TXN12768,2112,CHN01,Suzhou,China,Asia Pacific,2020,Q1,2506680,211,69.63,102.79,33,41.8,400,4.9,5738.0,Reported,Upper-Upscale,5,CNY,31.2983,120.5832
TXN12769,2004,CHN04,Turin,Italy,Europe,2020,Q3,570326,126,51.66,65.14,41,42.9,120,4.4,9544.0,Reported,Upscale,4,EUR,45.0703,7.6869
TXN12770,3493,CHN08,Hanoi,Vietnam,Asia Pacific,2019,Q3,2462214,389,334.54,375.33,86,25.3,80,4.9,6344.0,Reported,Luxury,5,VND,21.0285,105.8542
TXN12771,3494,CHN11,Delhi,India,Asia Pacific,2022,Q1,850014,81,42.93,53.25,53,19.2,220,4.3,,Reported,Midscale,3,INR,28.6139,77.209
TXN12772,3495,CHN06,Istanbul,Turkey,Europe/Middle East,2024,Q1,3095820,156,98.28,119.29,63,14.2,350,4.2,3618.0,Reported,Midscale,3,TRY,41.0082,28.9784
TXN12773,3496,CHN01,Sukhothai,Thailand,Asia Pacific,2022,Q1,9380646,803,473.77,669.42,59,31.6,220,4.7,9225.0,Reported,Luxury,5,THB,0.0,0.0
TXN12774,3497,CHN11,Pattaya,Thailand,Asia Pacific,2025,Q1,2531520,293,187.52,222.69,64,23.2,150,4.7,2547.0,Estimated,Upper-Upscale,5,THB,12.9236,100.8825
TXN12775,3498,CHN12,Nagoya,Japan,Asia Pacific,2021,Q3,6968632,626,344.3,422.76,55,20.0,220,4.8,14376.0,Reported,Luxury,5,JPY,35.1815,136.9066
TXN12776,3499,CHN02,Krabi,Thailand,Asia Pacific,2025,Q3,23178204,837,719.82,1015.93,86,37.2,350,4.8,2790.0,Estimated,Luxury,5,THB,8.0863,98.9063
TXN12777,2039,CHN03,Marseille,France,Europe,2019,Q2,3213756,436,353.16,465.6,81,25.1,100,4.8,1011.0,Reported,Luxury,5,EUR,43.2965,5.3698
TXN12778,3500,CHN03,Shanghai,China,Asia Pacific,2019,Q4,1565656,254,170.18,251.01,67,21.2,100,4.5,6407.0,Reported,Upscale,4,CNY,31.2304,121.4737
TXN12779,3501,CHN08,London,UK,Europe,2023,Q1,2789478,771,516.57,651.35,67,31.5,60,4.9,10168.0,Reported,Luxury,5,GBP,51.5074,-0.1278
TXN12780,3502,CHN02,Suzhou,China,Asia Pacific,2020,Q3,648122,68,25.16,28.64,37,20.3,280,4.3,3788.0,Reported,Midscale,3,CNY,31.2983,120.5832
TXN12781,3503,CHN06,Al Ula,Saudi Arabia,Middle East,2020,Q4,182675,73,24.82,27.94,34,26.1,80,4.4,4758.0,Reported,Midscale,3,SAR,0.0,0.0
TXN12782,3504,CHN06,Tangier,Morocco,Africa,2023,Q2,1139229,107,83.46,102.9,78,15.3,150,4.2,3127.0,Reported,Midscale,3,MAD,35.7595,-5.833
TXN12783,3505,CHN06,New York,USA,Americas,2019,Q1,2124360,281,196.7,220.87,70,39.1,120,4.4,10555.0,Reported,Upscale,4,USD,40.7128,-74.006
TXN12784,3506,CHN06,Mumbai,India,Asia Pacific,2022,Q4,1406441,149,84.93,112.68,57,32.8,180,4.7,3488.0,Reported,Upscale,4,INR,19.076,72.8777
TXN12785,3507,CHN05,Jeddah,Saudi Arabia,Middle East,2023,Q1,1415232,312,196.56,278.25,63,41.6,80,4.5,4129.0,Reported,Upscale,4,SAR,21.5433,39.1728
TXN12786,3508,CHN05,Clarke Quay,Singapore,Asia Pacific,2025,Q1,2316600,264,171.6,248.65,65,29.4,150,4.4,3894.0,Estimated,Upscale,4,SGD,1.2906,103.8467
TXN12787,1530,CHN07,Mumbai,India,Asia Pacific,2021,Q3,361284,119,65.45,80.22,55,20.5,60,4.5,3667.0,Reported,Upscale,4,INR,19.076,72.8777
TXN12788,3509,CHN05,Sintra,Portugal,Europe,2020,Q2,2313511,321,115.56,168.95,36,28.8,220,4.7,12757.0,Reported,Luxury,5,EUR,38.7978,-9.3902
TXN12789,3510,CHN06,Daegu,South Korea,Asia Pacific,2021,Q2,339776,127,62.23,75.93,49,35.6,60,4.3,7713.0,Reported,Upscale,4,KRW,35.8714,128.6014
TXN12790,3511,CHN04,Hua Hin,Thailand,Asia Pacific,2025,Q1,2586465,119,82.11,97.9,69,11.9,350,4.2,268.0,Estimated,Midscale,3,THB,12.5684,99.9578
TXN12791,3512,CHN10,Izmir,Turkey,Europe/Middle East,2025,Q1,3494988,483,323.61,475.45,67,35.8,120,4.9,11467.0,Estimated,Luxury,5,TRY,38.4192,27.1287
TXN12792,3513,CHN05,Chiang Mai,Thailand,Asia Pacific,2022,Q4,2115080,418,229.9,267.82,55,42.8,100,5.0,7602.0,Reported,Luxury,5,THB,18.7883,98.9853
TXN12793,3514,CHN11,Bordeaux,France,Europe,2024,Q4,2704800,105,73.5,97.17,70,22.8,400,4.4,1346.0,Reported,Midscale,3,EUR,44.8378,-0.5792
TXN12794,3515,CHN10,Ras Al Khaimah,UAE,Middle East,2025,Q1,5184000,500,320.0,386.75,64,19.9,180,4.7,6610.0,Estimated,Luxury,5,AED,25.8007,55.9762
TXN12795,3516,CHN10,Pamukkale,Turkey,Europe/Middle East,2019,Q1,621108,162,115.02,149.64,71,39.2,60,4.4,5901.0,Reported,Upscale,4,TRY,37.9214,29.1189
TXN12796,3517,CHN11,Pamukkale,Turkey,Europe/Middle East,2022,Q4,2062410,105,64.05,87.32,61,21.1,350,4.3,2197.0,Reported,Midscale,3,TRY,37.9214,29.1189
TXN12797,3518,CHN12,Rhodes,Greece,Europe,2025,Q1,7207200,352,228.8,299.51,65,35.8,350,4.4,13812.0,Estimated,Upscale,4,EUR,36.4349,28.2176
TXN12798,2655,CHN02,Orlando,USA,Americas,2019,Q4,510490,136,92.48,128.3,68,24.1,60,4.5,3186.0,Reported,Upscale,4,USD,28.5383,-81.3792
TXN12799,3519,CHN12,Agadir,Morocco,Africa,2022,Q4,2848026,691,386.96,563.29,56,31.8,80,4.9,14672.0,Reported,Luxury,5,MAD,30.4278,-9.5981
TXN12800,3520,CHN01,Jeju Island,South Korea,Asia Pacific,2021,Q4,596160,80,36.0,41.89,45,11.4,180,4.2,223.0,Reported,Upscale,3,KRW,33.4996,126.5312
TXN12801,3521,CHN06,Hue,Vietnam,Asia Pacific,2025,Q1,1152900,60,36.6,50.84,61,10.4,350,4.0,2626.0,Estimated,Economy,2,VND,16.4637,107.5909
TXN12802,3522,CHN07,Valencia,Spain,Europe,2023,Q1,4558680,201,126.63,144.48,63,40.7,400,4.7,12341.0,Reported,Upscale,4,EUR,39.4699,-0.3763
TXN12803,3523,CHN01,Sapporo,Japan,Asia Pacific,2021,Q1,389340,103,43.26,60.45,42,30.3,100,4.6,8911.0,Reported,Upscale,4,JPY,43.0618,141.3545
TXN12804,3524,CHN08,Utrecht,Netherlands,Europe,2019,Q3,6322608,207,171.81,195.65,83,42.5,400,4.5,5479.0,Reported,Upscale,4,EUR,52.0907,5.1214
TXN12805,3525,CHN11,Bologna,Italy,Europe,2025,Q3,1076400,130,97.5,126.65,75,8.9,120,4.4,2193.0,Estimated,Midscale,3,EUR,44.4949,11.3426
TXN12806,3526,CHN02,Venice,Italy,Europe,2025,Q4,813648,132,88.44,112.21,67,13.6,100,4.1,1534.0,Estimated,Midscale,3,EUR,45.4408,12.3155
TXN12807,3527,CHN08,Kyoto,Japan,Asia Pacific,2024,Q2,3526286,299,215.28,313.47,72,23.7,180,4.5,6669.0,Reported,Upscale,4,JPY,35.0116,135.7681
TXN12808,3528,CHN05,Zhangjiajie,China,Asia Pacific,2022,Q2,5465970,346,214.52,282.49,62,39.4,280,4.8,3285.0,Reported,Upper-Upscale,5,CNY,29.117,110.4793
TXN12809,3529,CHN11,Koh Samui,Thailand,Asia Pacific,2020,Q4,787152,184,57.04,69.44,31,36.0,150,4.8,14706.0,Reported,Upper-Upscale,5,THB,9.512,100.0136
TXN12810,3530,CHN03,Bugis,Singapore,Asia Pacific,2021,Q2,1694893,166,84.66,115.25,51,27.5,220,4.7,12467.0,Reported,Upscale,4,SGD,1.3006,103.8551
TXN12811,3531,CHN06,Obidos,Portugal,Europe,2021,Q3,480102,71,34.79,47.55,49,17.6,150,4.3,2133.0,Reported,Midscale,3,EUR,0.0,0.0
TXN12812,3532,CHN03,Dresden,Germany,Europe,2024,Q1,2286900,242,169.4,223.72,70,18.5,150,4.4,9317.0,Reported,Upscale,4,EUR,51.0509,13.7383
TXN12813,3533,CHN11,Chiang Mai,Thailand,Asia Pacific,2020,Q3,267812,71,29.11,32.89,41,9.3,100,4.2,1634.0,Reported,Midscale,3,THB,18.7883,98.9853
TXN12814,3534,CHN09,Frankfurt,Germany,Europe,2021,Q4,4335408,306,134.64,191.54,44,23.5,350,4.7,1422.0,Reported,Luxury,5,EUR,50.1109,8.6821
TXN12815,3535,CHN03,Rotterdam,Netherlands,Europe,2025,Q4,2280202,449,309.81,355.89,69,33.1,80,,5735.0,Estimated,Luxury,5,EUR,51.9244,4.4777
TXN12816,3536,CHN11,Genting,Malaysia,Asia Pacific,2024,Q4,1195356,305,216.55,245.05,71,23.8,60,4.8,5882.0,Reported,Upper-Upscale,5,MYR,0.0,0.0
TXN12817,3537,CHN08,Bangkok,Thailand,Asia Pacific,2021,Q2,2373462,322,144.9,197.65,45,38.9,180,4.7,11668.0,Reported,Luxury,5,THB,13.7563,100.5018
TXN12818,1908,CHN09,Tangier,Morocco,Africa,2025,Q1,3352050,382,248.3,304.01,65,32.6,150,4.7,14242.0,Estimated,Luxury,5,MAD,35.7595,-5.833
TXN12819,3538,CHN06,Belem,Brazil,Americas,2019,Q4,319056,51,34.68,39.9,68,20.7,100,3.9,3900.0,Reported,Economy,2,BRL,-1.4558,-48.5044
TXN12820,3539,CHN08,Orchard Road,Singapore,Asia Pacific,2022,Q1,4162428,443,256.94,377.85,58,39.5,180,4.7,4043.0,Reported,Luxury,5,SGD,1.3048,103.8318
TXN12821,3540,CHN07,Brasilia,Brazil,Americas,2023,Q3,2235600,216,162.0,208.58,75,35.2,150,4.6,2551.0,Reported,Upscale,4,BRL,-15.7975,-47.8919
TXN12822,3541,CHN09,Obidos,Portugal,Europe,2022,Q2,588442,137,80.83,99.53,59,40.9,80,4.3,4107.0,Reported,Upscale,4,EUR,0.0,0.0
TXN12823,3542,CHN09,Los Cabos,Mexico,Americas,2020,Q1,1317600,122,36.6,53.79,30,41.8,400,4.4,5662.0,Reported,Upper-Upscale,4,MXN,22.8905,-109.9167
TXN12824,3543,CHN04,Mecca,Saudi Arabia,Middle East,2022,Q2,1417416,120,70.8,86.99,59,19.3,220,,3008.0,Reported,Midscale,3,SAR,21.3891,39.8579
TXN12825,3544,CHN11,Chicago,USA,Americas,2023,Q3,1672284,146,121.18,164.05,83,20.2,150,4.3,3197.0,Reported,Midscale,3,USD,41.8781,-87.6298
TXN12826,3545,CHN10,Changi,Singapore,Asia Pacific,2024,Q4,3029100,439,329.25,435.16,75,29.6,100,5.0,14475.0,Reported,Luxury,5,SGD,1.3644,103.9915
TXN12827,3546,CHN04,Ibiza,Spain,Europe,2022,Q4,8725427,584,338.72,465.31,58,22.9,280,4.8,3876.0,Reported,Luxury,5,EUR,38.9067,1.4206
TXN12828,3547,CHN03,Crete,Greece,Europe,2024,Q2,2445206,622,447.84,561.81,72,33.5,60,4.7,12859.0,Reported,Luxury,5,EUR,35.2401,24.8093
TXN12829,3548,CHN11,Rotterdam,Netherlands,Europe,2020,Q1,1152900,122,36.6,50.06,30,22.3,350,4.7,3208.0,Reported,Upscale,4,EUR,51.9244,4.4777
TXN12830,3549,CHN10,Tangier,Morocco,Africa,2023,Q2,1878786,155,114.7,168.43,74,41.6,180,4.7,5476.0,Reported,Upscale,4,MAD,35.7595,-5.833
TXN12831,3550,CHN09,Naples,Italy,Europe,2024,Q2,2891288,174,144.42,198.66,83,34.0,220,4.7,4609.0,Reported,Upscale,4,EUR,40.8518,14.2681
TXN12832,3551,CHN06,Algarve,Portugal,Europe,2019,Q1,662256,146,91.98,104.29,63,41.3,80,4.6,2554.0,Reported,Upscale,4,EUR,37.0194,-8.1383
TXN12833,3552,CHN12,Leipzig,Germany,Europe,2022,Q2,2214849,114,69.54,89.8,61,16.9,350,4.2,1204.0,Reported,Midscale,3,EUR,51.3397,12.3731
TXN12834,3553,CHN05,Kanchanaburi,Thailand,Asia Pacific,2023,Q2,10166520,420,319.2,385.8,76,32.5,350,4.9,4926.0,Reported,Luxury,5,THB,0.0,0.0
TXN12835,3554,CHN12,Tulum,Mexico,Americas,2023,Q1,4787640,372,241.8,282.68,65,38.0,220,4.5,1613.0,Reported,Upscale,4,MXN,20.2114,-87.4654
TXN12836,2191,CHN10,Ankara,Turkey,Europe/Middle East,2023,Q1,3106656,184,123.28,153.24,67,27.6,280,4.6,7346.0,Reported,Upscale,4,TRY,39.9334,32.8597
TXN12837,3555,CHN06,Dusseldorf,Germany,Europe,2024,Q3,1120118,76,67.64,96.81,89,8.9,180,3.8,3340.0,Reported,Economy,2,EUR,51.2217,6.7762
TXN12838,3556,CHN03,Hue,Vietnam,Asia Pacific,2024,Q3,3929964,491,427.17,616.52,87,42.7,100,4.9,6246.0,Reported,Luxury,5,VND,16.4637,107.5909
TXN12839,3557,CHN06,Bath,UK,Europe,2024,Q1,454572,61,42.09,60.63,69,18.6,120,4.0,3058.0,Reported,Economy,2,GBP,51.3811,-2.359
TXN12840,3558,CHN01,Krabi,Thailand,Asia Pacific,2019,Q2,2079168,238,190.4,228.72,80,27.7,120,4.3,14451.0,Reported,Upper-Upscale,4,THB,8.0863,98.9063
TXN12841,3559,CHN05,Surabaya,Indonesia,Asia Pacific,2022,Q4,447194,98,60.76,81.79,62,23.2,80,4.4,682.0,Reported,Midscale,3,IDR,-7.2575,112.7521
TXN12842,3216,CHN12,Lyon,France,Europe,2020,Q1,454140,174,50.46,67.55,29,27.2,100,4.5,14290.0,Reported,Upscale,4,EUR,45.764,4.8357
TXN12843,3560,CHN06,Miami,USA,Americas,2023,Q2,766584,72,56.16,72.76,78,10.3,150,3.9,468.0,Reported,Economy,2,USD,25.7617,-80.1918
TXN12844,3561,CHN05,San Sebastian,Spain,Europe,2022,Q4,2849424,445,258.1,358.29,58,28.9,120,4.7,13776.0,Reported,Luxury,5,EUR,43.3183,-1.9812
TXN12845,3562,CHN12,Andong,South Korea,Asia Pacific,2019,Q3,1258560,300,228.0,284.73,76,21.6,60,4.5,14392.0,Reported,Upscale,4,KRW,36.5684,128.7294
TXN12846,3563,CHN05,Orchard Road,Singapore,Asia Pacific,2023,Q3,3686256,318,267.12,358.7,84,19.1,150,4.4,13663.0,Reported,Upscale,4,SGD,1.3048,103.8318
TXN12847,3564,CHN04,Krabi,Thailand,Asia Pacific,2021,Q1,383040,133,53.2,70.21,40,43.6,80,4.6,13063.0,Reported,Upscale,4,THB,8.0863,98.9063
TXN12848,2549,CHN11,Miami,USA,Americas,2025,Q4,959045,119,86.87,112.24,73,12.5,120,4.3,4713.0,Estimated,Midscale,3,USD,25.7617,-80.1918
TXN12849,3565,CHN08,Liverpool,UK,Europe,2019,Q2,4454860,197,139.87,171.76,71,33.3,350,4.5,9752.0,Reported,Upscale,4,GBP,53.4084,-2.9916
TXN12850,3566,CHN08,Puerto Vallarta,Mexico,Americas,2019,Q3,10337166,369,321.03,430.2,87,29.7,350,4.8,12129.0,Reported,Luxury,5,MXN,20.6534,-105.2253
TXN12851,3567,CHN10,Phuket,Thailand,Asia Pacific,2019,Q4,9940968,870,600.3,883.15,69,28.9,180,4.7,5029.0,Reported,Luxury,5,THB,7.8804,98.3923
TXN12852,3568,CHN09,Azores,Portugal,Europe,2020,Q2,470106,123,43.05,52.24,35,22.4,120,4.7,7359.0,Reported,Upper-Upscale,4,EUR,0.0,0.0
TXN12853,3569,CHN08,Leipzig,Germany,Europe,2022,Q3,5588890,339,216.96,251.92,64,24.4,280,4.9,1772.0,Reported,Luxury,5,EUR,51.3397,12.3731
TXN12854,3570,CHN02,Salvador,Brazil,Americas,2023,Q1,6936300,367,220.2,251.4,60,28.9,350,5.0,2347.0,Reported,Upper-Upscale,5,BRL,-12.9714,-38.5014
TXN12855,3571,CHN05,Amalfi,Italy,Europe,2020,Q4,1656442,248,81.84,107.78,33,24.5,220,4.8,5072.0,Reported,Upper-Upscale,5,EUR,40.634,14.6027
TXN12856,3017,CHN07,Delphi,Greece,Europe,2025,Q1,1729728,104,68.64,95.96,66,13.5,280,4.2,1849.0,Estimated,Midscale,3,EUR,0.0,0.0
TXN12857,3572,CHN06,Fujairah,UAE,Middle East,2022,Q1,249480,42,23.1,28.45,55,8.7,120,4.1,,Reported,Economy,2,AED,25.1288,56.3264
TXN12858,3573,CHN10,Daegu,South Korea,Asia Pacific,2022,Q1,929475,135,68.85,87.38,51,24.0,150,4.5,11314.0,Reported,Upscale,4,KRW,35.8714,128.6014
TXN12859,3574,CHN11,Algarve,Portugal,Europe,2021,Q1,2014740,156,63.96,86.0,41,18.7,350,4.5,6213.0,Reported,Upscale,4,EUR,37.0194,-8.1383
TXN12860,3575,CHN12,Nice,France,Europe,2019,Q3,4481136,330,270.6,366.59,82,41.3,180,4.4,7183.0,Reported,Upscale,4,EUR,43.7102,7.262
TXN12861,3576,CHN05,Paris,France,Europe,2025,Q3,13285904,457,361.03,509.4,79,28.8,400,4.7,4173.0,Estimated,Upscale,4,EUR,48.8566,2.3522
TXN12862,1403,CHN12,Bangalore,India,Asia Pacific,2022,Q4,1203507,292,163.52,220.37,56,24.7,80,4.6,11388.0,Reported,Upscale,4,INR,12.9716,77.5946
TXN12863,3577,CHN01,Marina Bay,Singapore,Asia Pacific,2022,Q1,3464775,435,256.65,367.77,59,38.9,150,5.0,8500.0,Reported,Upper-Upscale,5,SGD,1.2819,103.8636
TXN12864,3578,CHN04,Nara,Japan,Asia Pacific,2021,Q1,1617840,535,224.7,330.15,42,41.6,80,4.9,12595.0,Reported,Luxury,5,JPY,34.6851,135.8048
TXN12865,3579,CHN09,Jakarta,Indonesia,Asia Pacific,2025,Q3,9273600,336,252.0,287.52,75,23.7,400,4.7,13786.0,Estimated,Luxury,5,IDR,-6.2088,106.8456
TXN12866,3580,CHN12,Hangzhou,China,Asia Pacific,2024,Q3,11406528,861,688.8,1002.9,80,35.3,180,4.8,10108.0,Reported,Luxury,5,CNY,30.2741,120.1551
TXN12867,3581,CHN03,Penang,Malaysia,Asia Pacific,2024,Q2,8983993,483,352.59,417.7,73,33.4,280,4.9,11839.0,Reported,Luxury,5,MYR,5.4141,100.3288
TXN12868,1955,CHN09,Edinburgh,UK,Europe,2020,Q2,622440,225,85.5,121.37,38,27.1,80,5.0,3730.0,Reported,Luxury,5,GBP,55.9533,-3.1883
TXN12869,3582,CHN10,Essaouira,Morocco,Africa,2019,Q1,11113920,454,308.72,378.55,68,37.8,400,4.7,1778.0,Reported,Luxury,5,MAD,31.5125,-9.77
TXN12870,3583,CHN11,Chinatown,Singapore,Asia Pacific,2020,Q1,1211562,211,61.19,69.74,29,29.2,220,4.7,1974.0,Reported,Upper-Upscale,5,SGD,1.2826,103.8446
TXN12871,3584,CHN08,Canberra,Australia,Asia Pacific,2021,Q3,6118000,380,190.0,265.03,50,25.8,350,4.9,4833.0,Reported,Luxury,5,AUD,-35.2809,149.13
TXN12872,3585,CHN01,Yogyakarta,Indonesia,Asia Pacific,2022,Q2,851760,240,156.0,179.95,65,26.2,60,4.7,6425.0,Reported,Upper-Upscale,5,IDR,-7.7971,110.3688
TXN12873,3586,CHN01,Udaipur,India,Asia Pacific,2025,Q3,3208086,123,99.63,145.37,81,9.8,350,,1807.0,Estimated,Upscale,3,INR,24.5854,73.7125
TXN12874,1347,CHN05,Izmir,Turkey,Europe/Middle East,2022,Q2,12734904,588,399.84,548.11,68,28.0,350,4.6,3046.0,Reported,Luxury,5,TRY,38.4192,27.1287
TXN12875,1662,CHN10,Hobart,Australia,Asia Pacific,2019,Q4,487968,136,88.4,121.66,65,25.5,60,4.6,2124.0,Reported,Upscale,4,AUD,-42.8821,147.3272
TXN12876,3587,CHN12,Lombok,Indonesia,Asia Pacific,2019,Q1,15853950,719,503.3,642.5,70,43.6,350,4.8,7536.0,Reported,Luxury,5,IDR,-8.5833,116.35
TXN12877,3588,CHN08,Hobart,Australia,Asia Pacific,2022,Q3,1301837,352,235.84,328.44,67,33.0,60,4.6,10614.0,Reported,Luxury,5,AUD,-42.8821,147.3272
TXN12878,3589,CHN06,Nagoya,Japan,Asia Pacific,2025,Q2,2545343,163,127.14,150.36,78,41.6,220,4.5,2587.0,Estimated,Upscale,4,JPY,35.1815,136.9066
TXN12879,3590,CHN07,Frankfurt,Germany,Europe,2023,Q4,1516344,205,137.35,199.75,67,33.8,120,4.5,14251.0,Reported,Upscale,4,EUR,50.1109,8.6821
TXN12880,3591,CHN07,Melbourne,Australia,Asia Pacific,2022,Q1,556308,202,103.02,121.86,51,43.4,60,4.5,2184.0,Reported,Upscale,4,AUD,-37.8136,144.9631
TXN12881,1458,CHN10,Las Vegas,USA,Americas,2024,Q1,3175524,243,160.38,203.01,66,18.2,220,4.4,7820.0,Reported,Upscale,4,USD,36.1699,-115.1398
TXN12882,2852,CHN05,Venice,Italy,Europe,2023,Q1,1377945,173,102.07,134.01,59,15.1,150,4.2,2184.0,Reported,Midscale,3,EUR,45.4408,12.3155
TXN12883,3592,CHN05,Naples,Italy,Europe,2024,Q2,11026470,577,432.75,596.26,75,43.0,280,4.9,14407.0,Reported,Luxury,5,EUR,40.8518,14.2681
TXN12884,3593,CHN12,Toledo,Spain,Europe,2020,Q3,343123,148,62.16,85.33,42,30.8,60,4.3,13537.0,Reported,Upscale,4,EUR,39.8628,-4.0273
TXN12885,3094,CHN10,Honolulu,USA,Americas,2024,Q2,3972878,526,436.58,600.17,83,23.6,100,4.7,4341.0,Reported,Luxury,5,USD,21.3069,-157.8583
TXN12886,3594,CHN04,Marseille,France,Europe,2025,Q2,1630465,126,99.54,138.04,79,10.1,180,4.3,3934.0,Estimated,Midscale,3,EUR,43.2965,5.3698
TXN12887,1750,CHN11,New Orleans,USA,Americas,2025,Q4,873264,113,79.1,113.93,70,25.7,120,4.2,2996.0,Estimated,Midscale,3,USD,29.9511,-90.0715
TXN12888,3595,CHN12,Pattaya,Thailand,Asia Pacific,2024,Q4,7184979,367,278.92,338.97,76,34.9,280,4.3,14464.0,Reported,Upscale,4,THB,12.9236,100.8825
TXN12889,3596,CHN04,Fez,Morocco,Africa,2019,Q1,1725840,282,191.76,234.4,68,20.9,100,,2807.0,Reported,Upscale,4,MAD,34.0181,-5.0078
TXN12890,3597,CHN05,Goa,India,Asia Pacific,2019,Q3,16005056,524,434.92,617.2,83,21.3,400,4.9,4881.0,Reported,Luxury,5,INR,15.2993,74.124
TXN12891,3598,CHN10,Cannes,France,Europe,2023,Q1,6383772,646,394.06,566.28,61,43.7,180,4.8,2724.0,Reported,Luxury,5,EUR,43.5528,7.0174
TXN12892,3599,CHN11,Fortaleza,Brazil,Americas,2022,Q2,337501,76,46.36,55.84,61,15.9,80,4.2,1656.0,Reported,Midscale,3,BRL,-3.7319,-38.5267
TXN12893,3600,CHN02,Los Cabos,Mexico,Americas,2022,Q4,6340990,649,382.91,454.23,59,34.9,180,4.9,13823.0,Reported,Luxury,5,MXN,22.8905,-109.9167
TXN12894,3601,CHN03,Mumbai,India,Asia Pacific,2023,Q4,6817642,401,264.66,338.57,66,33.0,280,4.7,2287.0,Reported,Luxury,5,INR,19.076,72.8777
TXN12895,3602,CHN04,Orlando,USA,Americas,2020,Q2,3974243,367,124.78,178.72,34,22.4,350,4.8,12601.0,Reported,Luxury,5,USD,28.5383,-81.3792
TXN12896,3603,CHN09,Honolulu,USA,Americas,2020,Q3,1825280,124,49.6,58.64,40,18.8,400,4.4,10422.0,Reported,Upper-Upscale,4,USD,21.3069,-157.8583
TXN12897,3604,CHN09,Rabat,Morocco,Africa,2024,Q3,1504752,188,163.56,195.73,87,40.1,100,4.6,14140.0,Reported,Upper-Upscale,4,MAD,33.9716,-6.8498
TXN12898,3605,CHN06,Las Vegas,USA,Americas,2021,Q4,782074,92,38.64,48.02,42,11.3,220,4.1,1430.0,Reported,Midscale,3,USD,36.1699,-115.1398
TXN12899,3606,CHN04,Cascais,Portugal,Europe,2019,Q4,19149211,1047,743.37,896.5,71,26.7,280,4.7,6295.0,Reported,Luxury,5,EUR,0.0,0.0
TXN12900,3340,CHN09,New Orleans,USA,Americas,2023,Q2,3022219,204,150.96,186.44,74,29.5,220,4.7,8295.0,Reported,Upper-Upscale,4,USD,29.9511,-90.0715
TXN12901,3607,CHN02,Jeonju,South Korea,Asia Pacific,2022,Q3,715392,90,64.8,77.76,72,20.0,120,4.1,2601.0,Reported,Midscale,3,KRW,35.8242,127.148
TXN12902,3608,CHN11,Deira,UAE,Middle East,2022,Q3,562157,152,101.84,116.49,67,29.0,60,4.6,7944.0,Reported,Upscale,4,AED,25.2697,55.3095
TXN12903,3609,CHN05,Tabuk,Saudi Arabia,Middle East,2021,Q2,3076710,575,281.75,389.66,49,37.0,120,4.7,4021.0,Reported,Luxury,5,SAR,0.0,0.0
TXN12904,3610,CHN05,Sydney,Australia,Asia Pacific,2021,Q2,442915,117,60.84,89.64,52,24.3,80,4.4,3825.0,Reported,Midscale,3,AUD,-33.8688,151.2093
TXN12905,3611,CHN03,Obidos,Portugal,Europe,2019,Q3,2485987,417,337.77,464.19,81,41.3,80,4.9,11541.0,Reported,Luxury,5,EUR,0.0,0.0
TXN12906,3612,CHN10,Bologna,Italy,Europe,2022,Q4,4420011,358,218.38,284.66,61,21.7,220,4.8,7868.0,Reported,Luxury,5,EUR,44.4949,11.3426
TXN12907,3613,CHN11,Sapa,Vietnam,Asia Pacific,2021,Q4,880992,76,34.2,48.96,45,19.2,280,4.1,1619.0,Reported,Midscale,3,VND,0.0,0.0
TXN12908,3614,CHN01,Komodo,Indonesia,Asia Pacific,2019,Q2,1733332,111,86.58,111.78,78,23.5,220,4.5,7857.0,Reported,Upscale,4,IDR,0.0,0.0
TXN12909,3615,CHN06,Zhangjiajie,China,Asia Pacific,2024,Q3,1559814,127,113.03,163.21,89,8.2,150,4.2,2632.0,Reported,Midscale,3,CNY,29.117,110.4793
TXN12910,3616,CHN01,Madeira,Portugal,Europe,2025,Q3,736000,125,100.0,136.66,80,24.4,80,4.3,4820.0,Estimated,Upscale,3,EUR,32.6669,-16.9241
TXN12911,3617,CHN08,Natal,Brazil,Americas,2020,Q4,3603456,306,97.92,134.6,32,22.0,400,4.7,13930.0,Reported,Luxury,5,BRL,-5.7945,-35.211
TXN12912,3618,CHN02,Verona,Italy,Europe,2023,Q3,23106720,805,627.9,841.17,78,30.9,400,4.9,6145.0,Reported,Luxury,5,EUR,45.4384,10.9916
TXN12913,3619,CHN03,Kusadasi,Turkey,Europe/Middle East,2025,Q2,11483326,593,450.68,584.55,76,36.6,280,4.7,1474.0,Estimated,Luxury,5,TRY,0.0,0.0
TXN12914,3620,CHN04,Delhi,India,Asia Pacific,2023,Q1,7745535,367,245.89,309.35,67,19.0,350,4.9,2420.0,Reported,Upper-Upscale,5,INR,28.6139,77.209
TXN12915,3621,CHN12,Genting,Malaysia,Asia Pacific,2023,Q1,4093056,323,206.72,251.56,64,31.4,220,4.3,8440.0,Reported,Upscale,4,MYR,0.0,0.0
TXN12916,3622,CHN06,Meknes,Morocco,Africa,2019,Q1,748836,61,37.82,51.43,62,9.1,220,3.8,1929.0,Reported,Economy,2,MAD,0.0,0.0
TXN12917,1500,CHN09,Goa,India,Asia Pacific,2019,Q2,803712,138,110.4,136.59,80,32.9,80,4.5,9858.0,Reported,Upscale,4,INR,15.2993,74.124
TXN12918,3623,CHN12,Bali,Indonesia,Asia Pacific,2019,Q1,11748240,740,466.2,580.34,63,22.0,280,4.9,8820.0,Reported,Luxury,5,IDR,-8.3405,115.092
TXN12919,3624,CHN02,Leipzig,Germany,Europe,2020,Q1,489636,67,19.43,23.93,29,9.8,280,4.4,4771.0,Reported,Midscale,3,EUR,51.3397,12.3731
TXN12920,3625,CHN06,Bodrum,Turkey,Europe/Middle East,2020,Q3,660744,126,47.88,63.19,38,18.9,150,4.7,14784.0,Reported,Upscale,4,TRY,37.0344,27.4305
TXN12921,1082,CHN12,Manchester,UK,Europe,2024,Q4,8614144,352,267.52,335.91,76,41.4,350,4.7,11337.0,Reported,Upscale,4,GBP,53.4808,-2.2426
TXN12922,1432,CHN01,Heidelberg,Germany,Europe,2024,Q3,7361086,449,363.69,449.96,81,23.1,220,4.9,13379.0,Reported,Luxury,5,EUR,49.3988,8.6724
TXN12923,3626,CHN05,Chiang Mai,Thailand,Asia Pacific,2022,Q4,7031781,599,347.42,469.33,58,35.2,220,4.8,9959.0,Reported,Luxury,5,THB,18.7883,98.9853
TXN12924,3627,CHN05,Cancun,Mexico,Americas,2023,Q1,5481216,793,507.52,741.72,64,37.6,120,4.9,14614.0,Reported,Luxury,5,MXN,21.1619,-86.8515
TXN12925,3628,CHN10,Venice,Italy,Europe,2020,Q2,800982,163,58.68,74.31,36,18.7,150,4.6,4079.0,Reported,Upscale,4,EUR,45.4408,12.3155
TXN12926,3629,CHN10,Yanbu,Saudi Arabia,Middle East,2019,Q4,9076426,606,448.44,512.31,74,39.8,220,4.6,10918.0,Reported,Luxury,5,SAR,0.0,0.0
TXN12927,1789,CHN10,Komodo,Indonesia,Asia Pacific,2021,Q2,1274801,449,233.48,324.56,52,21.9,60,4.9,2080.0,Reported,Luxury,5,IDR,0.0,0.0
TXN12928,3630,CHN06,Antalya,Turkey,Europe/Middle East,2019,Q2,812448,93,74.4,89.89,80,13.7,120,4.3,4073.0,Reported,Midscale,3,TRY,36.8969,30.7133
TXN12929,3631,CHN04,Hua Hin,Thailand,Asia Pacific,2021,Q4,2485030,734,337.64,497.35,46,31.3,80,4.9,10330.0,Reported,Luxury,5,THB,12.5684,99.9578
TXN12930,3632,CHN03,Delhi,India,Asia Pacific,2019,Q1,2937816,174,116.58,167.46,67,41.6,280,4.5,4713.0,Reported,Upper-Upscale,4,INR,28.6139,77.209
TXN12931,1803,CHN08,York,UK,Europe,2020,Q1,858240,298,95.36,117.61,32,33.0,100,4.8,2346.0,Reported,Luxury,5,GBP,53.96,-1.0873
TXN12932,3633,CHN11,Madrid,Spain,Europe,2023,Q3,2392092,321,260.01,326.72,81,22.3,100,4.7,6639.0,Reported,Upper-Upscale,5,EUR,40.4168,-3.7038
TXN12933,1182,CHN03,Sentosa,Singapore,Asia Pacific,2025,Q2,34457241,1387,1081.86,1403.1,78,25.3,350,4.9,7598.0,Estimated,Luxury,5,SGD,1.2494,103.8303
TXN12934,3634,CHN10,Turin,Italy,Europe,2022,Q4,2282741,667,413.54,556.72,62,19.9,60,4.8,9177.0,Reported,Luxury,5,EUR,45.0703,7.6869
TXN12935,3635,CHN10,Obidos,Portugal,Europe,2019,Q2,21840182,868,685.72,783.49,79,26.8,350,4.7,9218.0,Reported,Luxury,5,EUR,0.0,0.0
TXN12936,3636,CHN06,Sapa,Vietnam,Asia Pacific,2020,Q4,417312,126,37.8,44.24,30,32.2,120,4.4,7526.0,Reported,Upscale,4,VND,0.0,0.0
TXN12937,3637,CHN03,Fukuoka,Japan,Asia Pacific,2023,Q1,1026432,216,142.56,171.44,66,34.5,80,4.5,3045.0,Reported,Upscale,4,JPY,33.5904,130.4017
TXN12938,3638,CHN04,Ras Al Khaimah,UAE,Middle East,2025,Q1,1699425,83,53.95,75.45,65,27.6,350,3.8,4961.0,Estimated,Economy,2,AED,25.8007,55.9762
TXN12939,3639,CHN11,Sokcho,South Korea,Asia Pacific,2020,Q2,710892,62,22.32,26.91,36,14.8,350,4.3,2917.0,Reported,Midscale,3,KRW,38.207,128.5918
TXN12940,3640,CHN07,Dusseldorf,Germany,Europe,2020,Q4,400752,60,19.8,23.95,33,11.2,220,4.2,2728.0,Reported,Midscale,3,EUR,51.2217,6.7762
TXN12941,3641,CHN10,Chiang Mai,Thailand,Asia Pacific,2020,Q4,1324800,450,144.0,195.97,32,36.4,100,5.0,3344.0,Reported,Luxury,5,THB,18.7883,98.9853
TXN12942,3583,CHN11,Chinatown,Singapore,Asia Pacific,2023,Q1,1444320,295,200.6,243.24,68,26.4,80,4.9,4505.0,Reported,Upper-Upscale,5,SGD,1.2826,103.8446
TXN12943,3642,CHN12,Fujairah,UAE,Middle East,2022,Q3,1482893,184,134.32,185.0,73,22.5,120,4.4,8654.0,Reported,Upscale,4,AED,25.1288,56.3264
TXN12944,1733,CHN02,Liverpool,UK,Europe,2021,Q1,3340764,491,206.22,235.55,42,35.2,180,5.0,12730.0,Reported,Luxury,5,GBP,53.4084,-2.9916
TXN12945,3643,CHN05,Santorini,Greece,Europe,2022,Q4,1373486,143,82.94,96.71,58,22.3,180,4.4,4529.0,Reported,Midscale,3,EUR,36.3932,25.4615
TXN12946,3644,CHN03,Hanoi,Vietnam,Asia Pacific,2020,Q1,5622408,916,283.96,394.23,31,24.5,220,5.0,1692.0,Reported,Luxury,5,VND,21.0285,105.8542
TXN12947,3645,CHN07,New Orleans,USA,Americas,2024,Q2,3030300,250,185.0,243.05,74,27.0,180,4.5,11293.0,Reported,Upscale,4,USD,29.9511,-90.0715
TXN12948,3646,CHN07,Venice,Italy,Europe,2025,Q2,1748947,312,240.24,351.37,77,34.4,80,4.7,3961.0,Estimated,Upscale,4,EUR,45.4408,12.3155
TXN12949,3647,CHN04,Kochi,India,Asia Pacific,2023,Q1,7880004,594,397.98,525.32,67,42.9,220,4.9,8407.0,Reported,Luxury,5,INR,9.9312,76.2673
TXN12950,3648,CHN03,Madeira,Portugal,Europe,2021,Q3,1902560,94,51.7,59.65,55,15.2,400,4.2,4286.0,Reported,Midscale,3,EUR,32.6669,-16.9241
TXN12951,3649,CHN06,Langkawi,Malaysia,Asia Pacific,2024,Q4,2331924,102,72.42,106.37,71,17.6,350,4.3,3847.0,Reported,Midscale,3,MYR,6.35,99.8
TXN12952,3650,CHN02,Versailles,France,Europe,2020,Q1,328320,114,36.48,52.13,32,32.5,100,4.5,,Reported,Upscale,4,EUR,48.8014,2.1301
TXN12953,3651,CHN06,Leipzig,Germany,Europe,2021,Q1,665280,44,18.48,26.09,42,20.9,400,4.0,2519.0,Reported,Economy,2,EUR,51.3397,12.3731
TXN12954,3652,CHN09,Algarve,Portugal,Europe,2020,Q3,648158,103,39.14,50.34,38,35.2,180,4.5,12351.0,Reported,Upscale,4,EUR,37.0194,-8.1383
TXN12955,3653,CHN07,Ouarzazate,Morocco,Africa,2019,Q4,288659,53,39.22,48.08,74,11.8,80,,2217.0,Reported,Economy,2,MAD,0.0,0.0
TXN12956,3654,CHN01,Abha,Saudi Arabia,Middle East,2024,Q4,6678390,452,329.96,465.5,73,24.6,220,4.8,7221.0,Reported,Luxury,5,SAR,18.2164,42.5053
TXN12957,3655,CHN08,Shanghai,China,Asia Pacific,2019,Q1,9913680,562,393.4,543.78,70,25.1,280,5.0,10348.0,Reported,Luxury,5,CNY,31.2304,121.4737
TXN12958,3656,CHN05,Sokcho,South Korea,Asia Pacific,2021,Q3,899760,163,81.5,112.01,50,34.5,120,4.5,13484.0,Reported,Upscale,4,KRW,38.207,128.5918
TXN12959,3657,CHN10,Groningen,Netherlands,Europe,2019,Q1,6995772,391,277.61,380.47,71,27.8,280,4.9,7681.0,Reported,Luxury,5,EUR,0.0,0.0
TXN12960,3658,CHN01,Heidelberg,Germany,Europe,2021,Q4,1175944,83,36.52,42.3,44,14.5,350,4.4,3195.0,Reported,Upscale,3,EUR,49.3988,8.6724
TXN12961,3659,CHN01,Fortaleza,Brazil,Americas,2021,Q1,657558,99,40.59,55.4,41,35.5,180,4.5,2942.0,Reported,Upscale,4,BRL,-3.7319,-38.5267
TXN12962,2510,CHN12,Toulouse,France,Europe,2023,Q3,2486355,127,96.52,123.13,76,10.8,280,4.1,2781.0,Reported,Midscale,3,EUR,43.6047,1.4442
TXN12963,3660,CHN10,Heidelberg,Germany,Europe,2023,Q2,4497293,572,411.84,541.72,72,33.5,120,4.9,14126.0,Reported,Luxury,5,EUR,49.3988,8.6724
TXN12964,3661,CHN10,Andong,South Korea,Asia Pacific,2019,Q2,16851016,586,462.94,575.98,79,27.8,400,4.9,14883.0,Reported,Luxury,5,KRW,36.5684,128.7294
TXN12965,3662,CHN11,Jakarta,Indonesia,Asia Pacific,2019,Q4,1657840,265,180.2,247.44,68,29.8,100,4.9,6718.0,Reported,Upper-Upscale,5,IDR,-6.2088,106.8456
TXN12966,3663,CHN11,Hue,Vietnam,Asia Pacific,2020,Q3,390098,191,70.67,97.36,37,25.3,60,4.9,12865.0,Reported,Upper-Upscale,5,VND,16.4637,107.5909
TXN12967,3664,CHN11,Changi,Singapore,Asia Pacific,2024,Q3,4794451,329,289.52,411.49,88,26.5,180,4.6,10074.0,Reported,Upper-Upscale,5,SGD,1.3644,103.9915
TXN12968,3665,CHN06,Cambridge,UK,Europe,2019,Q4,537041,47,32.43,44.22,69,8.4,180,3.9,2930.0,Reported,Economy,2,GBP,52.2053,0.1218
TXN12969,3666,CHN10,Rabat,Morocco,Africa,2024,Q4,10393718,923,627.64,775.5,68,41.2,180,4.6,2273.0,Reported,Luxury,5,MAD,33.9716,-6.8498
TXN12970,3667,CHN12,Bandung,Indonesia,Asia Pacific,2022,Q2,2861914,273,174.72,252.84,64,28.7,180,4.5,13608.0,Reported,Upscale,4,IDR,-6.9175,107.6191
TXN12971,3668,CHN04,Thessaloniki,Greece,Europe,2024,Q1,8867880,408,281.52,375.93,69,20.1,350,4.8,4831.0,Reported,Upper-Upscale,5,EUR,40.6401,22.9444
TXN12972,3669,CHN05,Bangalore,India,Asia Pacific,2025,Q4,3814688,568,414.64,538.37,73,29.2,100,4.8,6527.0,Estimated,Luxury,5,INR,12.9716,77.5946
TXN12973,3670,CHN12,Lombok,Indonesia,Asia Pacific,2019,Q2,3653450,231,182.49,252.34,79,23.0,220,4.7,,Reported,Upscale,4,IDR,-8.5833,116.35
TXN12974,3671,CHN09,Ankara,Turkey,Europe/Middle East,2022,Q4,877901,142,79.52,95.97,56,36.5,120,4.4,14244.0,Reported,Upscale,4,TRY,39.9334,32.8597
TXN12975,3672,CHN02,Tangier,Morocco,Africa,2019,Q1,1559376,91,61.88,72.85,68,12.1,280,4.1,2679.0,Reported,Midscale,3,MAD,35.7595,-5.833
TXN12976,3673,CHN02,Clarke Quay,Singapore,Asia Pacific,2019,Q2,1867320,285,205.2,250.22,72,33.6,100,4.4,14023.0,Reported,Upper-Upscale,4,SGD,1.2906,103.8467
TXN12977,3674,CHN12,Little India,Singapore,Asia Pacific,2022,Q4,3483120,631,378.6,532.57,60,37.9,100,4.8,9272.0,Reported,Luxury,5,SGD,1.3066,103.8518
TXN12978,3675,CHN11,Izmir,Turkey,Europe/Middle East,2023,Q2,571389,91,62.79,91.85,69,16.9,100,4.2,1107.0,Reported,Midscale,3,TRY,38.4192,27.1287
TXN12979,3676,CHN07,Sharjah,UAE,Middle East,2024,Q3,1904952,68,59.16,68.6,87,23.2,350,3.9,2132.0,Reported,Economy,2,AED,25.3463,55.4209
TXN12980,3677,CHN01,Heidelberg,Germany,Europe,2025,Q3,1032019,123,93.48,121.6,76,31.4,120,4.7,14231.0,Estimated,Upscale,4,EUR,49.3988,8.6724
TXN12981,1382,CHN07,Surabaya,Indonesia,Asia Pacific,2025,Q1,1428840,63,39.69,44.61,63,10.7,400,3.8,2511.0,Estimated,Economy,2,IDR,-7.2575,112.7521
TXN12982,3678,CHN12,Madeira,Portugal,Europe,2024,Q3,6761678,253,209.99,272.69,83,30.0,350,4.6,3036.0,Reported,Upscale,4,EUR,32.6669,-16.9241
TXN12983,3679,CHN04,Ouarzazate,Morocco,Africa,2024,Q1,23157225,1131,735.15,963.92,65,39.9,350,4.9,2295.0,Reported,Luxury,5,MAD,0.0,0.0
TXN12984,3680,CHN03,Xian,China,Asia Pacific,2019,Q1,2232360,212,137.8,190.38,65,27.1,180,4.4,6101.0,Reported,Upscale,4,CNY,34.3416,108.9398
TXN12985,3681,CHN06,London,UK,Europe,2025,Q3,1376026,304,249.28,316.08,82,36.1,60,,10829.0,Estimated,Upscale,4,GBP,51.5074,-0.1278
TXN12986,3682,CHN01,Langkawi,Malaysia,Asia Pacific,2022,Q4,5696180,305,176.9,211.31,58,19.5,350,5.0,13762.0,Reported,Upper-Upscale,5,MYR,6.35,99.8
TXN12987,3683,CHN12,Kuching,Malaysia,Asia Pacific,2019,Q2,2213120,320,243.2,294.51,76,19.5,100,4.4,4452.0,Reported,Upscale,4,MYR,1.5497,110.3626
TXN12988,3684,CHN04,Sapa,Vietnam,Asia Pacific,2024,Q1,464310,77,51.59,64.35,67,13.6,100,3.8,494.0,Reported,Economy,2,VND,0.0,0.0
TXN12989,3685,CHN05,Sintra,Portugal,Europe,2021,Q3,6798064,377,211.12,307.38,56,27.9,350,5.0,7627.0,Reported,Luxury,5,EUR,38.7978,-9.3902
TXN12990,3686,CHN08,Kuala Lumpur,Malaysia,Asia Pacific,2025,Q4,6852859,513,338.58,463.45,66,35.4,220,4.7,13941.0,Estimated,Luxury,5,MYR,3.139,101.6869
TXN12991,3687,CHN04,Washington DC,USA,Americas,2024,Q2,2639728,392,290.08,355.71,74,18.4,100,4.6,2593.0,Reported,Upscale,4,USD,38.9072,-77.0369
TXN12992,3688,CHN09,Shanghai,China,Asia Pacific,2025,Q1,1946700,206,144.2,213.08,70,38.5,150,4.5,5705.0,Estimated,Upscale,4,CNY,31.2304,121.4737
TXN12993,3689,CHN02,Sokcho,South Korea,Asia Pacific,2023,Q4,13470419,769,522.92,741.29,68,23.2,280,4.8,11579.0,Reported,Luxury,5,KRW,38.207,128.5918
TXN12994,3690,CHN03,Izmir,Turkey,Europe/Middle East,2023,Q3,867799,199,157.21,188.49,79,33.4,60,4.5,4712.0,Reported,Upscale,4,TRY,38.4192,27.1287
TXN12995,3691,CHN10,Daegu,South Korea,Asia Pacific,2019,Q4,3710728,172,115.24,148.74,67,20.8,350,4.7,14361.0,Reported,Upscale,4,KRW,35.8714,128.6014
TXN12996,3692,CHN06,Puebla,Mexico,Americas,2020,Q4,733516,67,22.78,33.33,34,11.1,350,4.4,3692.0,Reported,Midscale,3,MXN,19.0414,-98.2063
TXN12997,3693,CHN02,Nice,France,Europe,2021,Q1,7232400,560,229.6,264.75,41,27.7,350,4.6,7213.0,Reported,Luxury,5,EUR,43.7102,7.262
TXN12998,3694,CHN10,Busan,South Korea,Asia Pacific,2019,Q2,6686316,785,612.3,759.03,78,35.9,120,4.8,10161.0,Reported,Luxury,5,KRW,35.1796,129.0756
TXN12999,3695,CHN12,Frankfurt,Germany,Europe,2022,Q4,710424,143,77.22,109.5,54,26.0,100,4.1,714.0,Reported,Midscale,3,EUR,50.1109,8.6821
TXN13000,3696,CHN11,Sydney,Australia,Asia Pacific,2025,Q4,4128224,158,112.18,152.58,71,19.9,400,4.2,4031.0,Estimated,Midscale,3,AUD,-33.8688,151.2093
TXN13001,3697,CHN06,Puebla,Mexico,Americas,2023,Q2,828173,158,113.76,130.32,72,33.2,80,4.7,5562.0,Reported,Upscale,4,MXN,19.0414,-98.2063
TXN13002,3698,CHN03,Bilbao,Spain,Europe,2024,Q1,8020782,643,405.09,468.87,63,19.7,220,4.7,6921.0,Reported,Luxury,5,EUR,43.263,-2.935
TXN13003,1577,CHN07,Zakynthos,Greece,Europe,2019,Q4,811440,84,58.8,82.9,70,14.7,150,4.1,450.0,Reported,Midscale,3,EUR,37.7902,20.9051
TXN13004,3227,CHN09,Cambridge,UK,Europe,2024,Q3,4324460,158,134.3,162.61,85,21.4,350,4.5,7583.0,Reported,Upscale,4,GBP,52.2053,0.1218
TXN13005,3699,CHN11,Ras Al Khaimah,UAE,Middle East,2019,Q4,1473619,188,133.48,179.76,71,35.9,120,4.6,8167.0,Reported,Upscale,4,AED,25.8007,55.9762
TXN13006,2343,CHN04,Hua Hin,Thailand,Asia Pacific,2022,Q1,3049200,154,84.7,101.48,55,34.8,400,4.5,11518.0,Reported,Upscale,4,THB,12.5684,99.9578
TXN13007,3700,CHN10,Toulouse,France,Europe,2023,Q4,4724016,778,513.48,627.59,66,31.3,100,4.7,4495.0,Reported,Luxury,5,EUR,43.6047,1.4442
TXN13008,3701,CHN09,Santorini,Greece,Europe,2024,Q1,2559762,229,158.01,201.18,69,27.9,180,4.6,5489.0,Reported,Upscale,4,EUR,36.3932,25.4615
TXN13009,3702,CHN06,Mecca,Saudi Arabia,Middle East,2019,Q1,2925000,125,81.25,99.85,65,23.9,400,4.4,325.0,Reported,Midscale,3,SAR,21.3891,39.8579
TXN13010,3703,CHN04,Yokohama,Japan,Asia Pacific,2021,Q4,2056752,828,372.6,474.74,45,23.1,60,4.9,5518.0,Reported,Luxury,5,JPY,35.4437,139.638
TXN13011,3704,CHN05,Jakarta,Indonesia,Asia Pacific,2025,Q2,7862618,417,308.58,451.66,74,22.1,280,4.8,7632.0,Estimated,Upper-Upscale,5,IDR,-6.2088,106.8456
TXN13012,3405,CHN05,Busan,South Korea,Asia Pacific,2023,Q2,19625970,790,616.2,715.44,78,32.9,350,4.8,6562.0,Reported,Luxury,5,KRW,35.1796,129.0756
TXN13013,3705,CHN01,Nice,France,Europe,2024,Q3,9702504,465,376.65,489.23,81,19.9,280,5.0,14607.0,Reported,Luxury,5,EUR,43.7102,7.262
TXN13014,3374,CHN10,Gyeongju,South Korea,Asia Pacific,2025,Q2,4823910,589,441.75,629.26,75,37.3,120,4.7,3805.0,Estimated,Luxury,5,KRW,35.8562,129.2247
TXN13015,3706,CHN03,London,UK,Europe,2022,Q3,1912680,198,138.6,155.9,70,24.7,150,4.2,4760.0,Reported,Midscale,3,GBP,51.5074,-0.1278
TXN13016,3707,CHN06,Yokohama,Japan,Asia Pacific,2022,Q4,535550,49,26.46,32.4,54,8.6,220,3.9,793.0,Reported,Economy,2,JPY,35.4437,139.638
TXN13017,3708,CHN05,Utrecht,Netherlands,Europe,2022,Q1,1270728,444,235.32,340.7,53,36.1,60,4.8,13399.0,Reported,Luxury,5,EUR,52.0907,5.1214
TXN13018,3709,CHN07,Jakarta,Indonesia,Asia Pacific,2025,Q2,2702700,99,74.25,106.81,75,11.6,400,4.3,4974.0,Estimated,Midscale,3,IDR,-6.2088,106.8456
TXN13019,3710,CHN06,Bristol,UK,Europe,2021,Q2,335790,41,20.5,25.14,50,26.7,180,3.9,1572.0,Reported,Economy,2,GBP,51.4545,-2.5879
TXN13020,3711,CHN02,Xian,China,Asia Pacific,2019,Q1,2638224,394,244.28,286.05,62,31.3,120,4.6,1508.0,Reported,Upper-Upscale,5,CNY,34.3416,108.9398
TXN13021,3712,CHN11,Dresden,Germany,Europe,2019,Q3,3867864,195,150.15,174.85,77,32.0,280,4.4,14914.0,Reported,Upscale,4,EUR,51.0509,13.7383
TXN13022,3713,CHN01,Daegu,South Korea,Asia Pacific,2025,Q4,9329628,439,289.74,366.77,66,37.2,350,4.7,3532.0,Estimated,Luxury,5,KRW,35.8714,128.6014
TXN13023,3714,CHN04,Florianopolis,Brazil,Americas,2021,Q2,1030029,231,113.19,135.36,49,43.5,100,4.7,14321.0,Reported,Upscale,4,BRL,-27.5954,-48.548
TXN13024,2113,CHN10,Verona,Italy,Europe,2024,Q2,4204837,161,132.02,158.22,82,37.5,350,4.4,9406.0,Reported,Upscale,4,EUR,45.4384,10.9916
TXN13025,3715,CHN02,Ras Al Khaimah,UAE,Middle East,2023,Q3,16336670,695,507.35,656.13,73,23.7,350,4.9,6974.0,Reported,Luxury,5,AED,25.8007,55.9762
TXN13026,3716,CHN04,Mumbai,India,Asia Pacific,2022,Q3,5314546,299,206.31,252.73,69,20.4,280,4.7,11483.0,Reported,Upper-Upscale,5,INR,19.076,72.8777
TXN13027,3717,CHN01,Hamburg,Germany,Europe,2025,Q3,690000,125,93.75,107.03,75,37.5,80,4.4,9498.0,Estimated,Upscale,4,EUR,53.5511,9.9937
TXN13028,3718,CHN05,Manchester,UK,Europe,2024,Q1,2431296,134,96.48,133.46,72,9.4,280,4.4,1198.0,Reported,Midscale,3,GBP,53.4808,-2.2426
TXN13029,3719,CHN11,Gold Coast,Australia,Asia Pacific,2023,Q4,2312218,136,89.76,110.47,66,23.5,280,4.2,2395.0,Reported,Midscale,3,AUD,-28.0167,153.4
TXN13030,3720,CHN01,Hangzhou,China,Asia Pacific,2025,Q3,7803734,374,302.94,358.93,81,28.5,280,4.9,14414.0,Estimated,Upper-Upscale,5,CNY,30.2741,120.1551
TXN13031,3721,CHN02,Cameron Highlands,Malaysia,Asia Pacific,2019,Q4,7193940,802,521.3,685.79,65,37.1,150,5.0,1697.0,Reported,Luxury,5,MYR,0.0,0.0
TXN13032,3722,CHN02,Fez,Morocco,Africa,2023,Q2,3340428,437,305.9,435.47,70,38.8,120,4.9,13804.0,Reported,Upper-Upscale,5,MAD,34.0181,-5.0078
TXN13033,3723,CHN02,Guilin,China,Asia Pacific,2021,Q3,1442560,112,56.0,67.61,50,18.0,280,4.6,2339.0,Reported,Upscale,4,CNY,25.2736,110.2907
TXN13034,3724,CHN04,Bali,Indonesia,Asia Pacific,2024,Q2,3478020,130,109.2,136.28,84,13.3,350,4.1,1736.0,Reported,Midscale,3,IDR,-8.3405,115.092
TXN13035,3725,CHN02,Mexico City,Mexico,Americas,2020,Q2,4669465,539,183.26,220.66,34,41.5,280,4.7,7287.0,Reported,Luxury,5,MXN,19.4326,-99.1332
TXN13036,3726,CHN11,Nice,France,Europe,2019,Q4,1698099,103,65.92,91.99,64,19.0,280,4.4,740.0,Reported,Midscale,3,EUR,43.7102,7.262
TXN13037,3727,CHN07,Pattaya,Thailand,Asia Pacific,2022,Q2,681408,78,49.92,62.22,64,9.2,150,4.2,1648.0,Reported,Midscale,3,THB,12.9236,100.8825
TXN13038,3444,CHN01,Toulouse,France,Europe,2020,Q3,3243920,215,88.15,124.06,41,24.4,400,4.8,13270.0,Reported,Upper-Upscale,5,EUR,43.6047,1.4442
TXN13039,3474,CHN09,Delft,Netherlands,Europe,2025,Q2,9931376,359,272.84,382.62,76,19.1,400,4.7,13226.0,Estimated,Luxury,5,EUR,0.0,0.0
TXN13040,3728,CHN12,Versailles,France,Europe,2021,Q3,3773693,633,341.82,461.54,54,29.9,120,4.9,8504.0,Reported,Luxury,5,EUR,48.8014,2.1301
TXN13041,3729,CHN07,Azores,Portugal,Europe,2021,Q3,569250,75,41.25,55.5,55,12.5,150,4.1,2557.0,Reported,Midscale,3,EUR,0.0,0.0
TXN13042,3730,CHN04,Orchard Road,Singapore,Asia Pacific,2025,Q3,12335949,584,478.88,563.71,82,24.0,280,4.8,2496.0,Estimated,Upper-Upscale,5,SGD,1.3048,103.8318
TXN13043,3731,CHN11,Marrakech,Morocco,Africa,2020,Q2,148512,80,27.2,36.44,34,27.7,60,4.3,225.0,Reported,Midscale,3,MAD,31.6295,-7.9811
TXN13044,3732,CHN01,Utrecht,Netherlands,Europe,2023,Q1,1538856,116,77.72,88.91,67,15.8,220,4.3,1900.0,Reported,Upscale,3,EUR,52.0907,5.1214
TXN13045,3733,CHN01,Corfu,Greece,Europe,2024,Q2,30750720,1056,844.8,1119.36,80,32.4,400,4.9,2524.0,Reported,Luxury,5,EUR,39.6243,19.9217
TXN13046,2928,CHN11,Miami,USA,Americas,2024,Q4,8435434,391,261.97,323.49,67,25.7,350,4.8,10436.0,Reported,Upper-Upscale,5,USD,25.7617,-80.1918
TXN13047,3734,CHN11,Fukuoka,Japan,Asia Pacific,2025,Q3,3336012,306,241.74,292.0,79,43.2,150,4.8,6715.0,Estimated,Upper-Upscale,5,JPY,33.5904,130.4017
TXN13048,3735,CHN06,Venice,Italy,Europe,2025,Q1,947376,86,58.48,82.0,68,15.5,180,4.1,3681.0,Estimated,Economy,2,EUR,45.4408,12.3155
TXN13049,1986,CHN11,Jeddah,Saudi Arabia,Middle East,2019,Q2,665683,127,91.44,131.74,72,27.2,80,4.1,2332.0,Reported,Midscale,3,SAR,21.5433,39.1728
TXN13050,2843,CHN08,Chengdu,China,Asia Pacific,2021,Q4,2653869,298,131.12,161.04,44,25.6,220,5.0,12038.0,Reported,Luxury,5,CNY,30.5728,104.0668
TXN13051,3736,CHN02,Perth,Australia,Asia Pacific,2024,Q1,4918320,345,248.4,327.31,72,37.3,220,4.7,5193.0,Reported,Upper-Upscale,4,AUD,-31.9505,115.8605
TXN13052,3737,CHN02,The Hague,Netherlands,Europe,2020,Q2,1837836,270,91.8,109.99,34,28.8,220,4.8,1255.0,Reported,Upper-Upscale,5,EUR,52.0705,4.3007
TXN13053,3738,CHN05,Fukuoka,Japan,Asia Pacific,2020,Q3,172224,80,31.2,39.24,39,10.5,60,4.3,1398.0,Reported,Midscale,3,JPY,33.5904,130.4017
TXN13054,3739,CHN04,Seville,Spain,Europe,2021,Q3,4231246,501,255.51,332.71,51,22.4,180,4.6,6236.0,Reported,Luxury,5,EUR,37.3891,-5.9845
TXN13055,3740,CHN07,Suzhou,China,Asia Pacific,2024,Q1,737154,187,136.51,163.94,73,24.2,60,4.5,9420.0,Reported,Upscale,4,CNY,31.2983,120.5832
TXN13056,3741,CHN10,Bangalore,India,Asia Pacific,2024,Q3,5731968,177,155.76,213.92,88,29.2,400,,3189.0,Reported,Upscale,4,INR,12.9716,77.5946
TXN13057,3742,CHN09,Fukuoka,Japan,Asia Pacific,2021,Q4,1139107,134,56.28,83.28,42,24.8,220,4.5,12259.0,Reported,Upper-Upscale,4,JPY,33.5904,130.4017
TXN13058,3743,CHN12,Ipoh,Malaysia,Asia Pacific,2025,Q3,14261509,719,553.63,785.33,77,29.9,280,5.0,6476.0,Estimated,Luxury,5,MYR,4.5975,101.0901
TXN13059,3744,CHN01,Seville,Spain,Europe,2024,Q4,13491763,1072,814.72,949.28,76,25.4,180,5.0,5487.0,Reported,Luxury,5,EUR,37.3891,-5.9845
TXN13060,3745,CHN03,Tangier,Morocco,Africa,2019,Q4,1184040,195,128.7,145.52,66,26.3,100,4.6,13380.0,Reported,Upscale,4,MAD,35.7595,-5.833
TXN13061,3746,CHN01,Salvador,Brazil,Americas,2024,Q1,3196908,299,197.34,257.76,66,29.6,180,4.4,12477.0,Reported,Upper-Upscale,4,BRL,-12.9714,-38.5014
TXN13062,1942,CHN08,JBR,UAE,Middle East,2023,Q4,1817957,499,329.34,384.24,66,33.1,60,4.6,14933.0,Reported,Luxury,5,AED,25.0777,55.1308
TXN13063,3747,CHN10,Leipzig,Germany,Europe,2019,Q4,4382770,401,264.66,345.2,66,33.4,180,4.9,8756.0,Reported,Luxury,5,EUR,51.3397,12.3731
TXN13064,3748,CHN06,Lisbon,Portugal,Europe,2024,Q4,278042,69,50.37,60.93,73,10.4,60,3.9,4853.0,Reported,Economy,2,EUR,38.7223,-9.1393
TXN13065,3749,CHN06,Yogyakarta,Indonesia,Asia Pacific,2022,Q3,852426,87,61.77,70.98,71,23.7,150,4.2,4700.0,Reported,Midscale,3,IDR,-7.7971,110.3688
TXN13066,3750,CHN08,Perth,Australia,Asia Pacific,2020,Q4,2890272,374,112.2,141.86,30,31.2,280,4.7,14394.0,Reported,Luxury,5,AUD,-31.9505,115.8605
TXN13067,3751,CHN11,Groningen,Netherlands,Europe,2020,Q3,459374,219,83.22,118.91,38,20.6,60,4.9,11856.0,Reported,Upper-Upscale,5,EUR,0.0,0.0
TXN13068,1579,CHN09,Medan,Indonesia,Asia Pacific,2019,Q4,2277184,136,88.4,112.77,65,41.9,280,4.5,6312.0,Reported,Upscale,4,IDR,0.0,0.0
TXN13069,3752,CHN06,Granada,Spain,Europe,2022,Q4,838819,131,75.98,100.39,58,33.5,120,4.5,11732.0,Reported,Upscale,4,EUR,37.1773,-3.5986
TXN13070,3753,CHN03,Al Ula,Saudi Arabia,Middle East,2021,Q4,2680383,323,132.43,192.42,41,23.9,220,4.9,14288.0,Reported,Luxury,5,SAR,0.0,0.0
TXN13071,1341,CHN08,Nara,Japan,Asia Pacific,2022,Q3,1333080,175,120.75,178.36,69,20.7,120,4.7,7727.0,Reported,Upscale,4,JPY,34.6851,135.8048
TXN13072,1653,CHN01,Zhangjiajie,China,Asia Pacific,2025,Q1,7342920,1046,679.9,941.38,65,43.5,120,4.8,10363.0,Estimated,Luxury,5,CNY,29.117,110.4793
TXN13073,3754,CHN11,Guilin,China,Asia Pacific,2025,Q3,9156576,286,248.82,345.44,87,21.1,400,4.7,6499.0,Estimated,Upper-Upscale,5,CNY,25.2736,110.2907
TXN13074,3755,CHN03,Manchester,UK,Europe,2020,Q2,1693037,408,155.04,179.65,38,40.2,120,4.7,3841.0,Reported,Luxury,5,GBP,53.4808,-2.2426
TXN13075,3756,CHN01,Fujairah,UAE,Middle East,2025,Q2,2583672,338,236.6,330.81,70,33.8,120,4.8,3178.0,Estimated,Upper-Upscale,5,AED,25.1288,56.3264
TXN13076,3757,CHN02,Amalfi,Italy,Europe,2021,Q3,6983407,651,345.03,430.66,53,34.4,220,4.9,8312.0,Reported,Luxury,5,EUR,40.634,14.6027
TXN13077,3758,CHN12,Belem,Brazil,Americas,2022,Q4,2259796,121,70.18,87.73,58,23.6,350,4.1,3703.0,Reported,Midscale,3,BRL,-1.4558,-48.5044
TXN13078,3273,CHN10,Sydney,Australia,Asia Pacific,2025,Q4,3317630,954,601.02,825.12,63,27.5,60,4.8,2355.0,Estimated,Luxury,5,AUD,-33.8688,151.2093
TXN13079,3759,CHN04,Fujairah,UAE,Middle East,2019,Q1,10809612,1011,667.26,848.27,66,31.8,180,4.7,6526.0,Reported,Luxury,5,AED,25.1288,56.3264
TXN13080,3760,CHN01,Cambridge,UK,Europe,2025,Q4,1166100,325,211.25,265.95,65,19.2,60,4.8,7501.0,Estimated,Upper-Upscale,5,GBP,52.2053,0.1218
TXN13081,3761,CHN03,Ankara,Turkey,Europe/Middle East,2021,Q2,11500398,1003,451.35,569.21,45,34.6,280,4.9,14551.0,Reported,Luxury,5,TRY,39.9334,32.8597
TXN13082,2434,CHN04,Woodlands,Singapore,Asia Pacific,2020,Q2,151606,49,16.66,23.79,34,23.6,100,3.9,3070.0,Reported,Economy,2,SGD,1.437,103.7862
TXN13083,3762,CHN08,Kusadasi,Turkey,Europe/Middle East,2019,Q4,8680090,468,336.96,405.85,72,28.1,280,4.6,3077.0,Reported,Luxury,5,TRY,0.0,0.0
TXN13084,3763,CHN05,Chefchaouen,Morocco,Africa,2021,Q2,418600,92,46.0,53.11,50,10.9,100,4.3,4886.0,Reported,Midscale,3,MAD,35.1688,-5.2636
TXN13085,3764,CHN02,Andong,South Korea,Asia Pacific,2023,Q2,16205598,697,508.81,577.88,73,26.3,350,4.9,11664.0,Reported,Luxury,5,KRW,36.5684,128.7294
TXN13086,3765,CHN07,Puebla,Mexico,Americas,2025,Q4,384689,101,69.69,90.72,69,20.2,60,4.3,2702.0,Estimated,Midscale,3,MXN,19.0414,-98.2063
TXN13087,3766,CHN06,Deira,UAE,Middle East,2023,Q1,405000,75,45.0,51.93,60,16.6,100,3.9,2023.0,Reported,Economy,2,AED,25.2697,55.3095
TXN13088,3767,CHN04,Manchester,UK,Europe,2020,Q4,501658,213,68.16,79.8,32,36.0,80,4.7,3656.0,Reported,Upscale,4,GBP,53.4808,-2.2426
TXN13089,3768,CHN05,Lisbon,Portugal,Europe,2020,Q3,4245763,402,164.82,235.8,41,24.0,280,4.9,3088.0,Reported,Luxury,5,EUR,38.7223,-9.1393
TXN13090,3769,CHN11,Trabzon,Turkey,Europe/Middle East,2024,Q1,3195045,343,236.67,338.79,69,39.2,150,4.8,2066.0,Reported,Upper-Upscale,5,TRY,0.0,0.0
TXN13091,3770,CHN03,Cairns,Australia,Asia Pacific,2020,Q2,591646,301,108.36,157.42,36,41.5,60,4.8,13603.0,Reported,Luxury,5,AUD,-16.9186,145.7781
TXN13092,1504,CHN06,Casablanca,Morocco,Africa,2019,Q4,741446,92,67.16,93.65,73,23.0,120,4.1,1374.0,Reported,Midscale,3,MAD,33.5731,-7.5898
TXN13093,3771,CHN03,Malacca,Malaysia,Asia Pacific,2021,Q1,1502928,142,59.64,87.03,42,26.7,280,4.6,9562.0,Reported,Upper-Upscale,4,MYR,2.1896,102.2501
TXN13094,3772,CHN05,Bangkok,Thailand,Asia Pacific,2024,Q1,4008960,464,296.96,362.89,64,32.4,150,4.8,9368.0,Reported,Luxury,5,THB,13.7563,100.5018
TXN13095,3773,CHN10,Nha Trang,Vietnam,Asia Pacific,2020,Q4,4954752,408,134.64,151.92,33,18.5,400,4.9,14239.0,Reported,Luxury,5,VND,12.2388,109.1967
TXN13096,3774,CHN09,Stuttgart,Germany,Europe,2024,Q4,1315306,161,119.14,151.84,74,43.0,120,4.6,2073.0,Reported,Upscale,4,EUR,48.7758,9.1829
TXN13097,3775,CHN12,Lille,France,Europe,2019,Q3,1530144,198,166.32,206.24,84,32.7,100,4.7,13573.0,Reported,Upscale,4,EUR,50.6292,3.0573
TXN13098,3255,CHN08,Labuan Bajo,Indonesia,Asia Pacific,2024,Q3,9564173,442,371.28,513.59,84,19.0,280,4.8,8678.0,Reported,Luxury,5,IDR,0.0,0.0
TXN13099,3056,CHN08,Ouarzazate,Morocco,Africa,2019,Q1,6468336,372,256.68,349.65,69,35.5,280,4.9,3838.0,Reported,Luxury,5,MAD,0.0,0.0
TXN13100,3776,CHN12,Penang,Malaysia,Asia Pacific,2022,Q3,1813504,110,70.4,92.98,64,13.2,280,4.3,2999.0,Reported,Midscale,3,MYR,5.4141,100.3288
TXN13101,3777,CHN02,Barcelona,Spain,Europe,2023,Q1,1883700,115,74.75,90.97,65,18.2,280,4.3,2278.0,Reported,Midscale,3,EUR,41.3851,2.1734
TXN13102,1467,CHN02,Haarlem,Netherlands,Europe,2025,Q2,19195358,793,602.68,811.16,76,28.7,350,4.8,3995.0,Estimated,Luxury,5,EUR,0.0,0.0
TXN13103,3778,CHN07,Krabi,Thailand,Asia Pacific,2019,Q2,2026934,86,63.64,82.81,74,24.9,350,4.2,1848.0,Reported,Midscale,3,THB,8.0863,98.9063
TXN13104,3779,CHN04,Oxford,UK,Europe,2019,Q1,4612608,286,183.04,262.86,64,30.8,280,4.4,1158.0,Reported,Upscale,4,GBP,51.752,-1.2577
TXN13105,3780,CHN06,Al Ula,Saudi Arabia,Middle East,2024,Q3,947232,117,102.96,124.19,88,21.3,100,4.4,777.0,Reported,Midscale,3,SAR,0.0,0.0
TXN13106,3781,CHN11,Toulouse,France,Europe,2024,Q4,2120232,334,230.46,325.81,69,21.5,100,4.9,2754.0,Reported,Upper-Upscale,5,EUR,43.6047,1.4442
TXN13107,3782,CHN08,Merida,Mexico,Americas,2022,Q1,2712312,433,251.14,333.53,58,21.3,120,4.8,10605.0,Reported,Luxury,5,MXN,20.9674,-89.5926
TXN13108,3783,CHN08,Da Nang,Vietnam,Asia Pacific,2019,Q1,4717440,208,131.04,147.74,63,30.7,400,4.7,3254.0,Reported,Upscale,4,VND,16.0544,108.2022
TXN13109,3784,CHN04,Hamburg,Germany,Europe,2025,Q4,1437408,124,86.8,102.51,70,22.9,180,4.2,2797.0,Estimated,Midscale,3,EUR,53.5511,9.9937
TXN13110,3785,CHN09,Thessaloniki,Greece,Europe,2021,Q3,669760,140,72.8,103.12,52,30.5,100,4.4,13141.0,Reported,Upper-Upscale,4,EUR,40.6401,22.9444
TXN13111,3786,CHN02,Sapa,Vietnam,Asia Pacific,2020,Q2,203840,64,22.4,28.17,35,21.7,100,4.2,1787.0,Reported,Midscale,3,VND,0.0,0.0
TXN13112,3787,CHN03,Meknes,Morocco,Africa,2025,Q1,3267000,550,363.0,514.47,66,32.2,100,4.7,6355.0,Estimated,Luxury,5,MAD,0.0,0.0
TXN13113,3788,CHN11,Nagoya,Japan,Asia Pacific,2019,Q4,435197,81,59.13,85.05,73,21.8,80,4.1,3976.0,Reported,Midscale,3,JPY,35.1815,136.9066
TXN13114,3789,CHN11,Krabi,Thailand,Asia Pacific,2020,Q3,950544,82,29.52,42.74,36,13.3,350,4.1,4298.0,Reported,Midscale,3,THB,8.0863,98.9063
TXN13115,3790,CHN03,JBR,UAE,Middle East,2021,Q2,1336608,306,146.88,172.04,48,42.6,100,4.8,5537.0,Reported,Luxury,5,AED,25.0777,55.1308
TXN13116,3791,CHN03,Turin,Italy,Europe,2025,Q4,31738896,1369,862.47,1200.59,63,20.9,400,4.9,2697.0,Estimated,Luxury,5,EUR,45.0703,7.6869
TXN13117,3792,CHN01,Sapporo,Japan,Asia Pacific,2019,Q3,1204022,266,218.12,273.37,82,20.7,60,4.5,4778.0,Reported,Upper-Upscale,4,JPY,43.0618,141.3545
TXN13118,3793,CHN09,Trabzon,Turkey,Europe/Middle East,2025,Q2,2392936,346,262.96,325.37,76,21.3,100,4.8,1901.0,Estimated,Luxury,5,TRY,0.0,0.0
TXN13119,1739,CHN07,Medina,Saudi Arabia,Middle East,2025,Q2,2429336,94,66.74,76.69,71,8.5,400,4.1,1651.0,Estimated,Midscale,3,SAR,24.5247,39.5692
TXN13120,3794,CHN03,Algarve,Portugal,Europe,2023,Q3,3462144,112,94.08,132.51,84,13.5,400,4.1,654.0,Reported,Midscale,3,EUR,37.0194,-8.1383
TXN13121,3795,CHN04,Obidos,Portugal,Europe,2021,Q3,409860,55,29.7,38.7,54,10.3,150,4.0,371.0,Reported,Economy,2,EUR,0.0,0.0
TXN13122,3796,CHN05,Agra,India,Asia Pacific,2022,Q1,4100382,429,253.11,285.28,59,21.1,180,4.7,6483.0,Reported,Luxury,5,INR,27.1767,78.0081
TXN13123,3797,CHN01,Perth,Australia,Asia Pacific,2023,Q1,3088800,132,85.8,111.45,65,24.1,400,4.4,1428.0,Reported,Upscale,3,AUD,-31.9505,115.8605
TXN13124,3798,CHN06,Antalya,Turkey,Europe/Middle East,2019,Q4,564144,70,51.1,66.27,73,23.1,120,3.9,2883.0,Reported,Economy,2,TRY,36.8969,30.7133
TXN13125,3799,CHN11,Maastricht,Netherlands,Europe,2025,Q4,4211539,289,208.08,293.65,72,33.0,220,4.6,10056.0,Estimated,Upper-Upscale,5,EUR,50.8514,5.691
TXN13126,3800,CHN12,Shanghai,China,Asia Pacific,2020,Q4,818910,119,40.46,50.96,34,13.0,220,4.1,2422.0,Reported,Midscale,3,CNY,31.2304,121.4737
TXN13127,3801,CHN08,Paris,France,Europe,2021,Q4,4458412,301,138.46,168.04,46,24.3,350,4.3,9540.0,Reported,Upscale,4,EUR,48.8566,2.3522
TXN13128,3091,CHN11,Orchard Road,Singapore,Asia Pacific,2020,Q2,2559211,279,100.44,122.31,36,38.6,280,4.9,2275.0,Reported,Upper-Upscale,5,SGD,1.3048,103.8318
TXN13129,3466,CHN02,Stuttgart,Germany,Europe,2024,Q1,667440,103,74.16,86.92,72,17.8,100,4.3,518.0,Reported,Midscale,3,EUR,48.7758,9.1829
TXN13130,3802,CHN03,Milan,Italy,Europe,2025,Q4,5522944,320,214.4,279.85,67,37.3,280,4.6,2017.0,Estimated,Upscale,4,EUR,45.4654,9.1859
TXN13131,3803,CHN05,Sapa,Vietnam,Asia Pacific,2023,Q3,11413483,547,443.07,636.81,81,32.4,280,4.9,3056.0,Reported,Luxury,5,VND,0.0,0.0
TXN13132,3804,CHN06,Sentosa,Singapore,Asia Pacific,2023,Q4,1714328,121,84.7,112.86,70,19.6,220,4.2,3939.0,Reported,Midscale,3,SGD,1.2494,103.8303
TXN13133,3805,CHN06,Hanoi,Vietnam,Asia Pacific,2023,Q3,3218712,119,99.96,138.39,84,18.0,350,4.3,1652.0,Reported,Midscale,3,VND,21.0285,105.8542
TXN13134,3806,CHN05,Hangzhou,China,Asia Pacific,2022,Q4,10110432,482,274.74,402.83,57,22.3,400,5.0,4005.0,Reported,Luxury,5,CNY,30.2741,120.1551
TXN13135,1047,CHN12,Bilbao,Spain,Europe,2021,Q1,255420,110,47.3,65.68,43,12.9,60,4.2,4479.0,Reported,Midscale,3,EUR,43.263,-2.935
TXN13136,1084,CHN08,Fujairah,UAE,Middle East,2019,Q3,6878693,483,415.38,481.28,86,28.8,180,4.8,8779.0,Reported,Luxury,5,AED,25.1288,56.3264
TXN13137,3807,CHN02,Haarlem,Netherlands,Europe,2021,Q2,3739008,214,102.72,147.31,48,40.5,400,,1529.0,Reported,Upper-Upscale,4,EUR,0.0,0.0
TXN13138,2987,CHN12,Liverpool,UK,Europe,2023,Q4,792010,211,143.48,167.28,68,40.2,60,4.4,9508.0,Reported,Upscale,4,GBP,53.4084,-2.9916
TXN13139,3808,CHN04,Koh Samui,Thailand,Asia Pacific,2025,Q2,1352333,172,123.84,156.97,72,36.5,120,4.5,7065.0,Estimated,Upscale,4,THB,9.512,100.0136
TXN13140,2376,CHN06,Hanoi,Vietnam,Asia Pacific,2021,Q2,484575,71,35.5,45.04,50,16.6,150,4.4,2394.0,Reported,Midscale,3,VND,21.0285,105.8542
TXN13141,1023,CHN05,Toulouse,France,Europe,2025,Q2,1406059,261,193.14,218.87,74,34.3,80,4.6,9495.0,Estimated,Upscale,4,EUR,43.6047,1.4442
TXN13142,3809,CHN06,Bangkok,Thailand,Asia Pacific,2022,Q3,469973,43,28.38,38.09,66,19.0,180,4.1,2093.0,Reported,Economy,2,THB,13.7563,100.5018
TXN13143,2161,CHN08,Delphi,Greece,Europe,2022,Q3,2413822,178,119.26,142.15,67,25.2,220,4.4,1727.0,Reported,Upscale,4,EUR,0.0,0.0
TXN13144,2455,CHN04,Barcelona,Spain,Europe,2024,Q1,1416960,246,157.44,218.64,64,20.1,100,4.6,8603.0,Reported,Upscale,4,EUR,41.3851,2.1734
TXN13145,2482,CHN12,Granada,Spain,Europe,2019,Q3,1991616,120,98.4,136.65,82,9.7,220,4.3,1778.0,Reported,Midscale,3,EUR,37.1773,-3.5986
TXN13146,3810,CHN05,Lombok,Indonesia,Asia Pacific,2023,Q2,2791589,498,383.46,553.59,77,28.1,80,4.7,14691.0,Reported,Luxury,5,IDR,-8.5833,116.35
TXN13147,3811,CHN04,Bordeaux,France,Europe,2021,Q2,1854544,222,113.22,155.39,51,40.4,180,4.6,1062.0,Reported,Upscale,4,EUR,44.8378,-0.5792
TXN13148,3812,CHN02,Meteora,Greece,Europe,2023,Q2,6595953,653,483.22,576.9,74,35.0,150,5.0,6280.0,Reported,Luxury,5,EUR,0.0,0.0
TXN13149,3813,CHN06,Genting,Malaysia,Asia Pacific,2021,Q1,199584,84,36.96,43.78,44,21.2,60,4.4,2137.0,Reported,Midscale,3,MYR,0.0,0.0
TXN13150,3814,CHN08,Hoi An,Vietnam,Asia Pacific,2024,Q1,791208,222,146.52,183.15,66,42.0,60,4.6,4131.0,Reported,Upscale,4,VND,15.8801,108.338
TXN13151,3815,CHN05,Hiroshima,Japan,Asia Pacific,2019,Q3,5927054,233,184.07,211.0,79,23.0,350,4.4,6609.0,Reported,Upscale,4,JPY,34.3853,132.4553
TXN13152,1538,CHN01,Milan,Italy,Europe,2022,Q2,5513508,405,275.4,312.64,68,19.4,220,4.7,7647.0,Reported,Upper-Upscale,5,EUR,45.4654,9.1859
TXN13153,3816,CHN06,Canberra,Australia,Asia Pacific,2025,Q2,434070,53,39.75,56.34,75,17.8,120,4.0,1662.0,Estimated,Economy,2,AUD,-35.2809,149.13
TXN13154,3817,CHN02,Lombok,Indonesia,Asia Pacific,2021,Q1,1441314,217,88.97,126.62,41,19.4,180,4.6,2433.0,Reported,Upper-Upscale,4,IDR,-8.5833,116.35
TXN13155,3818,CHN06,Amalfi,Italy,Europe,2021,Q4,419446,139,56.99,75.03,41,26.7,80,4.4,4154.0,Reported,Upscale,4,EUR,40.634,14.6027
TXN13156,3819,CHN12,Cappadocia,Turkey,Europe/Middle East,2019,Q2,2572752,310,235.6,334.29,76,29.7,120,4.4,2775.0,Reported,Upscale,4,TRY,38.6431,34.8289
TXN13157,3820,CHN10,Chengdu,China,Asia Pacific,2019,Q3,864432,145,117.45,169.56,81,21.7,80,4.4,13410.0,Reported,Upscale,4,CNY,30.5728,104.0668
TXN13158,3821,CHN09,Nha Trang,Vietnam,Asia Pacific,2022,Q2,596378,128,81.92,94.11,64,40.0,80,4.5,1717.0,Reported,Upscale,4,VND,12.2388,109.1967
TXN13159,3822,CHN11,Azores,Portugal,Europe,2021,Q4,2590941,214,100.58,143.13,47,30.8,280,4.8,9361.0,Reported,Upper-Upscale,5,EUR,0.0,0.0
TXN13160,3823,CHN04,Bugis,Singapore,Asia Pacific,2022,Q3,296314,61,40.26,51.1,66,16.1,80,4.1,1706.0,Reported,Economy,2,SGD,1.3006,103.8551
TXN13161,2213,CHN10,Melbourne,Australia,Asia Pacific,2020,Q2,1059968,416,145.6,164.53,35,42.5,80,4.7,2738.0,Reported,Luxury,5,AUD,-37.8136,144.9631
TXN13162,3824,CHN01,Ankara,Turkey,Europe/Middle East,2020,Q4,2682260,245,83.3,120.11,34,29.4,350,4.7,13251.0,Reported,Upper-Upscale,5,TRY,39.9334,32.8597
TXN13163,3825,CHN11,Medina,Saudi Arabia,Middle East,2023,Q4,2631200,110,71.5,104.51,65,25.3,400,4.4,835.0,Reported,Midscale,3,SAR,24.5247,39.5692
TXN13164,2315,CHN06,Rio de Janeiro,Brazil,Americas,2020,Q3,148543,69,26.91,39.35,39,9.9,60,4.4,2170.0,Reported,Midscale,3,BRL,-22.9068,-43.1729
TXN13165,3826,CHN07,New York,USA,Americas,2020,Q2,493802,119,45.22,63.7,38,12.5,120,4.1,3576.0,Reported,Midscale,3,USD,40.7128,-74.006
TXN13166,3827,CHN10,Thessaloniki,Greece,Europe,2021,Q1,1708560,113,47.46,66.43,42,36.7,400,4.6,1176.0,Reported,Upscale,4,EUR,40.6401,22.9444
TXN13167,3828,CHN05,Ipoh,Malaysia,Asia Pacific,2024,Q4,8883336,627,438.9,628.38,70,31.1,220,4.8,3093.0,Reported,Luxury,5,MYR,4.5975,101.0901
TXN13168,3829,CHN03,Kuala Lumpur,Malaysia,Asia Pacific,2025,Q3,17816904,636,553.32,775.61,87,40.0,350,4.8,10506.0,Estimated,Luxury,5,MYR,3.139,101.6869
TXN13169,3830,CHN01,Hiroshima,Japan,Asia Pacific,2020,Q4,748328,83,29.05,39.65,35,36.1,280,4.5,14844.0,Reported,Upscale,4,JPY,34.3853,132.4553
TXN13170,3831,CHN10,Melbourne,Australia,Asia Pacific,2022,Q4,763526,182,103.74,142.77,57,40.3,80,4.7,6957.0,Reported,Upscale,4,AUD,-37.8136,144.9631
TXN13171,3832,CHN10,The Hague,Netherlands,Europe,2022,Q4,2408560,136,74.8,87.81,55,29.3,350,4.4,4341.0,Reported,Upscale,4,EUR,52.0705,4.3007
TXN13172,3833,CHN09,Merida,Mexico,Americas,2020,Q2,540540,110,39.6,58.48,36,34.1,150,4.6,3386.0,Reported,Upscale,4,MXN,20.9674,-89.5926
TXN13173,1585,CHN10,Eindhoven,Netherlands,Europe,2020,Q3,5976062,627,231.99,292.58,37,33.0,280,4.8,12892.0,Reported,Luxury,5,EUR,51.4416,5.4697
TXN13174,1975,CHN01,Abha,Saudi Arabia,Middle East,2020,Q3,7292656,745,283.1,322.11,38,31.4,280,4.6,8727.0,Reported,Luxury,5,SAR,18.2164,42.5053
TXN13175,3834,CHN08,Surabaya,Indonesia,Asia Pacific,2024,Q2,5302206,415,323.7,405.04,78,39.8,180,4.9,12602.0,Reported,Luxury,5,IDR,-7.2575,112.7521
TXN13176,3835,CHN11,Bandung,Indonesia,Asia Pacific,2021,Q4,203688,82,36.9,50.57,45,19.3,60,4.4,2280.0,Reported,Midscale,3,IDR,-6.9175,107.6191
TXN13177,2501,CHN01,Hong Kong,China,Asia Pacific,2025,Q4,12377312,502,336.34,422.55,67,38.8,400,4.8,14581.0,Estimated,Upper-Upscale,5,CNY,22.3193,114.1694
TXN13178,3836,CHN03,Changi,Singapore,Asia Pacific,2025,Q1,2563200,445,284.8,389.17,64,24.0,100,4.9,12803.0,Estimated,Luxury,5,SGD,1.3644,103.9915
TXN13179,3837,CHN07,Birmingham,UK,Europe,2020,Q4,526387,149,47.68,61.81,32,29.0,120,4.4,13914.0,Reported,Upscale,4,GBP,52.4862,-1.8904
TXN13180,2491,CHN10,Shanghai,China,Asia Pacific,2023,Q2,3925958,214,154.08,184.58,72,38.0,280,4.5,11822.0,Reported,Upscale,4,CNY,31.2304,121.4737
TXN13181,1095,CHN06,Penang,Malaysia,Asia Pacific,2025,Q4,617136,129,83.85,119.33,65,27.5,80,4.2,4490.0,Estimated,Midscale,3,MYR,5.4141,100.3288
TXN13182,3838,CHN07,Yanbu,Saudi Arabia,Middle East,2024,Q2,1676475,106,83.74,114.18,79,27.8,220,4.3,2833.0,Reported,Midscale,3,SAR,0.0,0.0
TXN13183,3839,CHN09,Kuala Lumpur,Malaysia,Asia Pacific,2021,Q3,1079859,262,146.72,186.66,56,33.2,80,4.8,2796.0,Reported,Luxury,5,MYR,3.139,101.6869
TXN13184,3840,CHN11,Changi,Singapore,Asia Pacific,2024,Q4,2698397,202,133.32,181.79,66,41.4,220,4.5,9080.0,Reported,Upscale,4,SGD,1.3644,103.9915
TXN13185,3841,CHN07,Cancun,Mexico,Americas,2021,Q2,171080,47,23.5,30.28,50,20.1,80,3.9,218.0,Reported,Economy,2,MXN,21.1619,-86.8515
TXN13186,3842,CHN07,Sapporo,Japan,Asia Pacific,2025,Q4,1589760,200,144.0,166.74,72,22.6,120,4.5,13991.0,Estimated,Upscale,4,JPY,43.0618,141.3545
TXN13187,3843,CHN01,Madrid,Spain,Europe,2023,Q4,869400,125,78.75,99.2,63,8.6,120,4.4,4758.0,Reported,Upscale,3,EUR,40.4168,-3.7038
TXN13188,3844,CHN04,Jurong,Singapore,Asia Pacific,2024,Q3,10145898,389,315.09,411.23,81,39.2,350,4.7,4203.0,Reported,Upper-Upscale,5,SGD,1.3404,103.709
TXN13189,1781,CHN11,Tulum,Mexico,Americas,2025,Q1,908820,102,67.32,76.94,66,10.4,150,4.2,3913.0,Estimated,Midscale,3,MXN,20.2114,-87.4654
TXN13190,3845,CHN11,Tabuk,Saudi Arabia,Middle East,2025,Q3,3060288,288,221.76,307.66,77,41.8,150,4.8,5148.0,Estimated,Upper-Upscale,5,SAR,0.0,0.0
TXN13191,1911,CHN08,Los Cabos,Mexico,Americas,2024,Q4,3015300,437,327.75,477.51,75,28.4,100,4.7,1884.0,Reported,Luxury,5,MXN,22.8905,-109.9167
TXN13192,3846,CHN07,Coimbra,Portugal,Europe,2021,Q4,425040,70,30.8,37.78,44,16.0,150,4.3,380.0,Reported,Midscale,3,EUR,0.0,0.0
TXN13193,3847,CHN01,Sharjah,UAE,Middle East,2022,Q4,842573,96,50.88,65.57,53,15.3,180,4.3,3411.0,Reported,Upscale,3,AED,25.3463,55.4209
TXN13194,3848,CHN11,Amalfi,Italy,Europe,2019,Q3,913229,94,82.72,101.68,88,22.9,120,4.4,1783.0,Reported,Midscale,3,EUR,40.634,14.6027
TXN13195,3849,CHN10,Chicago,USA,Americas,2024,Q4,1526280,237,165.9,221.83,70,35.8,100,4.5,10182.0,Reported,Upscale,4,USD,41.8781,-87.6298
TXN13196,3850,CHN11,The Hague,Netherlands,Europe,2022,Q4,853171,92,51.52,72.35,56,21.7,180,4.1,2765.0,Reported,Midscale,3,EUR,52.0705,4.3007
TXN13197,3851,CHN12,Obidos,Portugal,Europe,2020,Q1,2278530,485,140.65,165.76,29,18.2,180,4.8,4913.0,Reported,Luxury,5,EUR,0.0,0.0
TXN13198,3852,CHN09,Sukhothai,Thailand,Asia Pacific,2022,Q1,817452,261,151.38,215.54,58,30.8,60,4.7,2297.0,Reported,Luxury,5,THB,0.0,0.0
TXN13199,3853,CHN03,Turin,Italy,Europe,2022,Q1,6060285,363,192.39,236.56,53,22.3,350,4.9,6804.0,Reported,Luxury,5,EUR,45.0703,7.6869
TXN13200,3854,CHN12,Fez,Morocco,Africa,2022,Q2,1358885,306,186.66,215.17,61,25.1,80,4.5,10466.0,Reported,Upscale,4,MAD,34.0181,-5.0078
TXN13201,3855,CHN02,Sydney,Australia,Asia Pacific,2022,Q4,7143248,376,221.84,280.12,59,42.1,350,4.5,11296.0,Reported,Upper-Upscale,4,AUD,-33.8688,151.2093
TXN13202,3856,CHN02,Recife,Brazil,Americas,2023,Q1,917568,96,56.64,69.74,59,12.1,180,,4558.0,Reported,Midscale,3,BRL,-8.0476,-34.877
TXN13203,3857,CHN06,Amsterdam,Netherlands,Europe,2022,Q3,560280,58,40.6,50.74,70,16.1,150,4.0,2530.0,Reported,Economy,2,EUR,52.3676,4.9041
TXN13204,3858,CHN01,Jeju Island,South Korea,Asia Pacific,2022,Q2,824678,118,75.52,88.68,64,26.8,120,4.4,10801.0,Reported,Upscale,4,KRW,33.4996,126.5312
TXN13205,3859,CHN09,Oxford,UK,Europe,2020,Q4,793886,141,47.94,63.07,34,19.3,180,4.5,12683.0,Reported,Upper-Upscale,4,GBP,51.752,-1.2577
TXN13206,3860,CHN03,Cannes,France,Europe,2024,Q2,3559993,619,489.01,582.08,79,42.5,80,4.7,10929.0,Reported,Luxury,5,EUR,43.5528,7.0174
TXN13207,3861,CHN12,Bali,Indonesia,Asia Pacific,2020,Q1,513216,99,31.68,44.12,32,9.9,180,4.2,2531.0,Reported,Midscale,3,IDR,-8.3405,115.092
TXN13208,3862,CHN09,Granada,Spain,Europe,2020,Q4,317952,108,34.56,44.21,32,27.7,100,4.7,1125.0,Reported,Upscale,4,EUR,37.1773,-3.5986
TXN13209,3863,CHN03,Ankara,Turkey,Europe/Middle East,2021,Q2,1974445,369,180.81,257.45,49,25.7,120,4.8,1845.0,Reported,Luxury,5,TRY,39.9334,32.8597
TXN13210,3864,CHN05,Azores,Portugal,Europe,2024,Q2,13322536,573,418.29,513.07,73,18.1,350,4.7,10166.0,Reported,Luxury,5,EUR,0.0,0.0
TXN13211,3865,CHN06,Kanchanaburi,Thailand,Asia Pacific,2020,Q4,192510,45,13.95,16.71,31,8.3,150,4.0,2911.0,Reported,Economy,2,THB,0.0,0.0
TXN13212,3801,CHN08,Paris,France,Europe,2023,Q4,4424004,411,267.15,347.72,65,25.7,180,4.4,7413.0,Reported,Upscale,4,EUR,48.8566,2.3522
TXN13213,3866,CHN02,Ibiza,Spain,Europe,2024,Q3,4583808,346,276.8,389.82,80,26.8,180,4.6,2503.0,Reported,Upper-Upscale,4,EUR,38.9067,1.4206
TXN13214,3867,CHN02,Milan,Italy,Europe,2021,Q3,11183382,681,347.31,447.46,51,37.3,350,4.7,4994.0,Reported,Luxury,5,EUR,45.4654,9.1859
TXN13215,1862,CHN01,Hue,Vietnam,Asia Pacific,2024,Q1,3400272,926,629.68,931.66,68,24.1,60,4.9,2834.0,Reported,Luxury,5,VND,16.4637,107.5909
TXN13216,3868,CHN05,Chiang Mai,Thailand,Asia Pacific,2025,Q2,6042582,527,368.9,470.99,70,39.7,180,4.9,5597.0,Estimated,Luxury,5,THB,18.7883,98.9853
TXN13217,3869,CHN07,Delphi,Greece,Europe,2021,Q2,2380150,141,74.73,107.28,53,25.4,350,4.5,8166.0,Reported,Upscale,4,EUR,0.0,0.0
TXN13218,3870,CHN07,Chinatown,Singapore,Asia Pacific,2022,Q1,1511946,183,93.33,123.17,51,38.4,180,4.5,6488.0,Reported,Upscale,4,SGD,1.2826,103.8446
TXN13219,3871,CHN10,Toledo,Spain,Europe,2024,Q4,5473246,479,330.51,478.36,69,26.8,180,4.9,1571.0,Reported,Luxury,5,EUR,39.8628,-4.0273
TXN13220,3872,CHN07,Medan,Indonesia,Asia Pacific,2022,Q1,2022048,136,80.24,109.06,59,22.2,280,4.4,4005.0,Reported,Upscale,4,IDR,0.0,0.0
TXN13221,3873,CHN08,Cancun,Mexico,Americas,2025,Q4,10380250,552,402.96,524.21,73,25.2,280,4.6,14640.0,Estimated,Luxury,5,MXN,21.1619,-86.8515
TXN13222,3039,CHN01,Eindhoven,Netherlands,Europe,2021,Q2,1130948,239,124.28,158.58,52,37.7,100,4.7,4362.0,Reported,Upper-Upscale,5,EUR,51.4416,5.4697
TXN13223,3874,CHN06,Orchard Road,Singapore,Asia Pacific,2024,Q3,1603008,99,79.2,106.81,80,14.0,220,4.0,3131.0,Reported,Economy,2,SGD,1.3048,103.8318
TXN13224,3875,CHN09,Shanghai,China,Asia Pacific,2024,Q4,3770270,481,341.51,396.16,71,42.4,120,4.8,8483.0,Reported,Luxury,5,CNY,31.2304,121.4737
TXN13225,3876,CHN10,Sapa,Vietnam,Asia Pacific,2020,Q2,1242150,100,39.0,47.45,39,18.6,350,4.7,12995.0,Reported,Upscale,4,VND,0.0,0.0
TXN13226,3877,CHN07,San Sebastian,Spain,Europe,2021,Q3,1610294,156,79.56,90.07,51,20.5,220,4.5,5053.0,Reported,Upscale,4,EUR,43.3183,-1.9812
TXN13227,3878,CHN08,Krabi,Thailand,Asia Pacific,2021,Q3,6635776,368,180.32,261.08,49,21.1,400,4.9,11799.0,Reported,Luxury,5,THB,8.0863,98.9063
TXN13228,2929,CHN08,Madeira,Portugal,Europe,2022,Q4,2464128,360,223.2,313.8,62,28.7,120,4.6,12206.0,Reported,Luxury,5,EUR,32.6669,-16.9241
TXN13229,3879,CHN08,Bologna,Italy,Europe,2019,Q2,896314,216,164.16,197.28,76,22.4,60,4.5,10517.0,Reported,Upscale,4,EUR,44.4949,11.3426
TXN13230,3880,CHN11,Andong,South Korea,Asia Pacific,2022,Q4,2143232,104,58.24,72.62,56,26.5,400,4.1,3218.0,Reported,Midscale,3,KRW,36.5684,128.7294
TXN13231,3881,CHN10,Stuttgart,Germany,Europe,2022,Q4,601128,121,65.34,87.85,54,35.6,100,4.5,14596.0,Reported,Upscale,4,EUR,48.7758,9.1829
TXN13232,3882,CHN01,Sydney,Australia,Asia Pacific,2022,Q3,6401360,355,248.5,326.43,70,32.0,280,4.7,11582.0,Reported,Upper-Upscale,4,AUD,-33.8688,151.2093
TXN13233,3883,CHN05,Medina,Saudi Arabia,Middle East,2021,Q1,2856060,516,211.56,245.01,41,32.3,150,5.0,8388.0,Reported,Luxury,5,SAR,24.5247,39.5692
TXN13234,2978,CHN05,Delphi,Greece,Europe,2022,Q1,4651020,405,234.9,278.31,58,42.9,220,4.6,8783.0,Reported,Luxury,5,EUR,0.0,0.0
TXN13235,1914,CHN09,Medan,Indonesia,Asia Pacific,2020,Q2,768550,138,46.92,58.15,34,35.9,180,4.4,5283.0,Reported,Upper-Upscale,4,IDR,0.0,0.0
TXN13236,3884,CHN10,Puerto Vallarta,Mexico,Americas,2025,Q2,4757571,471,348.54,401.17,74,37.6,150,5.0,4328.0,Estimated,Luxury,5,MXN,20.6534,-105.2253
TXN13237,3885,CHN08,Shanghai,China,Asia Pacific,2021,Q2,3432429,381,171.45,199.35,45,35.4,220,4.7,5585.0,Reported,Luxury,5,CNY,31.2304,121.4737
TXN13238,3886,CHN01,Cambridge,UK,Europe,2021,Q4,12334210,815,383.05,547.16,47,30.2,350,4.9,6755.0,Reported,Luxury,5,GBP,52.2053,0.1218
TXN13239,3887,CHN04,Corfu,Greece,Europe,2021,Q4,280637,124,50.84,61.22,41,41.7,60,4.7,2251.0,Reported,Upscale,4,EUR,39.6243,19.9217
TXN13240,3888,CHN08,Chengdu,China,Asia Pacific,2022,Q4,2462141,162,95.58,133.87,59,35.6,280,4.6,3591.0,Reported,Upscale,4,CNY,30.5728,104.0668
TXN13241,1940,CHN12,Guangzhou,China,Asia Pacific,2020,Q1,1144044,214,70.62,80.55,33,31.4,180,4.4,2151.0,Reported,Upscale,4,CNY,23.1291,113.2644
TXN13242,3889,CHN10,Kuala Lumpur,Malaysia,Asia Pacific,2024,Q4,3856272,998,698.6,935.73,70,27.7,60,4.6,9842.0,Reported,Luxury,5,MYR,3.139,101.6869
TXN13243,2681,CHN06,Kanchanaburi,Thailand,Asia Pacific,2022,Q2,546218,82,50.02,64.94,61,14.2,120,4.2,1179.0,Reported,Midscale,3,THB,0.0,0.0
TXN13244,3890,CHN01,Makassar,Indonesia,Asia Pacific,2022,Q4,1028376,207,111.78,140.63,54,23.5,100,4.4,14503.0,Reported,Upper-Upscale,4,IDR,0.0,0.0
TXN13245,3891,CHN01,Okinawa,Japan,Asia Pacific,2025,Q1,3468582,351,214.11,265.74,61,39.4,180,4.9,7570.0,Estimated,Upper-Upscale,5,JPY,26.2124,127.6809
TXN13246,3892,CHN06,Azores,Portugal,Europe,2023,Q2,965765,67,48.24,66.6,72,9.7,220,3.9,4098.0,Reported,Economy,2,EUR,0.0,0.0
TXN13247,2057,CHN02,Izmir,Turkey,Europe/Middle East,2019,Q1,1257525,135,93.15,120.96,69,23.4,150,4.6,14506.0,Reported,Upscale,4,TRY,38.4192,27.1287
TXN13248,3893,CHN06,Al Ula,Saudi Arabia,Middle East,2021,Q2,269724,38,19.76,28.1,52,15.3,150,3.8,2812.0,Reported,Economy,2,SAR,0.0,0.0
TXN13249,3894,CHN07,Jeddah,Saudi Arabia,Middle East,2020,Q1,1790460,196,56.84,71.11,29,27.9,350,4.4,13514.0,Reported,Upscale,4,SAR,21.5433,39.1728
TXN13250,3895,CHN02,Agadir,Morocco,Africa,2019,Q1,7191180,772,532.68,698.57,69,28.0,150,4.9,13841.0,Reported,Luxury,5,MAD,30.4278,-9.5981
TXN13251,3896,CHN11,Rotterdam,Netherlands,Europe,2025,Q3,2798180,110,86.9,99.7,79,25.2,350,4.2,4614.0,Estimated,Midscale,3,EUR,51.9244,4.4777
TXN13252,3897,CHN07,Yogyakarta,Indonesia,Asia Pacific,2025,Q2,486268,61,44.53,65.6,73,16.9,120,3.9,1391.0,Estimated,Economy,2,IDR,-7.7971,110.3688
TXN13253,3898,CHN08,Algarve,Portugal,Europe,2024,Q1,7400448,512,373.76,519.01,73,31.8,220,4.9,6210.0,Reported,Luxury,5,EUR,37.0194,-8.1383
TXN13254,3899,CHN05,Antalya,Turkey,Europe/Middle East,2024,Q1,4683420,826,520.38,608.74,63,39.1,100,4.9,6872.0,Reported,Luxury,5,TRY,36.8969,30.7133
TXN13255,3900,CHN12,Chengdu,China,Asia Pacific,2020,Q2,783510,246,86.1,109.91,35,34.8,100,4.6,8051.0,Reported,Upscale,4,CNY,30.5728,104.0668
TXN13256,3901,CHN06,Florence,Italy,Europe,2019,Q3,3428656,121,93.17,109.58,77,8.2,400,4.3,4625.0,Reported,Midscale,3,EUR,43.7696,11.2558
TXN13257,3902,CHN08,Dusseldorf,Germany,Europe,2021,Q2,380016,145,69.6,101.87,48,25.2,60,4.7,13407.0,Reported,Upscale,4,EUR,51.2217,6.7762
TXN13258,3903,CHN05,Cannes,France,Europe,2023,Q2,6757733,573,412.56,500.8,72,41.8,180,4.7,4347.0,Reported,Luxury,5,EUR,43.5528,7.0174
TXN13259,3904,CHN02,Lille,France,Europe,2022,Q1,3617460,609,334.95,448.94,55,37.3,120,4.6,11537.0,Reported,Luxury,5,EUR,50.6292,3.0573
TXN13260,3905,CHN06,Rio de Janeiro,Brazil,Americas,2023,Q3,715392,120,97.2,119.26,81,24.9,80,4.3,1560.0,Reported,Midscale,3,BRL,-22.9068,-43.1729
TXN13261,3906,CHN07,Jakarta,Indonesia,Asia Pacific,2023,Q4,1367856,177,123.9,171.43,70,26.5,120,4.6,4053.0,Reported,Upscale,4,IDR,-6.2088,106.8456
TXN13262,3907,CHN01,Rotterdam,Netherlands,Europe,2020,Q2,2797977,831,307.47,416.14,37,40.9,100,4.7,13226.0,Reported,Luxury,5,EUR,51.9244,4.4777
TXN13263,3908,CHN03,Marina Bay,Singapore,Asia Pacific,2019,Q3,4043621,842,732.54,1055.99,87,22.1,60,4.6,3700.0,Reported,Luxury,5,SGD,1.2819,103.8636
TXN13264,2350,CHN02,Lisbon,Portugal,Europe,2021,Q3,1766400,384,192.0,223.4,50,42.5,100,4.9,11307.0,Reported,Upper-Upscale,5,EUR,38.7223,-9.1393
TXN13265,3909,CHN10,Medina,Saudi Arabia,Middle East,2021,Q1,265680,120,49.2,62.46,41,23.1,60,4.6,9978.0,Reported,Upscale,4,SAR,24.5247,39.5692
TXN13266,3910,CHN07,Porto,Portugal,Europe,2019,Q2,1589188,98,79.38,97.35,81,11.7,220,4.2,4130.0,Reported,Midscale,3,EUR,41.1579,-8.6291
TXN13267,3911,CHN02,Shanghai,China,Asia Pacific,2025,Q4,1696922,131,83.84,123.11,64,14.3,220,,3987.0,Estimated,Midscale,3,CNY,31.2304,121.4737
TXN13268,3912,CHN09,Hong Kong,China,Asia Pacific,2023,Q4,3919071,289,193.63,271.56,67,34.7,220,4.6,7702.0,Reported,Upper-Upscale,4,CNY,22.3193,114.1694
TXN13269,3913,CHN01,Cairns,Australia,Asia Pacific,2025,Q4,7809788,362,242.54,341.87,67,37.7,350,4.8,10156.0,Estimated,Upper-Upscale,5,AUD,-16.9186,145.7781
TXN13270,3914,CHN06,Essaouira,Morocco,Africa,2022,Q2,1076275,64,42.24,59.11,66,19.2,280,,2052.0,Reported,Economy,2,MAD,31.5125,-9.77
TXN13271,2240,CHN11,Changi,Singapore,Asia Pacific,2022,Q2,1209008,99,60.39,86.58,61,19.0,220,4.3,1041.0,Reported,Midscale,3,SGD,1.3644,103.9915
TXN13272,3915,CHN02,Cameron Highlands,Malaysia,Asia Pacific,2024,Q2,3577392,180,140.4,204.82,78,36.8,280,4.3,6915.0,Reported,Upscale,4,MYR,0.0,0.0
TXN13273,3916,CHN03,Ipoh,Malaysia,Asia Pacific,2025,Q2,11148137,473,350.02,394.37,74,38.5,350,4.8,2914.0,Estimated,Luxury,5,MYR,4.5975,101.0901
TXN13274,3917,CHN03,Udaipur,India,Asia Pacific,2022,Q1,404838,147,74.97,98.85,51,28.0,60,4.6,7758.0,Reported,Upper-Upscale,4,INR,24.5854,73.7125
TXN13275,3918,CHN12,Zakynthos,Greece,Europe,2021,Q4,1246784,110,48.4,58.81,44,13.0,280,4.2,4807.0,Reported,Midscale,3,EUR,37.7902,20.9051
TXN13276,3919,CHN01,Valencia,Spain,Europe,2021,Q1,1328400,240,98.4,112.88,41,38.8,150,4.7,11637.0,Reported,Upper-Upscale,5,EUR,39.4699,-0.3763
TXN13277,3920,CHN07,Eindhoven,Netherlands,Europe,2024,Q1,231336,63,42.84,49.2,68,19.1,60,4.1,883.0,Reported,Economy,2,EUR,51.4416,5.4697
TXN13278,3921,CHN05,Genting,Malaysia,Asia Pacific,2019,Q3,12969645,614,503.48,632.87,82,35.0,280,4.9,10389.0,Reported,Luxury,5,MYR,0.0,0.0
TXN13279,3238,CHN09,Washington DC,USA,Americas,2024,Q2,1126653,212,154.76,226.11,73,20.1,80,4.5,11390.0,Reported,Upscale,4,USD,38.9072,-77.0369
TXN13280,3922,CHN08,Porto,Portugal,Europe,2019,Q3,10905754,504,423.36,526.76,84,30.5,280,4.9,9270.0,Reported,Luxury,5,EUR,41.1579,-8.6291
TXN13281,1070,CHN12,Suzhou,China,Asia Pacific,2024,Q3,8319450,367,322.96,476.3,88,26.5,280,4.6,10468.0,Reported,Upscale,4,CNY,31.2983,120.5832
TXN13282,3923,CHN12,Frankfurt,Germany,Europe,2020,Q4,4434989,664,219.12,322.41,33,29.6,220,4.7,14025.0,Reported,Luxury,5,EUR,50.1109,8.6821
TXN13283,3924,CHN05,Busan,South Korea,Asia Pacific,2020,Q4,2291867,287,88.97,121.63,31,33.1,280,4.8,6717.0,Reported,Luxury,5,KRW,35.1796,129.0756
TXN13284,3925,CHN07,Shanghai,China,Asia Pacific,2019,Q3,2046669,128,101.12,140.61,79,23.2,220,4.3,3785.0,Reported,Midscale,3,CNY,31.2304,121.4737
TXN13285,3926,CHN11,Daegu,South Korea,Asia Pacific,2019,Q3,2967994,188,146.64,181.85,78,20.9,220,4.5,13027.0,Reported,Upscale,4,KRW,35.8714,128.6014
TXN13286,3927,CHN01,Maastricht,Netherlands,Europe,2019,Q2,3701880,904,678.0,798.26,75,24.6,60,4.8,9786.0,Reported,Luxury,5,EUR,50.8514,5.691
TXN13287,3928,CHN02,Jeju Island,South Korea,Asia Pacific,2020,Q4,393576,115,35.65,48.17,31,25.2,120,4.3,2579.0,Reported,Upscale,4,KRW,33.4996,126.5312
TXN13288,3929,CHN07,Perth,Australia,Asia Pacific,2021,Q1,885600,200,82.0,118.99,41,43.6,120,4.7,4161.0,Reported,Upscale,4,AUD,-31.9505,115.8605
TXN13289,3930,CHN05,San Sebastian,Spain,Europe,2025,Q4,4124949,239,160.13,203.99,67,32.0,280,4.6,2733.0,Estimated,Upscale,4,EUR,43.3183,-1.9812
TXN13290,3931,CHN10,Canberra,Australia,Asia Pacific,2021,Q1,1684800,120,46.8,66.42,39,25.1,400,4.7,3307.0,Reported,Upscale,4,AUD,-35.2809,149.13
TXN13291,3932,CHN04,Azores,Portugal,Europe,2021,Q4,690110,266,125.02,140.29,47,23.8,60,4.6,9937.0,Reported,Upper-Upscale,5,EUR,0.0,0.0
TXN13292,3933,CHN01,JBR,UAE,Middle East,2019,Q3,16502886,832,640.64,788.03,77,27.9,280,4.7,9674.0,Reported,Luxury,5,AED,25.0777,55.1308
TXN13293,3934,CHN03,Stuttgart,Germany,Europe,2024,Q2,2730000,625,500.0,658.21,80,23.6,60,4.9,3454.0,Reported,Luxury,5,EUR,48.7758,9.1829
TXN13294,3935,CHN02,Jeju Island,South Korea,Asia Pacific,2019,Q2,2666118,257,195.32,219.87,76,43.2,150,4.6,,Reported,Upper-Upscale,4,KRW,33.4996,126.5312
TXN13295,3936,CHN12,Sentosa,Singapore,Asia Pacific,2020,Q1,372600,92,27.6,34.46,30,23.1,150,4.3,,Reported,Midscale,3,SGD,1.2494,103.8303
TXN13296,3937,CHN12,Phuket,Thailand,Asia Pacific,2019,Q1,15289200,685,424.7,539.39,62,39.3,400,4.9,14327.0,Reported,Luxury,5,THB,7.8804,98.3923
TXN13297,3938,CHN02,Manaus,Brazil,Americas,2024,Q2,4100369,157,128.74,168.24,82,37.7,350,4.4,10830.0,Reported,Upscale,4,BRL,-3.119,-60.0217
TXN13298,3939,CHN02,Changi,Singapore,Asia Pacific,2023,Q1,12191760,820,483.8,653.26,59,40.5,280,4.8,14074.0,Reported,Luxury,5,SGD,1.3644,103.9915
TXN13299,2626,CHN03,Zakynthos,Greece,Europe,2023,Q1,2192256,173,110.72,125.38,64,22.4,220,4.6,7922.0,Reported,Upper-Upscale,4,EUR,37.7902,20.9051
TXN13300,1489,CHN03,Los Cabos,Mexico,Americas,2020,Q4,740232,149,44.7,53.88,30,28.2,180,4.6,7228.0,Reported,Upscale,4,MXN,22.8905,-109.9167
TXN13301,3940,CHN05,Marseille,France,Europe,2019,Q2,6865040,230,188.6,245.69,82,25.3,400,4.6,9913.0,Reported,Upscale,4,EUR,43.2965,5.3698
TXN13302,3941,CHN07,Hamburg,Germany,Europe,2022,Q2,307580,52,33.8,40.44,65,13.1,100,3.8,2057.0,Reported,Economy,2,EUR,53.5511,9.9937
TXN13303,3942,CHN10,Amalfi,Italy,Europe,2021,Q2,501592,106,55.12,72.32,52,25.2,100,4.6,9923.0,Reported,Upscale,4,EUR,40.634,14.6027
TXN13304,3943,CHN07,Suzhou,China,Asia Pacific,2019,Q1,1830708,138,92.46,136.39,67,30.0,220,,14747.0,Reported,Upscale,4,CNY,31.2983,120.5832
TXN13305,3944,CHN10,Pattaya,Thailand,Asia Pacific,2022,Q4,8267930,544,320.96,441.74,59,18.8,280,4.9,13304.0,Reported,Luxury,5,THB,12.9236,100.8825
TXN13306,3945,CHN03,Orchard Road,Singapore,Asia Pacific,2021,Q4,2921294,563,264.61,314.98,47,28.0,120,4.9,7108.0,Reported,Luxury,5,SGD,1.3048,103.8318
TXN13307,3946,CHN08,Chengdu,China,Asia Pacific,2025,Q1,8757504,543,347.52,422.94,64,43.0,280,4.9,4265.0,Estimated,Luxury,5,CNY,30.5728,104.0668
TXN13308,1812,CHN11,Essaouira,Morocco,Africa,2019,Q3,567732,121,102.85,131.53,85,20.7,60,4.4,2465.0,Reported,Midscale,3,MAD,31.5125,-9.77
TXN13309,3947,CHN12,Marseille,France,Europe,2024,Q4,3730784,137,101.38,115.99,74,27.1,400,4.2,3451.0,Reported,Midscale,3,EUR,43.2965,5.3698
TXN13310,3948,CHN02,Toulouse,France,Europe,2023,Q4,1582308,441,286.65,367.99,65,19.1,60,4.7,5890.0,Reported,Upper-Upscale,5,EUR,43.6047,1.4442
TXN13311,3949,CHN05,Rotterdam,Netherlands,Europe,2019,Q2,3985582,462,364.98,536.08,79,19.7,120,4.7,6545.0,Reported,Luxury,5,EUR,51.9244,4.4777
TXN13312,3950,CHN09,Heidelberg,Germany,Europe,2019,Q2,4066608,147,111.72,133.61,76,31.9,400,4.7,4591.0,Reported,Upscale,4,EUR,49.3988,8.6724
TXN13313,3951,CHN06,Paris,France,Europe,2024,Q4,1501164,147,108.78,153.88,74,13.9,150,3.9,4573.0,Reported,Economy,2,EUR,48.8566,2.3522
TXN13314,3952,CHN06,Natal,Brazil,Americas,2019,Q4,384634,104,69.68,83.84,67,16.1,60,4.4,3018.0,Reported,Midscale,3,BRL,-5.7945,-35.211
TXN13315,3953,CHN05,Mexico City,Mexico,Americas,2024,Q3,9702504,651,585.9,798.03,90,32.0,180,4.8,10314.0,Reported,Luxury,5,MXN,19.4326,-99.1332
TXN13316,3954,CHN11,Kanchanaburi,Thailand,Asia Pacific,2022,Q3,1410323,104,69.68,81.48,67,22.4,220,4.2,2507.0,Reported,Midscale,3,THB,0.0,0.0
TXN13317,3955,CHN06,Rio de Janeiro,Brazil,Americas,2021,Q3,1278763,143,77.22,92.75,54,27.7,180,4.6,5774.0,Reported,Upscale,4,BRL,-22.9068,-43.1729
TXN13318,2529,CHN06,Crete,Greece,Europe,2019,Q3,2335622,172,141.04,197.3,82,39.4,180,4.4,14059.0,Reported,Upscale,4,EUR,35.2401,24.8093
TXN13319,2275,CHN07,Guadalajara,Mexico,Americas,2019,Q4,1371168,54,37.26,46.07,69,20.4,400,3.9,4416.0,Reported,Economy,2,MXN,20.6597,-103.3496
TXN13320,3956,CHN05,Chefchaouen,Morocco,Africa,2023,Q2,2685092,249,196.71,228.28,79,21.5,150,4.4,1127.0,Reported,Upscale,4,MAD,35.1688,-5.2636
TXN13321,3957,CHN07,Bordeaux,France,Europe,2022,Q4,1314533,147,79.38,105.59,54,40.1,180,4.6,1327.0,Reported,Upscale,4,EUR,44.8378,-0.5792
TXN13322,3958,CHN08,Evora,Portugal,Europe,2022,Q4,2496144,170,96.9,124.31,57,28.6,280,4.6,7563.0,Reported,Upscale,4,EUR,0.0,0.0
TXN13323,3959,CHN02,Rotterdam,Netherlands,Europe,2019,Q3,11408074,732,563.64,720.7,77,32.6,220,4.7,14313.0,Reported,Luxury,5,EUR,51.9244,4.4777
TXN13324,3960,CHN10,Utrecht,Netherlands,Europe,2022,Q3,1005523,132,91.08,104.07,69,25.8,120,4.5,6868.0,Reported,Upscale,4,EUR,52.0907,5.1214
TXN13325,3961,CHN07,Riyadh,Saudi Arabia,Middle East,2021,Q2,286322,57,26.22,38.24,46,23.5,120,4.0,2891.0,Reported,Economy,2,SAR,24.6877,46.7219
TXN13326,3962,CHN09,Bugis,Singapore,Asia Pacific,2021,Q3,2157400,134,67.0,91.92,50,26.7,350,4.5,8882.0,Reported,Upper-Upscale,4,SGD,1.3006,103.8551
TXN13327,3963,CHN12,Marrakech,Morocco,Africa,2020,Q2,2046444,269,102.22,134.79,38,22.8,220,4.4,1156.0,Reported,Upscale,4,MAD,31.6295,-7.9811
TXN13328,3964,CHN04,Goa,India,Asia Pacific,2023,Q2,11562642,1086,847.08,984.61,78,18.7,150,4.7,7264.0,Reported,Luxury,5,INR,15.2993,74.124
TXN13329,3965,CHN03,Oxford,UK,Europe,2020,Q1,2020608,877,280.64,337.48,32,34.1,80,5.0,2017.0,Reported,Luxury,5,GBP,51.752,-1.2577
TXN13330,3966,CHN01,Chinatown,Singapore,Asia Pacific,2020,Q1,6187104,792,245.52,304.2,31,41.5,280,4.7,1412.0,Reported,Luxury,5,SGD,1.2826,103.8446
TXN13331,3967,CHN09,Al Ain,UAE,Middle East,2020,Q4,431222,126,39.06,45.56,31,38.2,120,4.6,11228.0,Reported,Upper-Upscale,4,AED,24.2075,55.7447
TXN13332,3968,CHN05,Essaouira,Morocco,Africa,2022,Q4,1513584,457,274.2,327.43,60,32.4,60,4.8,7156.0,Reported,Luxury,5,MAD,31.5125,-9.77
TXN13333,3969,CHN06,Phuket,Thailand,Asia Pacific,2022,Q1,812430,102,60.18,83.79,59,19.3,150,4.2,3553.0,Reported,Midscale,3,THB,7.8804,98.3923
TXN13334,3970,CHN02,Fez,Morocco,Africa,2025,Q1,7466580,838,553.08,665.36,66,23.7,150,4.9,11179.0,Estimated,Luxury,5,MAD,34.0181,-5.0078
TXN13335,3971,CHN05,Cologne,Germany,Europe,2025,Q4,7781875,534,384.48,466.21,72,28.6,220,4.9,2568.0,Estimated,Luxury,5,EUR,50.9333,6.95
TXN13336,3972,CHN01,Thessaloniki,Greece,Europe,2024,Q1,6894720,1064,766.08,919.89,72,25.6,100,4.8,14856.0,Reported,Luxury,5,EUR,40.6401,22.9444
TXN13337,3973,CHN08,San Francisco,USA,Americas,2021,Q1,2583900,435,191.4,282.65,44,26.6,150,4.7,13777.0,Reported,Luxury,5,USD,37.7749,-122.4194
TXN13338,2839,CHN03,Zhangjiajie,China,Asia Pacific,2022,Q1,3942432,1014,547.56,679.33,54,35.3,80,4.9,6014.0,Reported,Luxury,5,CNY,29.117,110.4793
TXN13339,3974,CHN09,JBR,UAE,Middle East,2022,Q1,617220,127,68.58,100.6,54,27.9,100,4.5,12976.0,Reported,Upscale,4,AED,25.0777,55.1308
TXN13340,3975,CHN06,Yokohama,Japan,Asia Pacific,2019,Q2,464373,63,51.03,68.17,81,8.0,100,3.9,3595.0,Reported,Economy,2,JPY,35.4437,139.638
TXN13341,3726,CHN11,Nice,France,Europe,2025,Q3,1745498,112,86.24,98.17,77,25.3,220,4.3,769.0,Estimated,Midscale,3,EUR,43.7102,7.262
TXN13342,3976,CHN06,Delft,Netherlands,Europe,2020,Q1,316305,71,23.43,26.97,33,10.1,150,4.4,1144.0,Reported,Midscale,3,EUR,0.0,0.0
TXN13343,2707,CHN08,Ipoh,Malaysia,Asia Pacific,2024,Q1,1429110,237,158.79,186.47,67,43.2,100,4.6,1287.0,Reported,Upscale,4,MYR,4.5975,101.0901
TXN13344,3977,CHN12,Komodo,Indonesia,Asia Pacific,2021,Q4,229522,99,41.58,59.45,42,26.7,60,4.3,3824.0,Reported,Midscale,3,IDR,0.0,0.0
TXN13345,1130,CHN11,Turin,Italy,Europe,2024,Q4,2888064,109,78.48,108.29,72,19.5,400,4.3,2562.0,Reported,Midscale,3,EUR,45.0703,7.6869
TXN13346,3978,CHN06,Ho Chi Minh City,Vietnam,Asia Pacific,2019,Q2,1344470,162,123.12,161.59,76,37.3,120,4.4,7935.0,Reported,Upscale,4,VND,10.8231,106.6297
TXN13347,3979,CHN01,Cancun,Mexico,Americas,2021,Q3,909310,323,164.73,222.73,51,38.6,60,4.9,8630.0,Reported,Upper-Upscale,5,MXN,21.1619,-86.8515
TXN13348,2524,CHN11,Madrid,Spain,Europe,2020,Q3,265696,76,28.88,41.88,38,13.1,100,4.4,4137.0,Reported,Midscale,3,EUR,40.4168,-3.7038
TXN13349,1984,CHN10,Rhodes,Greece,Europe,2024,Q4,5735059,702,519.48,596.16,74,27.1,120,4.7,6433.0,Reported,Luxury,5,EUR,36.4349,28.2176
TXN13350,3980,CHN12,Ankara,Turkey,Europe/Middle East,2021,Q4,3942108,529,238.05,314.4,45,18.2,180,5.0,4197.0,Reported,Luxury,5,TRY,39.9334,32.8597
TXN13351,1292,CHN03,Recife,Brazil,Americas,2025,Q3,1372051,239,186.42,252.55,78,41.1,80,4.4,2873.0,Estimated,Upscale,4,BRL,-8.0476,-34.877
TXN13352,3981,CHN06,Gold Coast,Australia,Asia Pacific,2020,Q3,219917,83,29.88,33.86,36,20.3,80,4.2,2522.0,Reported,Midscale,3,AUD,-28.0167,153.4
TXN13353,3982,CHN09,Playa del Carmen,Mexico,Americas,2024,Q3,4856717,376,293.28,329.58,78,42.0,180,4.9,13119.0,Reported,Luxury,5,MXN,20.6296,-87.0739
TXN13354,3983,CHN11,Izmir,Turkey,Europe/Middle East,2022,Q2,255856,71,46.86,58.64,66,20.4,60,4.1,605.0,Reported,Midscale,3,TRY,38.4192,27.1287
TXN13355,3984,CHN10,Mecca,Saudi Arabia,Middle East,2021,Q3,1759923,122,68.32,100.64,56,30.5,280,4.5,11153.0,Reported,Upscale,4,SAR,21.3891,39.8579
TXN13356,3985,CHN08,Marina Bay,Singapore,Asia Pacific,2021,Q1,2035440,257,102.8,141.96,40,31.1,220,4.5,5359.0,Reported,Upscale,4,SGD,1.2819,103.8636
TXN13357,3986,CHN10,San Sebastian,Spain,Europe,2020,Q1,197640,122,36.6,43.63,30,31.3,60,4.4,12046.0,Reported,Upscale,4,EUR,43.3183,-1.9812
TXN13358,3987,CHN12,Evora,Portugal,Europe,2019,Q1,6389280,696,473.28,597.31,68,34.0,150,4.8,3545.0,Reported,Luxury,5,EUR,0.0,0.0
TXN13359,3988,CHN02,Phuket,Thailand,Asia Pacific,2021,Q2,382200,70,35.0,41.76,50,12.7,120,4.4,1125.0,Reported,Midscale,3,THB,7.8804,98.3923
TXN13360,2424,CHN12,Beijing,China,Asia Pacific,2023,Q1,4740840,1013,658.45,879.86,65,21.9,80,4.8,11300.0,Reported,Luxury,5,CNY,39.9042,116.4074
TXN13361,3989,CHN03,Versailles,France,Europe,2019,Q3,653126,102,88.74,121.41,87,12.1,80,4.3,1569.0,Reported,Midscale,3,EUR,48.8014,2.1301
TXN13362,3990,CHN12,Hiroshima,Japan,Asia Pacific,2025,Q1,2211300,351,245.7,295.77,70,30.6,100,4.3,5635.0,Estimated,Upscale,4,JPY,34.3853,132.4553
TXN13363,3991,CHN05,New York,USA,Americas,2025,Q2,32862830,1340,1031.8,1513.83,77,31.1,350,5.0,4426.0,Estimated,Luxury,5,USD,40.7128,-74.006
TXN13364,3992,CHN03,Marrakech,Morocco,Africa,2024,Q4,488189,132,88.44,116.87,67,8.7,60,4.3,1528.0,Reported,Midscale,3,MAD,31.6295,-7.9811
TXN13365,2607,CHN01,New York,USA,Americas,2019,Q3,4612144,755,626.65,753.13,83,18.3,80,4.7,8024.0,Reported,Luxury,5,USD,40.7128,-74.006
TXN13366,3993,CHN05,Nha Trang,Vietnam,Asia Pacific,2020,Q3,1343899,329,121.73,141.8,37,25.9,120,4.9,11843.0,Reported,Luxury,5,VND,12.2388,109.1967
TXN13367,3111,CHN09,Hanoi,Vietnam,Asia Pacific,2024,Q3,4842144,344,292.4,421.66,85,24.7,180,4.8,9999.0,Reported,Luxury,5,VND,21.0285,105.8542
TXN13368,3994,CHN03,Sapporo,Japan,Asia Pacific,2019,Q2,2390825,178,145.96,206.82,82,27.6,180,,8377.0,Reported,Upper-Upscale,4,JPY,43.0618,141.3545
TXN13369,3995,CHN03,Dusseldorf,Germany,Europe,2025,Q4,12320640,465,334.8,489.8,72,35.2,400,4.8,13558.0,Estimated,Luxury,5,EUR,51.2217,6.7762
TXN13370,3996,CHN06,Frankfurt,Germany,Europe,2021,Q2,602784,92,44.16,59.26,48,27.2,150,,498.0,Reported,Midscale,3,EUR,50.1109,8.6821
TXN13371,3997,CHN07,Sharjah,UAE,Middle East,2021,Q2,923013,115,56.35,71.86,49,33.7,180,4.6,13019.0,Reported,Upscale,4,AED,25.3463,55.4209
TXN13372,3998,CHN11,Ha Long Bay,Vietnam,Asia Pacific,2022,Q4,1398253,92,54.28,75.88,59,27.9,280,4.3,2293.0,Reported,Midscale,3,VND,20.9101,107.1839
TXN13373,3999,CHN04,Birmingham,UK,Europe,2023,Q3,2524738,121,98.01,124.59,81,12.2,280,4.2,2540.0,Reported,Midscale,3,GBP,52.4862,-1.8904
TXN13374,4000,CHN03,Ipoh,Malaysia,Asia Pacific,2019,Q4,1899432,186,137.64,156.75,74,20.8,150,4.6,10467.0,Reported,Upper-Upscale,4,MYR,4.5975,101.0901
TXN13375,4001,CHN05,Kuala Lumpur,Malaysia,Asia Pacific,2023,Q2,3913728,512,358.4,431.73,70,20.8,120,5.0,10456.0,Reported,Luxury,5,MYR,3.139,101.6869
TXN13376,4002,CHN02,Abha,Saudi Arabia,Middle East,2023,Q4,5022427,679,454.93,666.68,67,38.8,120,4.8,10833.0,Reported,Luxury,5,SAR,18.2164,42.5053
TXN13377,4003,CHN04,Mexico City,Mexico,Americas,2019,Q4,13212672,544,359.04,501.04,66,37.9,400,4.7,11869.0,Reported,Luxury,5,MXN,19.4326,-99.1332
TXN13378,4004,CHN07,Valencia,Spain,Europe,2021,Q3,2190888,126,68.04,92.72,54,23.8,350,4.7,6023.0,Reported,Upscale,4,EUR,39.4699,-0.3763
TXN13379,4005,CHN10,Mykonos,Greece,Europe,2023,Q3,16837380,1225,1016.75,1270.96,83,32.8,180,5.0,2199.0,Reported,Luxury,5,EUR,37.4467,25.3289
TXN13380,4006,CHN09,Nagoya,Japan,Asia Pacific,2020,Q3,2667448,218,82.84,95.21,38,20.8,350,4.9,9068.0,Reported,Luxury,5,JPY,35.1815,136.9066
TXN13381,3967,CHN09,Al Ain,UAE,Middle East,2019,Q3,4688320,182,145.6,175.39,80,39.1,350,4.6,1137.0,Reported,Upper-Upscale,4,AED,24.2075,55.7447
TXN13382,2270,CHN08,Sapa,Vietnam,Asia Pacific,2024,Q2,4237834,539,388.08,445.25,72,30.3,120,4.7,,Reported,Luxury,5,VND,0.0,0.0
TXN13383,4007,CHN05,Mexico City,Mexico,Americas,2025,Q2,3794591,234,189.54,252.03,81,32.1,220,4.5,14725.0,Estimated,Upscale,4,MXN,19.4326,-99.1332
TXN13384,4008,CHN10,Osaka,Japan,Asia Pacific,2019,Q3,13538628,985,817.55,929.03,83,26.6,180,4.8,5051.0,Reported,Luxury,5,JPY,34.6937,135.5023
TXN13385,4009,CHN02,Suzhou,China,Asia Pacific,2025,Q1,3682800,165,102.3,125.04,62,43.2,400,4.6,9683.0,Estimated,Upscale,4,CNY,31.2983,120.5832
TXN13386,4010,CHN08,Casablanca,Morocco,Africa,2019,Q4,1740787,219,157.68,224.47,72,42.3,120,4.5,4486.0,Reported,Upscale,4,MAD,33.5731,-7.5898
TXN13387,4011,CHN12,Sentosa,Singapore,Asia Pacific,2019,Q2,1747200,300,240.0,319.45,80,32.2,80,4.6,11080.0,Reported,Upscale,4,SGD,1.2494,103.8303
TXN13388,4012,CHN11,Lombok,Indonesia,Asia Pacific,2022,Q2,1324960,80,52.0,70.01,65,20.3,280,4.2,1056.0,Reported,Midscale,3,IDR,-8.5833,116.35
TXN13389,4013,CHN09,Sapa,Vietnam,Asia Pacific,2023,Q4,812250,178,110.36,159.15,62,29.7,80,4.5,10791.0,Reported,Upper-Upscale,4,VND,0.0,0.0
TXN13390,4014,CHN01,Belem,Brazil,Americas,2021,Q1,2278584,274,115.08,144.17,42,43.1,220,4.8,12198.0,Reported,Upper-Upscale,5,BRL,-1.4558,-48.5044
TXN13391,3109,CHN07,Trabzon,Turkey,Europe/Middle East,2025,Q3,3435538,207,169.74,235.6,82,33.0,220,4.6,5681.0,Estimated,Upscale,4,TRY,0.0,0.0
TXN13392,4015,CHN09,Valencia,Spain,Europe,2022,Q2,2526597,148,99.16,125.94,67,38.0,280,4.4,4741.0,Reported,Upscale,4,EUR,39.4699,-0.3763
TXN13393,4016,CHN09,Kusadasi,Turkey,Europe/Middle East,2021,Q1,1100628,158,67.94,94.35,43,27.3,180,4.6,1165.0,Reported,Upper-Upscale,4,TRY,0.0,0.0
TXN13394,4017,CHN09,Mumbai,India,Asia Pacific,2022,Q4,2842708,265,140.45,195.93,53,22.6,220,4.8,13878.0,Reported,Luxury,5,INR,19.076,72.8777
TXN13395,4018,CHN05,Little India,Singapore,Asia Pacific,2024,Q2,2686320,615,492.0,675.48,80,20.5,60,4.9,4175.0,Reported,Luxury,5,SGD,1.3066,103.8518
TXN13396,4019,CHN04,Orchard Road,Singapore,Asia Pacific,2022,Q1,22285440,1168,619.04,815.97,53,39.5,400,4.7,4681.0,Reported,Luxury,5,SGD,1.3048,103.8318
TXN13397,1218,CHN03,Komodo,Indonesia,Asia Pacific,2025,Q4,3351744,240,165.6,209.72,69,42.0,220,4.5,8139.0,Estimated,Upscale,4,IDR,0.0,0.0
TXN13398,4020,CHN03,Delhi,India,Asia Pacific,2021,Q3,1065434,94,52.64,68.61,56,16.2,220,4.3,1504.0,Reported,Midscale,3,INR,28.6139,77.209
TXN13399,4021,CHN01,Kuala Lumpur,Malaysia,Asia Pacific,2019,Q4,10245120,1160,742.4,1019.8,64,20.1,150,4.7,9161.0,Reported,Luxury,5,MYR,3.139,101.6869
TXN13400,4022,CHN07,Busan,South Korea,Asia Pacific,2024,Q1,952560,112,70.56,88.73,63,24.0,150,4.4,2741.0,Reported,Midscale,3,KRW,35.1796,129.0756
TXN13401,4023,CHN11,Beijing,China,Asia Pacific,2020,Q1,590904,283,82.07,117.85,29,23.2,80,4.7,4614.0,Reported,Upper-Upscale,5,CNY,39.9042,116.4074
TXN13402,4024,CHN08,Athens,Greece,Europe,2021,Q4,6004656,444,186.48,257.94,42,41.4,350,4.8,6362.0,Reported,Luxury,5,EUR,37.9838,23.7275
TXN13403,4025,CHN11,Woodlands,Singapore,Asia Pacific,2023,Q1,3823200,180,106.2,149.47,59,20.2,400,4.5,10967.0,Reported,Upscale,4,SGD,1.437,103.7862
TXN13404,3857,CHN06,Amsterdam,Netherlands,Europe,2022,Q3,847854,59,41.89,54.89,71,12.8,220,3.9,4688.0,Reported,Economy,2,EUR,52.3676,4.9041
TXN13405,3323,CHN07,Little India,Singapore,Asia Pacific,2021,Q2,492274,147,67.62,95.68,46,26.0,80,4.4,11994.0,Reported,Upscale,4,SGD,1.3066,103.8518
TXN13406,4026,CHN07,Sapporo,Japan,Asia Pacific,2019,Q4,2555705,183,126.27,169.87,69,33.2,220,4.3,6219.0,Reported,Upscale,4,JPY,43.0618,141.3545
TXN13407,4027,CHN09,Abha,Saudi Arabia,Middle East,2020,Q1,831600,100,33.0,38.02,33,28.7,280,4.5,11157.0,Reported,Upscale,4,SAR,18.2164,42.5053
TXN13408,4028,CHN08,Antalya,Turkey,Europe/Middle East,2023,Q4,2013144,521,364.7,502.58,70,18.7,60,4.7,10661.0,Reported,Luxury,5,TRY,36.8969,30.7133
TXN13409,2598,CHN11,Hua Hin,Thailand,Asia Pacific,2019,Q4,1132704,114,82.08,97.19,72,18.5,150,4.3,2547.0,Reported,Midscale,3,THB,12.5684,99.9578
TXN13410,4029,CHN12,Las Vegas,USA,Americas,2021,Q4,2470752,746,335.7,487.25,45,35.5,80,4.6,5145.0,Reported,Luxury,5,USD,36.1699,-115.1398
TXN13411,4030,CHN01,Koh Samui,Thailand,Asia Pacific,2021,Q3,2408560,238,119.0,169.48,50,41.2,220,4.7,11494.0,Reported,Upper-Upscale,5,THB,9.512,100.0136
TXN13412,4031,CHN08,Goa,India,Asia Pacific,2020,Q2,2529654,292,99.28,112.73,34,20.2,280,5.0,9438.0,Reported,Luxury,5,INR,15.2993,74.124
TXN13413,2780,CHN07,San Sebastian,Spain,Europe,2020,Q1,362880,105,33.6,38.7,32,37.7,120,4.5,10359.0,Reported,Upscale,4,EUR,43.3183,-1.9812
TXN13414,2402,CHN03,Meteora,Greece,Europe,2022,Q2,9470097,1119,693.78,812.67,62,22.5,150,4.8,11739.0,Reported,Luxury,5,EUR,0.0,0.0
TXN13415,4032,CHN09,Abu Dhabi,UAE,Middle East,2020,Q3,561660,110,40.7,47.99,37,18.1,150,4.6,13271.0,Reported,Upscale,4,AED,24.4539,54.3773
TXN13416,4033,CHN12,Merida,Mexico,Americas,2019,Q3,1836173,132,110.88,137.93,84,12.8,180,4.3,473.0,Reported,Midscale,3,MXN,20.9674,-89.5926
TXN13417,4034,CHN05,Ras Al Khaimah,UAE,Middle East,2020,Q1,891000,500,165.0,204.7,33,37.3,60,4.6,2718.0,Reported,Luxury,5,AED,25.8007,55.9762
TXN13418,2895,CHN09,Eindhoven,Netherlands,Europe,2024,Q2,4346160,398,318.4,415.87,80,23.6,150,4.8,7322.0,Reported,Luxury,5,EUR,51.4416,5.4697
TXN13419,4035,CHN04,Bangkok,Thailand,Asia Pacific,2025,Q4,4937088,559,357.76,425.36,64,31.0,150,5.0,10056.0,Estimated,Luxury,5,THB,13.7563,100.5018
TXN13420,4036,CHN02,Bali,Indonesia,Asia Pacific,2023,Q4,2207779,303,199.98,243.61,66,42.6,120,4.4,1151.0,Reported,Upper-Upscale,4,IDR,-8.3405,115.092
TXN13421,4037,CHN08,Ibiza,Spain,Europe,2021,Q3,1599034,284,144.84,180.29,51,30.4,120,4.8,4356.0,Reported,Luxury,5,EUR,38.9067,1.4206
TXN13422,4038,CHN10,Berlin,Germany,Europe,2023,Q4,1608528,188,116.56,155.91,62,41.1,150,4.4,1857.0,Reported,Upscale,4,EUR,52.52,13.405
TXN13423,4039,CHN07,Yanbu,Saudi Arabia,Middle East,2024,Q3,1006020,225,182.25,267.95,81,18.6,60,4.6,10380.0,Reported,Upscale,4,SAR,0.0,0.0
TXN13424,4040,CHN05,Manaus,Brazil,Americas,2020,Q4,1328774,354,120.36,149.26,34,35.0,120,,14514.0,Reported,Luxury,5,BRL,-3.119,-60.0217
TXN13425,4041,CHN09,Kochi,India,Asia Pacific,2022,Q2,2446080,128,76.8,94.12,60,26.8,350,4.4,13354.0,Reported,Upscale,4,INR,9.9312,76.2673
TXN13426,4042,CHN05,Darwin,Australia,Asia Pacific,2023,Q4,896448,116,81.2,103.17,70,15.2,120,4.2,353.0,Reported,Midscale,3,AUD,-12.4634,130.8456
TXN13427,4043,CHN09,Deira,UAE,Middle East,2021,Q1,1463400,271,108.4,143.01,40,41.6,150,4.8,13552.0,Reported,Luxury,5,AED,25.2697,55.3095
TXN13428,4044,CHN09,Darwin,Australia,Asia Pacific,2020,Q2,622850,117,45.63,61.99,39,19.7,150,4.4,12197.0,Reported,Upper-Upscale,4,AUD,-12.4634,130.8456
TXN13429,4045,CHN07,Edinburgh,UK,Europe,2024,Q2,2022602,98,79.38,109.17,81,10.7,280,4.3,3040.0,Reported,Midscale,3,GBP,55.9533,-3.1883
TXN13430,3594,CHN04,Marseille,France,Europe,2024,Q2,1386840,127,101.6,142.27,80,16.6,150,4.4,1076.0,Reported,Midscale,3,EUR,43.2965,5.3698
TXN13431,4046,CHN03,Darwin,Australia,Asia Pacific,2022,Q2,5860910,371,230.02,291.53,62,35.4,280,4.7,12231.0,Reported,Luxury,5,AUD,-12.4634,130.8456
TXN13432,4047,CHN01,Busan,South Korea,Asia Pacific,2024,Q4,24873856,1088,772.48,1088.89,71,21.8,350,5.0,10513.0,Reported,Luxury,5,KRW,35.1796,129.0756
TXN13433,4048,CHN11,Bristol,UK,Europe,2020,Q4,605682,133,43.89,58.15,33,32.1,150,4.4,9807.0,Reported,Upscale,4,GBP,51.4545,-2.5879
TXN13434,1374,CHN04,Oaxaca,Mexico,Americas,2021,Q4,4506234,506,222.64,277.02,44,36.5,220,5.0,5643.0,Reported,Luxury,5,MXN,17.0732,-96.7266
TXN13435,1551,CHN06,Essaouira,Morocco,Africa,2020,Q4,73582,43,13.33,16.59,31,18.7,60,4.0,1218.0,Reported,Economy,2,MAD,31.5125,-9.77
TXN13436,4049,CHN06,Jeonju,South Korea,Asia Pacific,2025,Q4,1610497,109,79.57,115.47,73,9.1,220,4.2,4316.0,Estimated,Midscale,3,KRW,35.8242,127.148
TXN13437,4050,CHN12,Mumbai,India,Asia Pacific,2021,Q2,698006,272,127.84,168.92,47,36.9,60,4.4,14688.0,Reported,Upscale,4,INR,19.076,72.8777
TXN13438,4051,CHN05,Honolulu,USA,Americas,2023,Q2,8940422,516,350.88,483.0,68,27.7,280,4.9,10216.0,Reported,Luxury,5,USD,21.3069,-157.8583
TXN13439,4052,CHN12,Marmaris,Turkey,Europe/Middle East,2025,Q2,781217,147,107.31,129.75,73,14.9,80,4.1,1911.0,Estimated,Midscale,3,TRY,36.8551,28.2553
TXN13440,4053,CHN10,Orchard Road,Singapore,Asia Pacific,2019,Q1,10901520,618,432.6,613.13,70,35.2,280,4.8,9524.0,Reported,Luxury,5,SGD,1.3048,103.8318
TXN13441,4054,CHN03,Tulum,Mexico,Americas,2019,Q2,9934652,557,389.9,474.83,70,37.6,280,,2971.0,Reported,Luxury,5,MXN,20.2114,-87.4654
TXN13442,4055,CHN04,Ayutthaya,Thailand,Asia Pacific,2024,Q4,860016,123,93.48,115.85,76,21.0,100,4.4,3515.0,Reported,Midscale,3,THB,14.3532,100.5659
TXN13443,4056,CHN02,Langkawi,Malaysia,Asia Pacific,2024,Q4,690000,100,75.0,108.05,75,8.8,100,4.1,4528.0,Reported,Midscale,3,MYR,6.35,99.8
TXN13444,4057,CHN02,Eindhoven,Netherlands,Europe,2021,Q4,417312,72,30.24,41.75,42,19.3,150,4.3,3351.0,Reported,Midscale,3,EUR,51.4416,5.4697
TXN13445,4058,CHN10,Yanbu,Saudi Arabia,Middle East,2021,Q3,3201600,580,290.0,327.61,50,31.2,120,4.8,2900.0,Reported,Luxury,5,SAR,0.0,0.0
TXN13446,4059,CHN02,Da Lat,Vietnam,Asia Pacific,2019,Q1,2437776,684,451.44,607.96,66,38.4,60,4.7,7638.0,Reported,Luxury,5,VND,0.0,0.0
TXN13447,4041,CHN09,Kochi,India,Asia Pacific,2020,Q3,768384,116,46.4,60.46,40,38.9,180,4.5,9160.0,Reported,Upscale,4,INR,9.9312,76.2673
TXN13448,4060,CHN10,Johor Bahru,Malaysia,Asia Pacific,2019,Q1,803088,169,111.54,154.81,66,22.2,80,4.4,1590.0,Reported,Upscale,4,MYR,1.4927,103.7414
TXN13449,4061,CHN10,Corfu,Greece,Europe,2025,Q1,3490290,417,258.54,334.12,62,29.5,150,4.8,2850.0,Estimated,Luxury,5,EUR,39.6243,19.9217
TXN13450,4062,CHN05,Adelaide,Australia,Asia Pacific,2020,Q1,3920400,330,108.9,141.49,33,43.1,400,4.8,9087.0,Reported,Luxury,5,AUD,-34.9285,138.6007
TXN13451,4063,CHN08,Porto,Portugal,Europe,2025,Q1,2226744,507,309.27,395.53,61,37.8,80,4.8,5308.0,Estimated,Luxury,5,EUR,41.1579,-8.6291
TXN13452,4064,CHN11,Okinawa,Japan,Asia Pacific,2022,Q1,2587032,174,102.66,143.52,59,29.9,280,4.4,3425.0,Reported,Upscale,4,JPY,26.2124,127.6809
TXN13453,4065,CHN09,Venice,Italy,Europe,2022,Q2,1061424,243,145.8,183.86,60,21.9,80,4.6,10957.0,Reported,Upper-Upscale,4,EUR,45.4408,12.3155
TXN13454,4066,CHN02,San Francisco,USA,Americas,2025,Q3,2155229,227,195.22,221.65,86,36.6,120,4.6,5845.0,Estimated,Upscale,4,USD,37.7749,-122.4194
TXN13455,4067,CHN03,Haarlem,Netherlands,Europe,2019,Q3,1373652,189,149.31,192.39,79,43.3,100,4.5,1849.0,Reported,Upscale,4,EUR,0.0,0.0
TXN13456,4068,CHN07,Busan,South Korea,Asia Pacific,2019,Q2,326144,56,44.8,53.3,80,15.1,80,4.0,4692.0,Reported,Economy,2,KRW,35.1796,129.0756
TXN13457,4069,CHN11,Orchard Road,Singapore,Asia Pacific,2022,Q3,1395456,237,151.68,178.37,64,24.1,100,4.5,12741.0,Reported,Upscale,4,SGD,1.3048,103.8318
TXN13458,4070,CHN04,Agra,India,Asia Pacific,2019,Q3,3599040,326,260.8,329.84,80,35.8,150,4.9,1737.0,Reported,Upper-Upscale,5,INR,27.1767,78.0081
TXN13459,4071,CHN06,Cancun,Mexico,Americas,2021,Q3,129720,47,23.5,27.77,50,19.2,60,3.9,2345.0,Reported,Economy,2,MXN,21.1619,-86.8515
TXN13460,4072,CHN01,Bordeaux,France,Europe,2024,Q1,7910280,344,251.12,309.67,73,21.0,350,5.0,5116.0,Reported,Upper-Upscale,5,EUR,44.8378,-0.5792
TXN13461,4073,CHN10,Manaus,Brazil,Americas,2025,Q1,2482920,418,275.88,357.22,66,22.6,100,4.6,4609.0,Estimated,Luxury,5,BRL,-3.119,-60.0217
TXN13462,4074,CHN02,Clarke Quay,Singapore,Asia Pacific,2025,Q1,2433600,104,67.6,81.19,65,22.8,400,4.1,3310.0,Estimated,Midscale,3,SGD,1.2906,103.8467
TXN13463,2214,CHN03,Manaus,Brazil,Americas,2019,Q3,11136048,1310,1008.7,1430.53,77,42.6,120,4.6,3431.0,Reported,Luxury,5,BRL,-3.119,-60.0217
TXN13464,4075,CHN09,Miami,USA,Americas,2019,Q4,2103948,231,152.46,171.38,66,27.4,150,4.7,12907.0,Reported,Upper-Upscale,4,USD,25.7617,-80.1918
TXN13465,4076,CHN12,Kota Kinabalu,Malaysia,Asia Pacific,2025,Q3,3572912,146,110.96,150.85,76,11.1,350,4.1,2127.0,Estimated,Midscale,3,MYR,5.9788,116.0753
TXN13466,4077,CHN03,Agadir,Morocco,Africa,2025,Q4,3193651,452,289.28,388.35,64,31.8,120,4.8,4701.0,Estimated,Luxury,5,MAD,30.4278,-9.5981
TXN13467,4078,CHN12,Hamburg,Germany,Europe,2019,Q1,3706128,746,514.74,622.86,69,21.4,80,4.8,2626.0,Reported,Luxury,5,EUR,53.5511,9.9937
TXN13468,2564,CHN08,Kanchanaburi,Thailand,Asia Pacific,2021,Q1,3049200,275,121.0,169.89,44,32.6,280,4.9,12860.0,Reported,Luxury,5,THB,0.0,0.0
TXN13469,4079,CHN03,Lille,France,Europe,2023,Q2,9140186,472,358.72,414.75,76,29.8,280,4.7,3969.0,Reported,Luxury,5,EUR,50.6292,3.0573
TXN13470,4080,CHN12,Cannes,France,Europe,2019,Q3,4239360,320,256.0,350.78,80,18.3,180,4.4,2911.0,Reported,Upscale,4,EUR,43.5528,7.0174
TXN13471,2613,CHN06,Marrakech,Morocco,Africa,2020,Q4,423237,53,16.43,23.82,31,8.2,280,4.0,1903.0,Reported,Economy,2,MAD,31.6295,-7.9811
TXN13472,4081,CHN06,Brisbane,Australia,Asia Pacific,2025,Q2,1397760,192,153.6,222.17,80,30.1,100,4.4,1785.0,Estimated,Upscale,4,AUD,-27.4698,153.0251
TXN13473,4082,CHN10,Zhangjiajie,China,Asia Pacific,2025,Q1,7779744,454,308.72,406.69,68,31.6,280,4.9,8460.0,Estimated,Luxury,5,CNY,29.117,110.4793
TXN13474,4083,CHN06,Zakynthos,Greece,Europe,2019,Q1,734832,162,102.06,150.52,63,38.8,80,4.6,14583.0,Reported,Upscale,4,EUR,37.7902,20.9051
TXN13475,4084,CHN11,Brasilia,Brazil,Americas,2019,Q4,1309234,118,79.06,101.17,67,14.0,180,4.4,3914.0,Reported,Midscale,3,BRL,-15.7975,-47.8919
TXN13476,4085,CHN11,Johor Bahru,Malaysia,Asia Pacific,2020,Q3,449935,209,81.51,105.47,39,18.5,60,4.6,5651.0,Reported,Upper-Upscale,5,MYR,1.4927,103.7414
TXN13477,4086,CHN01,Bordeaux,France,Europe,2022,Q2,5195008,223,142.72,202.67,64,34.8,400,4.6,7429.0,Reported,Upper-Upscale,4,EUR,44.8378,-0.5792
TXN13478,4087,CHN04,Beijing,China,Asia Pacific,2021,Q4,462134,182,83.72,106.03,46,37.8,60,4.5,7212.0,Reported,Upscale,4,CNY,39.9042,116.4074
TXN13479,4088,CHN01,Washington DC,USA,Americas,2019,Q1,1485792,308,206.36,268.39,67,21.9,80,4.3,13969.0,Reported,Upper-Upscale,4,USD,38.9072,-77.0369
TXN13480,4089,CHN02,Zakynthos,Greece,Europe,2022,Q4,251712,80,45.6,57.1,57,26.8,60,4.4,2263.0,Reported,Midscale,3,EUR,37.7902,20.9051
TXN13481,4078,CHN12,Hamburg,Germany,Europe,2023,Q3,4703850,809,639.11,820.69,79,35.5,80,4.6,3181.0,Reported,Luxury,5,EUR,53.5511,9.9937
TXN13482,4090,CHN03,Ha Long Bay,Vietnam,Asia Pacific,2022,Q3,11670568,533,362.44,432.47,68,42.2,350,4.7,4572.0,Reported,Luxury,5,VND,20.9101,107.1839
TXN13483,4091,CHN05,Bangkok,Thailand,Asia Pacific,2021,Q3,3407054,381,205.74,275.09,54,26.5,180,4.6,8703.0,Reported,Luxury,5,THB,13.7563,100.5018
TXN13484,4092,CHN11,Hua Hin,Thailand,Asia Pacific,2024,Q3,1152576,116,104.4,136.36,90,9.9,120,4.4,1651.0,Reported,Midscale,3,THB,12.5684,99.9578
TXN13485,4093,CHN04,Brisbane,Australia,Asia Pacific,2023,Q4,3516792,554,382.26,463.74,69,20.1,100,4.6,8544.0,Reported,Luxury,5,AUD,-27.4698,153.0251
TXN13486,4094,CHN02,Guangzhou,China,Asia Pacific,2021,Q4,3390274,321,131.61,169.5,41,32.1,280,4.9,13457.0,Reported,Upper-Upscale,5,CNY,23.1291,113.2644
TXN13487,4095,CHN09,Clarke Quay,Singapore,Asia Pacific,2020,Q1,273420,98,30.38,43.39,31,38.3,100,4.5,1672.0,Reported,Upscale,4,SGD,1.2906,103.8467
TXN13488,4096,CHN11,Barcelona,Spain,Europe,2022,Q3,2856269,196,141.12,192.55,72,26.3,220,4.3,14435.0,Reported,Upscale,4,EUR,41.3851,2.1734
TXN13489,4097,CHN10,Hanoi,Vietnam,Asia Pacific,2021,Q3,2311500,335,167.5,203.51,50,33.3,150,4.6,12495.0,Reported,Luxury,5,VND,21.0285,105.8542
TXN13490,4098,CHN06,Marseille,France,Europe,2020,Q3,136896,62,24.8,29.74,40,13.6,60,4.2,1678.0,Reported,Midscale,3,EUR,43.2965,5.3698
TXN13491,4099,CHN05,Barcelona,Spain,Europe,2023,Q1,1614060,490,298.9,380.42,61,29.1,60,4.9,9911.0,Reported,Upper-Upscale,5,EUR,41.3851,2.1734
TXN13492,4100,CHN07,Sydney,Australia,Asia Pacific,2021,Q3,492660,70,35.7,50.02,51,9.6,150,3.8,4350.0,Reported,Economy,2,AUD,-33.8688,151.2093
TXN13493,4101,CHN11,Changi,Singapore,Asia Pacific,2022,Q1,229392,72,42.48,60.66,59,18.5,60,4.3,2943.0,Reported,Midscale,3,SGD,1.3644,103.9915
TXN13494,4102,CHN05,Zakynthos,Greece,Europe,2024,Q1,5369760,226,149.16,208.45,66,37.8,400,4.4,6280.0,Reported,Upscale,4,EUR,37.7902,20.9051
TXN13495,4103,CHN03,Bordeaux,France,Europe,2021,Q2,2232048,146,70.08,93.34,48,42.0,350,4.7,7663.0,Reported,Upscale,4,EUR,44.8378,-0.5792
TXN13496,4104,CHN07,Zhangjiajie,China,Asia Pacific,2025,Q2,6054048,231,166.32,220.01,72,22.3,400,4.7,11123.0,Estimated,Upscale,4,CNY,29.117,110.4793
TXN13497,4105,CHN12,Milan,Italy,Europe,2019,Q3,2807914,471,381.51,466.05,81,41.4,80,4.4,6588.0,Reported,Upscale,4,EUR,45.4654,9.1859
TXN13498,4106,CHN03,Utrecht,Netherlands,Europe,2020,Q4,883200,75,24.0,28.93,32,24.6,400,4.3,2457.0,Reported,Midscale,3,EUR,52.0907,5.1214
TXN13499,4107,CHN05,Istanbul,Turkey,Europe/Middle East,2023,Q3,3737923,418,338.58,451.96,81,39.3,120,5.0,12954.0,Reported,Upper-Upscale,5,TRY,41.0082,28.9784
TXN13500,4108,CHN08,Agra,India,Asia Pacific,2025,Q1,8465688,509,335.94,451.9,66,37.6,280,4.8,14631.0,Estimated,Luxury,5,INR,27.1767,78.0081
TXN13501,4109,CHN03,Chennai,India,Asia Pacific,2025,Q2,9053044,646,452.2,575.98,70,37.8,220,4.9,13241.0,Estimated,Luxury,5,INR,13.0827,80.2707
TXN13502,4110,CHN03,Tokyo,Japan,Asia Pacific,2019,Q1,7234920,319,200.97,263.74,63,42.3,400,4.4,10336.0,Reported,Upscale,4,JPY,35.6762,139.6503
TXN13503,1794,CHN03,Hoi An,Vietnam,Asia Pacific,2020,Q3,1824544,134,49.58,71.3,37,38.5,400,4.6,2942.0,Reported,Upper-Upscale,4,VND,15.8801,108.338
TXN13504,4111,CHN01,Jeonju,South Korea,Asia Pacific,2021,Q1,1879416,226,94.92,122.97,42,31.0,220,4.9,6759.0,Reported,Upper-Upscale,5,KRW,35.8242,127.148
TXN13505,4112,CHN05,Jeonju,South Korea,Asia Pacific,2021,Q4,4159725,367,161.48,227.05,44,37.9,280,4.9,8587.0,Reported,Luxury,5,KRW,35.8242,127.148
TXN13506,4113,CHN02,Leiden,Netherlands,Europe,2023,Q2,2897294,737,530.64,633.32,72,35.0,60,4.6,13013.0,Reported,Luxury,5,EUR,0.0,0.0
TXN13507,4114,CHN04,Pamukkale,Turkey,Europe/Middle East,2024,Q1,3061800,540,340.2,489.03,63,23.1,100,4.8,11710.0,Reported,Luxury,5,TRY,37.9214,29.1189
TXN13508,4115,CHN08,Krabi,Thailand,Asia Pacific,2025,Q3,2699004,381,293.37,411.75,77,19.5,100,4.7,1232.0,Estimated,Luxury,5,THB,8.0863,98.9063
TXN13509,4116,CHN10,Salvador,Brazil,Americas,2021,Q1,868320,134,53.6,62.77,40,19.5,180,4.6,8004.0,Reported,Upscale,4,BRL,-12.9714,-38.5014
TXN13510,2111,CHN08,Penang,Malaysia,Asia Pacific,2025,Q3,6622344,465,399.9,481.29,86,43.7,180,4.6,5635.0,Estimated,Luxury,5,MYR,5.4141,100.3288
TXN13511,4117,CHN12,Ras Al Khaimah,UAE,Middle East,2023,Q2,1597378,212,146.28,190.79,69,34.0,120,4.4,14427.0,Reported,Upscale,4,AED,25.8007,55.9762
TXN13512,4118,CHN04,Recife,Brazil,Americas,2021,Q4,496800,80,36.0,44.1,45,12.4,150,4.4,3926.0,Reported,Midscale,3,BRL,-8.0476,-34.877
TXN13513,4079,CHN03,Lille,France,Europe,2023,Q3,10389652,442,322.66,395.72,73,37.2,350,4.8,14502.0,Reported,Luxury,5,EUR,50.6292,3.0573
TXN13514,4119,CHN06,Recife,Brazil,Americas,2024,Q3,1925229,116,95.12,139.48,82,27.9,220,4.3,1575.0,Reported,Midscale,3,BRL,-8.0476,-34.877
TXN13515,3607,CHN02,Jeonju,South Korea,Asia Pacific,2025,Q1,2436120,101,67.67,98.85,67,18.4,400,4.2,4836.0,Estimated,Midscale,3,KRW,35.8242,127.148
TXN13516,4120,CHN03,Natal,Brazil,Americas,2020,Q4,267775,147,48.51,56.06,33,29.6,60,4.6,12940.0,Reported,Upscale,4,BRL,-5.7945,-35.211
TXN13517,4121,CHN07,Coimbra,Portugal,Europe,2019,Q4,1391040,175,126.0,182.49,72,18.8,120,4.7,7006.0,Reported,Upscale,4,EUR,0.0,0.0
TXN13518,4122,CHN01,Chengdu,China,Asia Pacific,2025,Q3,6872400,996,747.0,1066.73,75,38.8,100,4.6,5576.0,Estimated,Luxury,5,CNY,30.5728,104.0668
TXN13519,4123,CHN03,Agra,India,Asia Pacific,2019,Q3,1068672,165,145.2,211.55,88,39.8,80,4.6,11704.0,Reported,Upper-Upscale,4,INR,27.1767,78.0081
TXN13520,4124,CHN09,Bandung,Indonesia,Asia Pacific,2019,Q2,4662840,183,146.4,170.69,80,42.1,350,4.5,11621.0,Reported,Upper-Upscale,4,IDR,-6.9175,107.6191
TXN13521,4125,CHN01,Porto,Portugal,Europe,2025,Q3,4526621,494,410.02,606.67,83,30.1,120,4.9,9324.0,Estimated,Luxury,5,EUR,41.1579,-8.6291
TXN13522,4126,CHN07,Nha Trang,Vietnam,Asia Pacific,2024,Q3,964454,208,174.72,217.51,84,40.0,60,4.5,8089.0,Reported,Upscale,4,VND,12.2388,109.1967
TXN13523,1000,CHN04,Cairns,Australia,Asia Pacific,2024,Q3,2604851,128,101.12,120.2,79,16.0,280,4.1,1799.0,Reported,Midscale,3,AUD,-16.9186,145.7781
TXN13524,4127,CHN05,Lombok,Indonesia,Asia Pacific,2022,Q1,10515960,642,333.84,397.54,52,31.8,350,4.7,11248.0,Reported,Luxury,5,IDR,-8.5833,116.35
TXN13525,4128,CHN07,Paris,France,Europe,2021,Q3,1056160,82,41.0,49.41,50,22.3,280,4.1,3239.0,Reported,Economy,2,EUR,48.8566,2.3522
TXN13526,4129,CHN06,Hangzhou,China,Asia Pacific,2020,Q4,977592,115,37.95,51.4,33,26.6,280,,8918.0,Reported,Upscale,4,CNY,30.2741,120.1551
TXN13527,4130,CHN08,Koh Samui,Thailand,Asia Pacific,2023,Q2,5393115,439,329.25,385.01,75,37.9,180,4.8,2975.0,Reported,Luxury,5,THB,9.512,100.0136
TXN13528,4131,CHN11,Puebla,Mexico,Americas,2023,Q1,2594025,315,192.15,277.63,61,32.8,150,4.8,13221.0,Reported,Upper-Upscale,5,MXN,19.0414,-98.2063
TXN13529,4132,CHN10,Guadalajara,Mexico,Americas,2021,Q3,5667200,352,176.0,211.6,50,39.1,350,4.7,3182.0,Reported,Luxury,5,MXN,20.6597,-103.3496
TXN13530,4133,CHN08,Da Nang,Vietnam,Asia Pacific,2021,Q2,3270103,279,128.34,185.96,46,18.9,280,4.9,6136.0,Reported,Luxury,5,VND,16.0544,108.2022
TXN13531,4134,CHN03,Kota Kinabalu,Malaysia,Asia Pacific,2025,Q3,492660,119,89.25,116.57,75,18.2,60,4.3,4231.0,Estimated,Midscale,3,MYR,5.9788,116.0753
TXN13532,4135,CHN12,Meteora,Greece,Europe,2023,Q4,1870176,242,169.4,227.82,70,39.7,120,4.4,5350.0,Reported,Upscale,4,EUR,0.0,0.0
TXN13533,4136,CHN11,Nha Trang,Vietnam,Asia Pacific,2024,Q1,528768,136,97.92,131.13,72,8.7,60,4.1,627.0,Reported,Midscale,3,VND,12.2388,109.1967
TXN13534,4137,CHN12,Jeddah,Saudi Arabia,Middle East,2025,Q2,8299091,987,759.99,921.44,77,23.5,120,4.9,2516.0,Estimated,Luxury,5,SAR,21.5433,39.1728
TXN13535,4138,CHN12,Da Nang,Vietnam,Asia Pacific,2019,Q1,2613600,200,132.0,167.25,66,32.3,220,4.6,6843.0,Reported,Upscale,4,VND,16.0544,108.2022
TXN13536,4139,CHN06,Daegu,South Korea,Asia Pacific,2019,Q2,468468,55,42.9,48.9,78,13.7,120,,1750.0,Reported,Economy,2,KRW,35.8714,128.6014
TXN13537,4140,CHN08,Clarke Quay,Singapore,Asia Pacific,2022,Q1,1691280,180,104.4,145.81,58,30.7,180,4.5,5765.0,Reported,Upscale,4,SGD,1.2906,103.8467
TXN13538,4141,CHN04,Dusseldorf,Germany,Europe,2019,Q3,1304652,163,141.81,176.82,87,23.7,100,4.4,9711.0,Reported,Upscale,4,EUR,51.2217,6.7762
TXN13539,2929,CHN08,Madeira,Portugal,Europe,2025,Q1,2405970,399,267.33,319.97,67,36.7,100,4.7,11710.0,Estimated,Luxury,5,EUR,32.6669,-16.9241
TXN13540,4142,CHN12,Casablanca,Morocco,Africa,2022,Q1,1820232,212,112.36,149.07,53,25.8,180,4.5,12927.0,Reported,Upscale,4,MAD,33.5731,-7.5898
TXN13541,4143,CHN04,Hanoi,Vietnam,Asia Pacific,2023,Q2,458640,120,84.0,110.18,70,25.9,60,4.1,4434.0,Reported,Midscale,3,VND,21.0285,105.8542
TXN13542,1340,CHN03,Eindhoven,Netherlands,Europe,2020,Q4,232723,124,42.16,48.17,34,33.7,60,4.5,,Reported,Upper-Upscale,4,EUR,51.4416,5.4697
TXN13543,3352,CHN08,Hua Hin,Thailand,Asia Pacific,2020,Q4,645840,156,46.8,58.41,30,31.6,150,4.5,13224.0,Reported,Upscale,4,THB,12.5684,99.9578
TXN13544,1778,CHN08,Natal,Brazil,Americas,2022,Q3,3605664,368,261.28,358.91,71,21.8,150,4.9,3633.0,Reported,Luxury,5,BRL,-5.7945,-35.211
TXN13545,2826,CHN11,Maastricht,Netherlands,Europe,2021,Q1,1297296,156,65.52,83.51,42,21.8,220,4.6,,Reported,Upscale,4,EUR,50.8514,5.691
TXN13546,4144,CHN01,Osaka,Japan,Asia Pacific,2024,Q1,11796435,513,374.49,534.19,73,41.2,350,5.0,1088.0,Reported,Luxury,5,JPY,34.6937,135.5023
TXN13547,4145,CHN07,New Orleans,USA,Americas,2019,Q1,1306368,81,51.84,64.4,64,11.4,280,4.3,2083.0,Reported,Midscale,3,USD,29.9511,-90.0715
TXN13548,4146,CHN04,Leiden,Netherlands,Europe,2024,Q2,358231,81,65.61,78.79,81,26.4,60,3.9,2413.0,Reported,Economy,2,EUR,0.0,0.0
TXN13549,4147,CHN04,Hobart,Australia,Asia Pacific,2021,Q1,206640,56,22.96,32.57,41,22.7,100,3.9,2572.0,Reported,Economy,2,AUD,-42.8821,147.3272
TXN13550,4148,CHN01,Nara,Japan,Asia Pacific,2021,Q3,320160,87,43.5,57.64,50,23.5,80,4.2,2351.0,Reported,Upscale,3,JPY,34.6851,135.8048
TXN13551,4149,CHN02,Varanasi,India,Asia Pacific,2019,Q1,6418755,287,203.77,293.04,71,35.3,350,4.4,5109.0,Reported,Upper-Upscale,4,INR,25.3176,82.9739
TXN13552,4150,CHN09,Perth,Australia,Asia Pacific,2022,Q1,2823660,166,89.64,107.9,54,28.4,350,4.4,2626.0,Reported,Upscale,4,AUD,-31.9505,115.8605
TXN13553,4151,CHN04,Labuan Bajo,Indonesia,Asia Pacific,2024,Q4,18094339,1018,702.42,993.09,69,32.8,280,4.8,11166.0,Reported,Luxury,5,IDR,0.0,0.0
TXN13554,4152,CHN07,Oxford,UK,Europe,2025,Q4,1842024,188,133.48,177.44,71,21.3,150,4.6,3422.0,Estimated,Upscale,4,GBP,51.752,-1.2577
TXN13555,4153,CHN07,Rhodes,Greece,Europe,2019,Q1,353808,78,49.14,57.82,63,16.1,80,4.1,388.0,Reported,Midscale,3,EUR,36.4349,28.2176
TXN13556,3436,CHN12,Marina Bay,Singapore,Asia Pacific,2021,Q4,1894133,817,343.14,390.88,42,30.3,60,4.9,5775.0,Reported,Luxury,5,SGD,1.2819,103.8636
TXN13557,4154,CHN11,Bristol,UK,Europe,2024,Q1,639000,100,71.0,84.42,71,12.7,100,4.1,1556.0,Reported,Midscale,3,GBP,51.4545,-2.5879
TXN13558,4155,CHN02,Santorini,Greece,Europe,2025,Q2,1095494,132,100.32,129.34,76,20.6,120,4.1,2579.0,Estimated,Midscale,3,EUR,36.3932,25.4615
TXN13559,4156,CHN08,Frankfurt,Germany,Europe,2019,Q3,2402083,253,217.58,275.59,86,24.9,120,4.4,7593.0,Reported,Upscale,4,EUR,50.1109,8.6821
TXN13560,2475,CHN11,Lille,France,Europe,2024,Q2,672235,114,92.34,110.17,81,9.9,80,4.3,600.0,Reported,Midscale,3,EUR,50.6292,3.0573
TXN13561,4157,CHN07,Incheon,South Korea,Asia Pacific,2023,Q2,504941,102,69.36,83.76,68,12.4,80,4.3,3756.0,Reported,Midscale,3,KRW,37.4563,126.7052
TXN13562,4158,CHN12,Miami,USA,Americas,2023,Q1,547560,156,101.4,149.71,65,24.2,60,4.4,757.0,Reported,Midscale,3,USD,25.7617,-80.1918
TXN13563,4159,CHN11,Hangzhou,China,Asia Pacific,2021,Q3,1486426,136,73.44,96.17,54,28.0,220,4.4,13479.0,Reported,Upscale,4,CNY,30.2741,120.1551
TXN13564,4160,CHN04,New York,USA,Americas,2025,Q4,2165827,577,392.36,475.89,68,26.4,60,4.6,11415.0,Estimated,Upscale,4,USD,40.7128,-74.006
TXN13565,4161,CHN02,Orchard Road,Singapore,Asia Pacific,2021,Q4,523958,113,47.46,57.68,42,22.8,120,,4147.0,Reported,Midscale,3,SGD,1.3048,103.8318
TXN13566,4162,CHN12,Natal,Brazil,Americas,2023,Q3,2972520,359,269.25,352.71,75,29.0,120,4.7,12093.0,Reported,Upscale,4,BRL,-5.7945,-35.211
TXN13567,4163,CHN04,Ho Chi Minh City,Vietnam,Asia Pacific,2023,Q1,5319666,401,268.67,365.2,67,40.9,220,4.8,3905.0,Reported,Upper-Upscale,5,VND,10.8231,106.6297
TXN13568,4164,CHN04,Clarke Quay,Singapore,Asia Pacific,2023,Q2,4966006,543,363.81,509.95,67,38.4,150,5.0,13522.0,Reported,Luxury,5,SGD,1.2906,103.8467
TXN13569,4165,CHN12,Fortaleza,Brazil,Americas,2023,Q2,832104,127,91.44,119.2,72,10.7,100,4.1,1220.0,Reported,Midscale,3,BRL,-3.7319,-38.5267
TXN13570,4166,CHN12,Marina Bay,Singapore,Asia Pacific,2024,Q3,3228096,408,350.88,446.23,86,23.5,100,4.3,9640.0,Reported,Upscale,4,SGD,1.2819,103.8636
TXN13571,4167,CHN01,Nagoya,Japan,Asia Pacific,2020,Q1,3390336,654,209.28,258.63,32,32.0,180,5.0,1985.0,Reported,Luxury,5,JPY,35.1815,136.9066
TXN13572,4168,CHN03,Hoi An,Vietnam,Asia Pacific,2019,Q2,5652083,1278,1035.18,1531.9,81,31.3,60,4.8,13356.0,Reported,Luxury,5,VND,15.8801,108.338
TXN13573,4169,CHN07,Kanchanaburi,Thailand,Asia Pacific,2024,Q4,4845456,209,150.48,209.43,72,20.9,350,4.4,12183.0,Reported,Upscale,4,THB,0.0,0.0
TXN13574,4170,CHN06,Abu Dhabi,UAE,Middle East,2021,Q3,451315,73,40.88,55.21,56,10.1,120,4.3,3013.0,Reported,Midscale,3,AED,24.4539,54.3773
TXN13575,4171,CHN09,Malacca,Malaysia,Asia Pacific,2020,Q4,1308608,127,40.64,58.85,32,33.7,350,4.6,4634.0,Reported,Upper-Upscale,4,MYR,2.1896,102.2501
TXN13576,4172,CHN06,Munich,Germany,Europe,2022,Q2,1708598,171,104.31,120.65,61,39.3,180,4.6,9513.0,Reported,Upscale,4,EUR,48.1351,11.582
TXN13577,4173,CHN06,Jaipur,India,Asia Pacific,2025,Q1,894240,120,82.8,99.78,69,22.6,120,4.2,1731.0,Estimated,Midscale,3,INR,26.9124,75.7873
TXN13578,4174,CHN07,Jakarta,Indonesia,Asia Pacific,2023,Q3,1354755,233,184.07,252.23,79,22.2,80,4.6,13545.0,Reported,Upscale,4,IDR,-6.2088,106.8456
TXN13579,4175,CHN01,Oaxaca,Mexico,Americas,2024,Q3,2167097,129,107.07,153.64,83,18.9,220,4.2,1460.0,Reported,Upscale,3,MXN,17.0732,-96.7266
TXN13580,3314,CHN11,Corfu,Greece,Europe,2024,Q2,3921882,208,153.92,195.67,74,28.1,280,4.6,4308.0,Reported,Upscale,4,EUR,39.6243,19.9217
TXN13581,4176,CHN07,Yokohama,Japan,Asia Pacific,2020,Q4,764262,118,37.76,48.7,32,35.3,220,4.4,1631.0,Reported,Upscale,4,JPY,35.4437,139.638
TXN13582,4177,CHN01,Guangzhou,China,Asia Pacific,2022,Q2,1114386,314,204.1,262.29,65,18.5,60,4.9,4199.0,Reported,Upper-Upscale,5,CNY,23.1291,113.2644
TXN13583,3818,CHN06,Amalfi,Italy,Europe,2021,Q1,1733130,131,55.02,73.08,42,34.0,350,4.6,6885.0,Reported,Upscale,4,EUR,40.634,14.6027
TXN13584,4178,CHN08,Medina,Saudi Arabia,Middle East,2023,Q2,4025549,512,368.64,451.16,72,39.5,120,4.6,8942.0,Reported,Luxury,5,SAR,24.5247,39.5692
TXN13585,4179,CHN04,Orlando,USA,Americas,2021,Q3,2379672,479,258.66,321.41,54,26.6,100,5.0,13037.0,Reported,Luxury,5,USD,28.5383,-81.3792
TXN13586,4180,CHN04,Yogyakarta,Indonesia,Asia Pacific,2022,Q2,1248647,99,62.37,81.5,63,14.6,220,4.3,1803.0,Reported,Midscale,3,IDR,-7.7971,110.3688
TXN13587,4181,CHN10,Fukuoka,Japan,Asia Pacific,2023,Q2,12265344,432,336.96,442.16,78,23.5,400,4.8,7623.0,Reported,Luxury,5,JPY,33.5904,130.4017
TXN13588,4182,CHN06,Andong,South Korea,Asia Pacific,2024,Q1,2347380,108,74.52,103.95,69,9.1,350,4.1,1978.0,Reported,Midscale,3,KRW,36.5684,128.7294
TXN13589,4183,CHN03,Woodlands,Singapore,Asia Pacific,2023,Q2,2170896,120,85.2,108.71,71,13.3,280,4.3,3011.0,Reported,Midscale,3,SGD,1.437,103.7862
TXN13590,1327,CHN10,Guangzhou,China,Asia Pacific,2022,Q4,7474522,728,451.36,636.17,62,29.6,180,4.6,7428.0,Reported,Luxury,5,CNY,23.1291,113.2644
TXN13591,4184,CHN12,Yogyakarta,Indonesia,Asia Pacific,2019,Q3,19273632,696,598.56,684.44,86,32.8,350,4.6,4489.0,Reported,Luxury,5,IDR,-7.7971,110.3688
TXN13592,4185,CHN01,Verona,Italy,Europe,2021,Q1,514755,93,38.13,45.46,41,38.1,150,4.7,8849.0,Reported,Upscale,4,EUR,45.4384,10.9916
TXN13593,4186,CHN08,Fortaleza,Brazil,Americas,2023,Q4,1327560,370,240.5,339.88,65,31.2,60,4.6,5092.0,Reported,Luxury,5,BRL,-3.7319,-38.5267
TXN13594,4187,CHN09,Hoi An,Vietnam,Asia Pacific,2021,Q1,1626156,239,100.38,131.87,42,30.4,180,5.0,3239.0,Reported,Luxury,5,VND,15.8801,108.338
TXN13595,4188,CHN01,Mexico City,Mexico,Americas,2021,Q1,803682,99,40.59,46.53,41,27.8,220,,439.0,Reported,Upscale,3,MXN,19.4326,-99.1332
TXN13596,4189,CHN03,Honolulu,USA,Americas,2025,Q3,531300,125,96.25,131.56,77,23.9,60,4.4,4105.0,Estimated,Midscale,3,USD,21.3069,-157.8583
TXN13597,4190,CHN05,Goa,India,Asia Pacific,2020,Q3,1585786,171,61.56,88.67,36,19.0,280,4.5,8175.0,Reported,Upscale,4,INR,15.2993,74.124
TXN13598,4191,CHN11,Busan,South Korea,Asia Pacific,2024,Q2,3773952,128,103.68,122.83,81,17.2,400,4.1,2801.0,Reported,Midscale,3,KRW,35.1796,129.0756
TXN13599,4192,CHN12,Delft,Netherlands,Europe,2019,Q4,3220000,125,87.5,100.0,70,26.2,400,4.2,3329.0,Reported,Midscale,3,EUR,0.0,0.0
TXN13600,4193,CHN01,Kyoto,Japan,Asia Pacific,2019,Q3,16524304,541,449.03,617.53,83,36.0,400,4.8,2643.0,Reported,Luxury,5,JPY,35.0116,135.7681
TXN13601,4194,CHN09,Casablanca,Morocco,Africa,2021,Q1,1077120,136,54.4,78.22,40,41.6,220,4.6,3737.0,Reported,Upper-Upscale,4,MAD,33.5731,-7.5898
TXN13602,4195,CHN12,Jakarta,Indonesia,Asia Pacific,2021,Q4,903514,186,81.84,110.57,44,31.1,120,4.4,6564.0,Reported,Upscale,4,IDR,-6.2088,106.8456
TXN13603,4080,CHN12,Cannes,France,Europe,2023,Q2,1271470,319,232.87,286.98,73,41.6,60,4.4,2841.0,Reported,Upscale,4,EUR,43.5528,7.0174
TXN13604,1651,CHN07,Sydney,Australia,Asia Pacific,2020,Q4,273792,96,29.76,33.4,31,18.9,100,4.3,4772.0,Reported,Midscale,3,AUD,-33.8688,151.2093
TXN13605,4196,CHN01,Fortaleza,Brazil,Americas,2022,Q1,11725164,1021,592.18,863.65,58,33.8,220,4.8,14347.0,Reported,Luxury,5,BRL,-3.7319,-38.5267
TXN13606,4197,CHN11,Sukhothai,Thailand,Asia Pacific,2020,Q1,538965,59,17.11,25.07,29,11.1,350,4.1,4226.0,Reported,Midscale,3,THB,0.0,0.0
TXN13607,1663,CHN05,Mykonos,Greece,Europe,2024,Q1,7076160,672,436.8,536.49,65,35.8,180,4.9,12653.0,Reported,Luxury,5,EUR,37.4467,25.3289
TXN13608,4198,CHN12,Cairns,Australia,Asia Pacific,2024,Q3,9454380,806,685.1,791.84,85,34.1,150,4.9,7092.0,Reported,Luxury,5,AUD,-16.9186,145.7781
TXN13609,4199,CHN11,Florence,Italy,Europe,2025,Q4,1210720,188,131.6,169.02,70,30.6,100,4.4,13454.0,Estimated,Upscale,4,EUR,43.7696,11.2558
TXN13610,4200,CHN07,Venice,Italy,Europe,2025,Q4,1164996,126,84.42,98.85,67,13.1,150,4.2,4411.0,Estimated,Midscale,3,EUR,45.4408,12.3155
TXN13611,4201,CHN03,Miami,USA,Americas,2023,Q4,14944020,1547,1082.9,1359.4,70,38.4,150,4.6,1496.0,Reported,Luxury,5,USD,25.7617,-80.1918
TXN13612,4202,CHN05,Mykonos,Greece,Europe,2025,Q2,22282260,795,612.15,867.48,77,19.3,400,4.6,5967.0,Estimated,Luxury,5,EUR,37.4467,25.3289
TXN13613,4203,CHN10,The Hague,Netherlands,Europe,2020,Q3,1555260,115,48.3,61.15,42,22.8,350,4.6,2829.0,Reported,Upscale,4,EUR,52.0705,4.3007
TXN13614,4204,CHN10,Daegu,South Korea,Asia Pacific,2020,Q3,1608381,533,218.53,252.63,41,24.7,80,4.8,14119.0,Reported,Luxury,5,KRW,35.8714,128.6014
TXN13615,4205,CHN08,Barcelona,Spain,Europe,2024,Q4,4802400,580,435.0,522.27,75,41.6,120,4.7,11357.0,Reported,Luxury,5,EUR,41.3851,2.1734
TXN13616,2691,CHN08,Toulouse,France,Europe,2022,Q1,2572695,323,190.57,273.01,59,21.4,150,4.7,9610.0,Reported,Luxury,5,EUR,43.6047,1.4442
TXN13617,2399,CHN05,JBR,UAE,Middle East,2025,Q4,10020318,451,311.19,447.54,69,38.3,350,4.9,6296.0,Estimated,Luxury,5,AED,25.0777,55.1308
TXN13618,4206,CHN09,Jurong,Singapore,Asia Pacific,2020,Q2,778378,132,47.52,69.41,36,39.7,180,4.3,10219.0,Reported,Upper-Upscale,4,SGD,1.3404,103.709
TXN13619,4207,CHN06,San Francisco,USA,Americas,2020,Q1,633150,67,20.1,27.09,30,23.4,350,3.9,2122.0,Reported,Economy,2,USD,37.7749,-122.4194
TXN13620,4208,CHN05,Marrakech,Morocco,Africa,2019,Q1,3718512,238,147.56,170.36,62,29.1,280,4.4,10474.0,Reported,Upscale,4,MAD,31.6295,-7.9811
TXN13621,4209,CHN07,Kota Kinabalu,Malaysia,Asia Pacific,2024,Q1,2275938,223,140.49,180.11,63,28.1,180,4.3,13065.0,Reported,Upscale,4,MYR,5.9788,116.0753
TXN13622,4210,CHN05,Leipzig,Germany,Europe,2024,Q1,12630240,716,501.2,574.06,70,42.4,280,4.9,13854.0,Reported,Luxury,5,EUR,51.3397,12.3731
TXN13623,4211,CHN07,Marseille,France,Europe,2020,Q2,589407,127,43.18,60.65,34,35.0,150,4.5,3486.0,Reported,Upscale,4,EUR,43.2965,5.3698
TXN13624,4212,CHN12,Amsterdam,Netherlands,Europe,2020,Q2,449249,121,41.14,60.79,34,21.2,120,4.1,2115.0,Reported,Midscale,3,EUR,52.3676,4.9041
TXN13625,4213,CHN04,Shanghai,China,Asia Pacific,2022,Q2,2170514,631,397.53,476.89,63,41.6,60,4.9,11068.0,Reported,Luxury,5,CNY,31.2304,121.4737
TXN13626,4214,CHN05,Yokohama,Japan,Asia Pacific,2023,Q4,2304416,404,250.48,312.35,62,33.6,100,4.7,12410.0,Reported,Upper-Upscale,5,JPY,35.4437,139.638
TXN13627,1367,CHN05,Orchard Road,Singapore,Asia Pacific,2025,Q3,23045632,824,626.24,887.09,76,43.6,400,4.7,5000.0,Estimated,Luxury,5,SGD,1.3048,103.8318
TXN13628,1258,CHN05,Antalya,Turkey,Europe/Middle East,2019,Q1,4251456,352,214.72,281.58,61,23.5,220,4.6,5987.0,Reported,Upper-Upscale,5,TRY,36.8969,30.7133
TXN13629,4215,CHN07,Hanoi,Vietnam,Asia Pacific,2021,Q1,970200,70,30.8,36.03,44,20.2,350,4.2,3105.0,Reported,Midscale,3,VND,21.0285,105.8542
TXN13630,4216,CHN10,Cairns,Australia,Asia Pacific,2025,Q3,8111309,896,734.72,957.31,82,42.6,120,5.0,9923.0,Estimated,Luxury,5,AUD,-16.9186,145.7781
TXN13631,4129,CHN06,Hangzhou,China,Asia Pacific,2020,Q4,1262240,112,39.2,45.84,35,25.2,350,4.5,1572.0,Reported,Upscale,4,CNY,30.2741,120.1551
TXN13632,4217,CHN09,Genting,Malaysia,Asia Pacific,2021,Q1,1441440,130,57.2,84.36,44,32.2,280,4.5,2426.0,Reported,Upscale,4,MYR,0.0,0.0
TXN13633,1080,CHN03,Haarlem,Netherlands,Europe,2021,Q4,6884654,1014,415.74,573.92,41,42.5,180,4.6,9947.0,Reported,Luxury,5,EUR,0.0,0.0
TXN13634,2532,CHN08,Nagoya,Japan,Asia Pacific,2022,Q2,3547089,355,216.55,295.23,61,41.5,180,4.8,5740.0,Reported,Luxury,5,JPY,35.1815,136.9066
TXN13635,4218,CHN06,Playa del Carmen,Mexico,Americas,2021,Q4,583906,82,35.26,52.18,43,26.5,180,4.1,1681.0,Reported,Midscale,3,MXN,20.6296,-87.0739
TXN13636,4219,CHN03,Sokcho,South Korea,Asia Pacific,2024,Q3,7478827,579,451.62,560.03,78,39.1,180,4.7,2255.0,Reported,Luxury,5,KRW,38.207,128.5918
TXN13637,4220,CHN06,Fez,Morocco,Africa,2021,Q4,544824,45,21.15,28.32,47,17.0,280,3.9,2654.0,Reported,Economy,2,MAD,34.0181,-5.0078
TXN13638,4221,CHN07,Fez,Morocco,Africa,2023,Q3,820714,59,49.56,59.81,84,23.2,180,4.1,337.0,Reported,Economy,2,MAD,34.0181,-5.0078
TXN13639,4222,CHN08,Ouarzazate,Morocco,Africa,2022,Q2,1572480,180,115.2,166.6,64,28.7,150,4.5,3014.0,Reported,Upscale,4,MAD,0.0,0.0
TXN13640,4223,CHN01,Yokohama,Japan,Asia Pacific,2024,Q4,483552,120,87.6,117.05,73,13.1,60,4.3,3796.0,Reported,Upscale,3,JPY,35.4437,139.638
TXN13641,4224,CHN02,York,UK,Europe,2022,Q4,8934746,712,441.44,643.12,62,20.6,220,4.6,14576.0,Reported,Luxury,5,GBP,53.96,-1.0873
TXN13642,4225,CHN10,Frankfurt,Germany,Europe,2024,Q3,1620764,223,176.17,197.9,79,37.0,100,4.4,3676.0,Reported,Upscale,4,EUR,50.1109,8.6821
TXN13643,4226,CHN09,Dresden,Germany,Europe,2021,Q3,837715,271,151.76,190.16,56,21.8,60,4.9,12563.0,Reported,Luxury,5,EUR,51.0509,13.7383
TXN13644,4227,CHN03,Labuan Bajo,Indonesia,Asia Pacific,2020,Q1,220410,79,24.49,30.16,31,8.9,100,4.4,248.0,Reported,Midscale,3,IDR,0.0,0.0
TXN13645,4228,CHN02,Barcelona,Spain,Europe,2020,Q1,876960,96,27.84,35.57,29,17.0,350,4.4,3796.0,Reported,Midscale,3,EUR,41.3851,2.1734
TXN13646,4229,CHN01,Melbourne,Australia,Asia Pacific,2023,Q3,4625760,419,335.2,485.95,80,40.8,150,4.9,4215.0,Reported,Upper-Upscale,5,AUD,-37.8136,144.9631
TXN13647,4230,CHN12,Azores,Portugal,Europe,2019,Q3,5933558,698,537.46,741.99,77,25.2,120,4.7,4557.0,Reported,Luxury,5,EUR,0.0,0.0
TXN13648,4231,CHN09,Cancun,Mexico,Americas,2019,Q3,7503373,331,291.28,375.29,88,18.3,280,4.7,13510.0,Reported,Luxury,5,MXN,21.1619,-86.8515
TXN13649,4232,CHN04,Bur Dubai,UAE,Middle East,2024,Q2,3002636,113,82.49,117.25,73,25.4,400,4.3,1146.0,Reported,Midscale,3,AED,25.2535,55.296
TXN13650,1522,CHN02,Lisbon,Portugal,Europe,2025,Q1,8489250,385,269.5,315.95,70,35.8,350,4.6,5059.0,Estimated,Upper-Upscale,4,EUR,38.7223,-9.1393
TXN13651,4233,CHN02,Brisbane,Australia,Asia Pacific,2019,Q4,15489488,859,601.3,822.84,70,42.4,280,4.8,9201.0,Reported,Luxury,5,AUD,-27.4698,153.0251
TXN13652,4234,CHN11,Naples,Italy,Europe,2020,Q2,135626,69,24.84,32.44,36,18.4,60,4.4,3902.0,Reported,Midscale,3,EUR,40.8518,14.2681
TXN13653,4235,CHN01,Lille,France,Europe,2025,Q2,5116457,1233,937.08,1161.22,76,39.6,60,4.7,14172.0,Estimated,Luxury,5,EUR,50.6292,3.0573
TXN13654,4096,CHN11,Barcelona,Spain,Europe,2025,Q3,1668733,287,226.73,322.09,79,22.2,80,4.7,11677.0,Estimated,Upscale,4,EUR,41.3851,2.1734
TXN13655,4236,CHN12,Porto,Portugal,Europe,2023,Q4,899870,247,163.02,183.75,66,18.7,60,,10424.0,Reported,Upscale,4,EUR,41.1579,-8.6291
TXN13656,4237,CHN01,Shanghai,China,Asia Pacific,2024,Q2,3119116,418,342.76,469.28,82,40.2,100,4.7,13341.0,Reported,Upper-Upscale,5,CNY,31.2304,121.4737
TXN13657,4238,CHN01,Penang,Malaysia,Asia Pacific,2021,Q4,1161776,82,36.08,52.56,44,23.1,350,4.2,1986.0,Reported,Upscale,3,MYR,5.4141,100.3288
TXN13658,4239,CHN08,Ha Long Bay,Vietnam,Asia Pacific,2020,Q2,365165,132,50.16,56.72,38,23.7,80,4.7,14660.0,Reported,Upscale,4,VND,20.9101,107.1839
TXN13659,4240,CHN04,Ibiza,Spain,Europe,2019,Q3,1507954,157,136.59,182.96,87,36.0,120,4.6,6576.0,Reported,Upscale,4,EUR,38.9067,1.4206
TXN13660,4241,CHN05,Tangier,Morocco,Africa,2024,Q3,766618,124,104.16,134.45,84,19.5,80,4.1,3598.0,Reported,Midscale,3,MAD,35.7595,-5.833
TXN13661,4242,CHN02,Oxford,UK,Europe,2019,Q1,14171220,815,562.35,750.78,69,38.4,280,4.8,13729.0,Reported,Luxury,5,GBP,51.752,-1.2577
TXN13662,4243,CHN09,Orchard Road,Singapore,Asia Pacific,2020,Q4,395674,168,53.76,69.36,32,40.3,80,4.4,6333.0,Reported,Upper-Upscale,4,SGD,1.3048,103.8318
TXN13663,4244,CHN01,Shanghai,China,Asia Pacific,2021,Q1,4262220,877,394.65,575.8,45,23.7,120,4.9,3920.0,Reported,Luxury,5,CNY,31.2304,121.4737
TXN13664,4245,CHN09,Gold Coast,Australia,Asia Pacific,2019,Q1,2154240,352,239.36,284.92,68,25.3,100,4.6,1969.0,Reported,Luxury,5,AUD,-28.0167,153.4
TXN13665,3546,CHN04,Ibiza,Spain,Europe,2024,Q3,20170080,696,626.4,867.94,90,43.1,350,4.8,7473.0,Reported,Luxury,5,EUR,38.9067,1.4206
TXN13666,4246,CHN10,Ipoh,Malaysia,Asia Pacific,2021,Q1,2260080,584,251.12,320.88,43,28.3,100,4.8,10949.0,Reported,Luxury,5,MYR,4.5975,101.0901
TXN13667,4247,CHN12,Tulum,Mexico,Americas,2025,Q4,591799,151,107.21,121.41,71,21.1,60,4.1,1378.0,Estimated,Midscale,3,MXN,20.2114,-87.4654
TXN13668,3377,CHN07,Tulum,Mexico,Americas,2023,Q4,1536326,84,59.64,77.55,71,26.2,280,4.2,2514.0,Reported,Midscale,3,MXN,20.2114,-87.4654
TXN13669,3433,CHN08,Meteora,Greece,Europe,2024,Q3,6971668,415,344.45,412.16,83,27.8,220,4.6,8245.0,Reported,Luxury,5,EUR,0.0,0.0
TXN13670,4248,CHN12,Varanasi,India,Asia Pacific,2022,Q1,3510720,184,97.52,109.6,53,40.5,400,4.6,9533.0,Reported,Upscale,4,INR,25.3176,82.9739
TXN13671,4249,CHN03,Kusadasi,Turkey,Europe/Middle East,2022,Q3,1335398,189,120.96,159.03,64,34.0,120,4.6,4283.0,Reported,Upscale,4,TRY,0.0,0.0
TXN13672,4250,CHN03,Lyon,France,Europe,2025,Q2,1533168,130,93.6,129.99,72,9.9,180,4.3,4557.0,Estimated,Midscale,3,EUR,45.764,4.8357
TXN13673,4251,CHN04,Naples,Italy,Europe,2019,Q1,2014740,574,373.1,477.08,65,21.9,60,4.9,9904.0,Reported,Luxury,5,EUR,40.8518,14.2681
TXN13674,4252,CHN02,Delhi,India,Asia Pacific,2022,Q2,11948528,615,375.15,435.71,61,20.8,350,4.8,1090.0,Reported,Luxury,5,INR,28.6139,77.209
TXN13675,4253,CHN08,Palermo,Italy,Europe,2019,Q4,4483123,376,270.72,325.76,72,35.9,180,4.8,8004.0,Reported,Luxury,5,EUR,38.1157,13.3615
TXN13676,4254,CHN08,Bilbao,Spain,Europe,2020,Q3,1113108,327,120.99,176.29,37,21.7,100,4.9,4803.0,Reported,Luxury,5,EUR,43.263,-2.935
TXN13677,4255,CHN02,Jeju Island,South Korea,Asia Pacific,2019,Q3,11798816,391,320.62,425.65,82,20.6,400,5.0,3424.0,Reported,Upper-Upscale,5,KRW,33.4996,126.5312
TXN13678,4256,CHN09,Cambridge,UK,Europe,2020,Q3,775008,120,46.8,62.62,39,21.5,180,4.5,8564.0,Reported,Upper-Upscale,4,GBP,52.2053,0.1218
TXN13679,4257,CHN09,Athens,Greece,Europe,2023,Q4,757068,211,137.15,160.81,65,33.7,60,4.4,8097.0,Reported,Upper-Upscale,4,EUR,37.9838,23.7275
TXN13680,4258,CHN12,Toledo,Spain,Europe,2023,Q4,665712,135,90.45,120.82,67,21.6,80,4.4,4976.0,Reported,Midscale,3,EUR,39.8628,-4.0273
TXN13681,4259,CHN03,Jaipur,India,Asia Pacific,2025,Q3,9748872,435,378.45,458.45,87,19.1,280,4.7,1442.0,Estimated,Luxury,5,INR,26.9124,75.7873
TXN13682,4260,CHN01,Sydney,Australia,Asia Pacific,2025,Q4,2336947,504,317.52,385.92,63,34.6,80,4.8,4495.0,Estimated,Upper-Upscale,5,AUD,-33.8688,151.2093
TXN13683,4261,CHN09,Suwon,South Korea,Asia Pacific,2024,Q1,1822014,163,112.47,140.79,69,38.9,180,4.3,12413.0,Reported,Upscale,4,KRW,37.2636,127.0286
TXN13684,4262,CHN12,Okinawa,Japan,Asia Pacific,2025,Q3,7629468,718,552.86,728.35,77,26.5,150,4.8,14308.0,Estimated,Luxury,5,JPY,26.2124,127.6809
TXN13685,3809,CHN06,Bangkok,Thailand,Asia Pacific,2019,Q1,814968,49,32.34,44.46,66,11.8,280,4.1,3812.0,Reported,Economy,2,THB,13.7563,100.5018
TXN13686,4263,CHN01,San Sebastian,Spain,Europe,2021,Q4,890192,236,96.76,116.13,41,42.6,100,4.8,5623.0,Reported,Upper-Upscale,5,EUR,43.3183,-1.9812
TXN13687,4264,CHN03,Algarve,Portugal,Europe,2022,Q4,6678538,447,259.26,324.28,58,23.5,280,4.7,12823.0,Reported,Luxury,5,EUR,37.0194,-8.1383
TXN13688,4265,CHN12,Casablanca,Morocco,Africa,2020,Q2,1024951,247,93.86,106.56,38,31.4,120,4.6,13749.0,Reported,Upscale,4,MAD,33.5731,-7.5898
TXN13689,4266,CHN04,Incheon,South Korea,Asia Pacific,2022,Q4,6022688,334,187.04,261.74,56,37.6,350,4.7,8169.0,Reported,Upper-Upscale,5,KRW,37.4563,126.7052
TXN13690,4267,CHN05,Milan,Italy,Europe,2025,Q4,4394932,713,477.71,703.37,67,28.0,100,4.9,8557.0,Estimated,Luxury,5,EUR,45.4654,9.1859
TXN13691,4268,CHN01,Lisbon,Portugal,Europe,2021,Q1,552960,256,102.4,124.9,40,19.9,60,5.0,14310.0,Reported,Upper-Upscale,5,EUR,38.7223,-9.1393
TXN13692,1478,CHN09,Chinatown,Singapore,Asia Pacific,2020,Q4,590364,115,35.65,48.34,31,42.3,180,4.4,9664.0,Reported,Upscale,4,SGD,1.2826,103.8446
TXN13693,4269,CHN08,Chefchaouen,Morocco,Africa,2024,Q3,10884115,503,422.52,558.21,84,42.6,280,4.9,3002.0,Reported,Luxury,5,MAD,35.1688,-5.2636
TXN13694,2605,CHN11,Little India,Singapore,Asia Pacific,2021,Q3,227700,75,41.25,55.84,55,9.2,60,4.3,2361.0,Reported,Midscale,3,SGD,1.3066,103.8518
TXN13695,4270,CHN01,Granada,Spain,Europe,2019,Q3,8245776,291,224.07,303.82,77,33.7,400,4.8,1466.0,Reported,Upper-Upscale,5,EUR,37.1773,-3.5986
TXN13696,4271,CHN08,Crete,Greece,Europe,2021,Q1,1664712,367,154.14,212.99,42,20.5,120,5.0,12733.0,Reported,Luxury,5,EUR,35.2401,24.8093
TXN13697,4272,CHN01,Washington DC,USA,Americas,2019,Q2,7710976,1324,1059.2,1524.59,80,30.0,80,4.9,9967.0,Reported,Luxury,5,USD,38.9072,-77.0369
TXN13698,4273,CHN05,Seville,Spain,Europe,2025,Q1,10299240,488,326.96,432.74,67,34.1,350,4.7,9793.0,Estimated,Luxury,5,EUR,37.3891,-5.9845
TXN13699,4274,CHN09,Miami,USA,Americas,2021,Q2,1505504,160,75.2,85.76,47,30.4,220,4.5,11818.0,Reported,Upscale,4,USD,25.7617,-80.1918
TXN13700,1126,CHN12,Abu Dhabi,UAE,Middle East,2021,Q4,1509030,243,109.35,148.78,45,19.3,150,4.4,9031.0,Reported,Upscale,4,AED,24.4539,54.3773
TXN13701,4275,CHN02,Granada,Spain,Europe,2025,Q3,420790,99,76.23,87.33,77,25.6,60,4.2,4114.0,Estimated,Midscale,3,EUR,37.1773,-3.5986
TXN13702,4276,CHN07,Stuttgart,Germany,Europe,2024,Q1,849420,65,42.9,61.29,66,22.1,220,3.9,3566.0,Reported,Economy,2,EUR,48.7758,9.1829
TXN13703,4277,CHN06,Kyoto,Japan,Asia Pacific,2019,Q4,3400320,224,168.0,219.1,75,22.8,220,4.4,13347.0,Reported,Upscale,4,JPY,35.0116,135.7681
TXN13704,4278,CHN01,Delphi,Greece,Europe,2022,Q2,4414155,284,173.24,219.87,61,39.7,280,4.7,3701.0,Reported,Upper-Upscale,5,EUR,0.0,0.0
TXN13705,4279,CHN04,Al Ula,Saudi Arabia,Middle East,2023,Q4,953414,127,86.36,116.25,68,9.9,120,4.3,4353.0,Reported,Midscale,3,SAR,0.0,0.0
TXN13706,2378,CHN04,Okinawa,Japan,Asia Pacific,2022,Q2,965765,268,176.88,218.17,66,20.2,60,4.4,4947.0,Reported,Upscale,4,JPY,26.2124,127.6809
TXN13707,2212,CHN06,Cannes,France,Europe,2021,Q3,1334368,74,41.44,50.16,56,11.7,350,4.4,4178.0,Reported,Midscale,3,EUR,43.5528,7.0174
TXN13708,4280,CHN11,Yanbu,Saudi Arabia,Middle East,2022,Q2,6582576,274,180.84,231.52,66,38.9,400,4.6,13878.0,Reported,Upper-Upscale,5,SAR,0.0,0.0
TXN13709,4281,CHN05,Nara,Japan,Asia Pacific,2025,Q3,9548220,555,471.75,653.54,85,21.6,220,4.9,4523.0,Estimated,Luxury,5,JPY,34.6851,135.8048
TXN13710,4282,CHN12,Al Ula,Saudi Arabia,Middle East,2025,Q2,614741,139,112.59,147.5,81,16.3,60,,604.0,Estimated,Midscale,3,SAR,0.0,0.0
TXN13711,4283,CHN11,Chinatown,Singapore,Asia Pacific,2024,Q2,2382380,110,93.5,115.2,85,19.8,280,4.4,3314.0,Reported,Midscale,3,SGD,1.2826,103.8446
TXN13712,4284,CHN01,Delhi,India,Asia Pacific,2023,Q4,3884010,433,281.45,338.24,65,21.7,150,4.9,4482.0,Reported,Luxury,5,INR,28.6139,77.209
TXN13713,4285,CHN05,Kuching,Malaysia,Asia Pacific,2020,Q1,199584,84,27.72,37.86,33,14.5,80,4.4,1698.0,Reported,Midscale,3,MYR,1.5497,110.3626
TXN13714,4286,CHN01,Strasbourg,France,Europe,2020,Q3,3090464,221,83.98,117.09,38,27.7,400,4.8,9621.0,Reported,Upper-Upscale,5,EUR,48.5734,7.7521
TXN13715,4287,CHN09,Rio de Janeiro,Brazil,Americas,2021,Q3,445133,144,80.64,99.06,56,21.9,60,4.4,1993.0,Reported,Upscale,4,BRL,-22.9068,-43.1729
TXN13716,4288,CHN01,Munich,Germany,Europe,2020,Q1,793800,294,88.2,101.07,30,29.4,100,4.6,14836.0,Reported,Upper-Upscale,5,EUR,48.1351,11.582
TXN13717,4289,CHN03,Chefchaouen,Morocco,Africa,2019,Q4,3610522,219,140.16,176.55,64,33.9,280,4.4,10428.0,Reported,Upscale,4,MAD,35.1688,-5.2636
TXN13718,4290,CHN06,Haarlem,Netherlands,Europe,2020,Q2,166093,78,30.42,41.73,39,20.2,60,4.4,1768.0,Reported,Midscale,3,EUR,0.0,0.0
TXN13719,4291,CHN06,JBR,UAE,Middle East,2024,Q4,324576,63,44.1,56.43,70,23.3,80,4.0,3441.0,Reported,Economy,2,AED,25.0777,55.1308
TXN13720,4292,CHN06,Berlin,Germany,Europe,2020,Q3,177965,62,24.18,34.55,39,25.3,80,4.0,3995.0,Reported,Economy,2,EUR,52.52,13.405
TXN13721,4293,CHN04,Fez,Morocco,Africa,2023,Q4,6180854,387,239.94,332.8,62,35.2,280,4.9,12750.0,Reported,Upper-Upscale,5,MAD,34.0181,-5.0078
TXN13722,4294,CHN10,Jeonju,South Korea,Asia Pacific,2024,Q4,11682482,511,362.81,482.04,71,44.0,350,4.9,11127.0,Reported,Luxury,5,KRW,35.8242,127.148
TXN13723,4295,CHN05,Sydney,Australia,Asia Pacific,2019,Q4,3423283,646,465.12,572.23,72,32.7,80,4.6,5233.0,Reported,Luxury,5,AUD,-33.8688,151.2093
TXN13724,4296,CHN12,Xian,China,Asia Pacific,2019,Q1,4340700,742,482.3,547.49,65,41.9,100,4.7,7352.0,Reported,Luxury,5,CNY,34.3416,108.9398
TXN13725,3151,CHN09,Suwon,South Korea,Asia Pacific,2025,Q4,2085318,207,151.11,204.93,73,23.5,150,4.5,5343.0,Estimated,Upper-Upscale,4,KRW,37.2636,127.0286
TXN13726,4297,CHN07,Gold Coast,Australia,Asia Pacific,2022,Q1,2084940,195,105.3,155.13,54,31.5,220,4.5,11168.0,Reported,Upscale,4,AUD,-28.0167,153.4
TXN13727,4298,CHN10,Milan,Italy,Europe,2024,Q3,3778992,815,684.6,920.45,84,25.5,60,4.7,4443.0,Reported,Luxury,5,EUR,45.4654,9.1859
TXN13728,4299,CHN10,Coimbra,Portugal,Europe,2020,Q4,1426368,456,155.04,196.98,34,27.2,100,4.9,5338.0,Reported,Luxury,5,EUR,0.0,0.0
TXN13729,2794,CHN12,Clarke Quay,Singapore,Asia Pacific,2021,Q2,595140,109,54.5,72.81,50,9.2,120,4.3,2414.0,Reported,Midscale,3,SGD,1.2906,103.8467
TXN13730,4300,CHN10,Orchard Road,Singapore,Asia Pacific,2022,Q4,10813018,792,419.76,605.51,53,41.2,280,4.7,13352.0,Reported,Luxury,5,SGD,1.3048,103.8318
TXN13731,4301,CHN01,Sentosa,Singapore,Asia Pacific,2025,Q1,4658940,362,235.3,290.63,65,40.1,220,4.7,11748.0,Estimated,Upper-Upscale,5,SGD,1.2494,103.8303
TXN13732,4302,CHN02,Santorini,Greece,Europe,2022,Q3,654304,127,88.9,118.98,70,24.8,80,4.3,4364.0,Reported,Midscale,3,EUR,36.3932,25.4615
TXN13733,4303,CHN09,Jeju Island,South Korea,Asia Pacific,2021,Q1,1011582,131,51.09,74.47,39,42.5,220,4.5,6651.0,Reported,Upscale,4,KRW,33.4996,126.5312
TXN13734,4304,CHN01,Woodlands,Singapore,Asia Pacific,2025,Q2,1987440,312,218.4,277.27,70,21.1,100,4.9,13069.0,Estimated,Upper-Upscale,5,SGD,1.437,103.7862
TXN13735,4305,CHN06,Hiroshima,Japan,Asia Pacific,2022,Q4,489845,153,88.74,121.27,58,20.6,60,4.6,1034.0,Reported,Upscale,4,JPY,34.3853,132.4553
TXN13736,4306,CHN03,Deira,UAE,Middle East,2024,Q1,9320220,569,369.85,520.05,65,33.5,280,4.8,10096.0,Reported,Luxury,5,AED,25.2697,55.3095
TXN13737,4307,CHN09,Jaipur,India,Asia Pacific,2020,Q1,668736,129,41.28,60.12,32,36.9,180,4.4,7121.0,Reported,Upper-Upscale,4,INR,26.9124,75.7873
TXN13738,1492,CHN05,Cannes,France,Europe,2020,Q4,1257677,534,170.88,249.92,32,26.3,80,4.9,13810.0,Reported,Luxury,5,EUR,43.5528,7.0174
TXN13739,4308,CHN07,Madeira,Portugal,Europe,2021,Q4,418968,66,30.36,40.86,46,15.5,150,4.2,1684.0,Reported,Midscale,3,EUR,32.6669,-16.9241
TXN13740,4309,CHN03,Sharjah,UAE,Middle East,2024,Q1,813510,131,90.39,126.69,69,14.1,100,4.1,1486.0,Reported,Midscale,3,AED,25.3463,55.4209
TXN13741,4228,CHN02,Barcelona,Spain,Europe,2019,Q2,1042423,129,95.46,118.48,74,19.4,120,4.2,628.0,Reported,Midscale,3,EUR,41.3851,2.1734
TXN13742,4310,CHN04,Varanasi,India,Asia Pacific,2021,Q3,1460592,81,39.69,48.08,49,14.3,400,4.2,2371.0,Reported,Midscale,3,INR,25.3176,82.9739
TXN13743,4311,CHN07,Jurong,Singapore,Asia Pacific,2021,Q2,642970,128,58.88,77.34,46,34.2,120,4.5,11172.0,Reported,Upscale,4,SGD,1.3404,103.709
TXN13744,4312,CHN09,Salvador,Brazil,Americas,2024,Q4,5227992,369,258.3,309.77,70,33.1,220,4.7,10278.0,Reported,Luxury,5,BRL,-12.9714,-38.5014
TXN13745,3146,CHN11,Malacca,Malaysia,Asia Pacific,2021,Q3,211637,71,38.34,47.76,54,27.6,60,4.2,1398.0,Reported,Midscale,3,MYR,2.1896,102.2501
TXN13746,4313,CHN02,Florianopolis,Brazil,Americas,2019,Q3,1794074,277,243.76,333.75,88,27.6,80,4.4,8730.0,Reported,Upper-Upscale,4,BRL,-27.5954,-48.548
TXN13747,3632,CHN03,Delhi,India,Asia Pacific,2019,Q2,689489,164,126.28,181.37,77,28.9,60,4.4,8569.0,Reported,Upper-Upscale,4,INR,28.6139,77.209
TXN13748,1727,CHN09,Agadir,Morocco,Africa,2021,Q2,1445844,157,72.22,102.2,46,25.4,220,4.7,5049.0,Reported,Upper-Upscale,4,MAD,30.4278,-9.5981
TXN13749,4314,CHN04,Oxford,UK,Europe,2022,Q1,2434320,322,180.32,233.59,56,19.3,150,4.9,3936.0,Reported,Upper-Upscale,5,GBP,51.752,-1.2577
TXN13750,4315,CHN07,Guangzhou,China,Asia Pacific,2022,Q2,1129765,191,124.15,150.58,65,19.5,100,4.4,13103.0,Reported,Upscale,4,CNY,23.1291,113.2644
TXN13751,4316,CHN06,Clarke Quay,Singapore,Asia Pacific,2022,Q4,678040,134,73.7,90.6,55,39.2,100,4.6,10120.0,Reported,Upscale,4,SGD,1.2906,103.8467
TXN13752,4317,CHN11,Sao Paulo,Brazil,Americas,2021,Q4,4384352,259,119.14,150.9,46,30.0,400,5.0,12589.0,Reported,Upper-Upscale,5,BRL,-23.5505,-46.6333
TXN13753,4318,CHN08,Evora,Portugal,Europe,2020,Q2,638820,300,117.0,165.51,39,24.8,60,4.9,1562.0,Reported,Luxury,5,EUR,0.0,0.0
TXN13754,4319,CHN10,Trabzon,Turkey,Europe/Middle East,2025,Q1,11509785,599,365.39,410.03,61,36.3,350,4.9,4324.0,Estimated,Luxury,5,TRY,0.0,0.0
TXN13755,4320,CHN07,Cappadocia,Turkey,Europe/Middle East,2023,Q4,2361456,93,64.17,90.97,69,21.5,400,4.4,,Reported,Midscale,3,TRY,38.6431,34.8289
TXN13756,4321,CHN11,Hue,Vietnam,Asia Pacific,2020,Q2,545782,63,21.42,31.03,34,19.8,280,4.2,3698.0,Reported,Midscale,3,VND,16.4637,107.5909
TXN13757,4322,CHN03,Bali,Indonesia,Asia Pacific,2022,Q4,507987,119,69.02,83.62,58,18.2,80,4.1,3082.0,Reported,Midscale,3,IDR,-8.3405,115.092
TXN13758,4323,CHN12,NEOM,Saudi Arabia,Middle East,2019,Q1,720000,125,80.0,105.17,64,16.4,100,4.3,4910.0,Reported,Midscale,3,SAR,0.0,0.0
TXN13759,3541,CHN09,Obidos,Portugal,Europe,2019,Q2,3776773,154,118.58,165.51,77,41.0,350,4.5,11478.0,Reported,Upscale,4,EUR,0.0,0.0
TXN13760,4324,CHN06,Fez,Morocco,Africa,2025,Q4,1043280,120,75.6,96.97,63,24.6,150,4.1,4338.0,Estimated,Midscale,3,MAD,34.0181,-5.0078
TXN13761,4325,CHN02,Marina Bay,Singapore,Asia Pacific,2022,Q2,22090204,1137,693.57,827.03,61,23.3,350,4.9,11287.0,Reported,Luxury,5,SGD,1.2819,103.8636
TXN13762,4326,CHN09,Jeonju,South Korea,Asia Pacific,2022,Q4,784300,155,85.25,99.23,55,39.4,100,4.6,2143.0,Reported,Upper-Upscale,4,KRW,35.8242,127.148
TXN13763,4327,CHN10,Cambridge,UK,Europe,2020,Q4,1324800,450,144.0,171.26,32,41.9,100,5.0,7716.0,Reported,Luxury,5,GBP,52.2053,0.1218
TXN13764,4328,CHN11,Sao Paulo,Brazil,Americas,2021,Q4,212741,82,38.54,47.14,47,12.0,60,4.2,1959.0,Reported,Midscale,3,BRL,-23.5505,-46.6333
TXN13765,4329,CHN02,Birmingham,UK,Europe,2025,Q1,1613304,97,64.02,78.95,66,26.1,280,4.3,4953.0,Estimated,Midscale,3,GBP,52.4862,-1.8904
TXN13766,1850,CHN11,Cancun,Mexico,Americas,2021,Q3,980941,272,133.28,176.52,49,25.5,80,4.7,9980.0,Reported,Upper-Upscale,5,MXN,21.1619,-86.8515
TXN13767,4330,CHN08,Madeira,Portugal,Europe,2024,Q4,4513704,481,327.08,482.35,68,39.2,150,4.8,1374.0,Reported,Luxury,5,EUR,32.6669,-16.9241
TXN13768,2040,CHN05,Little India,Singapore,Asia Pacific,2023,Q1,2404350,685,445.25,541.79,65,31.3,60,4.9,1753.0,Reported,Luxury,5,SGD,1.3066,103.8518
TXN13769,4331,CHN03,Nara,Japan,Asia Pacific,2022,Q3,18208714,1071,706.86,934.92,66,34.0,280,4.9,9075.0,Reported,Luxury,5,JPY,34.6851,135.8048
TXN13770,4332,CHN11,Groningen,Netherlands,Europe,2019,Q4,1522250,109,75.21,87.45,69,18.0,220,4.2,3358.0,Reported,Midscale,3,EUR,0.0,0.0
TXN13771,4333,CHN12,Oxford,UK,Europe,2020,Q2,1379851,216,84.24,105.5,39,42.9,180,4.4,1614.0,Reported,Upscale,4,GBP,51.752,-1.2577
TXN13772,4334,CHN05,Da Nang,Vietnam,Asia Pacific,2023,Q3,6600080,211,179.35,258.96,85,18.7,400,4.6,6356.0,Reported,Upscale,4,VND,16.0544,108.2022
TXN13773,4335,CHN09,Belem,Brazil,Americas,2025,Q2,1947691,343,267.54,352.64,78,39.6,80,5.0,11868.0,Estimated,Luxury,5,BRL,-1.4558,-48.5044
TXN13774,4336,CHN08,Deira,UAE,Middle East,2021,Q3,6388480,310,173.6,256.67,56,25.0,400,4.7,10892.0,Reported,Luxury,5,AED,25.2697,55.3095
TXN13775,4337,CHN11,Yanbu,Saudi Arabia,Middle East,2020,Q1,200448,64,18.56,25.14,29,20.4,120,4.4,3971.0,Reported,Midscale,3,SAR,0.0,0.0
TXN13776,4338,CHN05,Hobart,Australia,Asia Pacific,2025,Q3,3511898,604,477.16,580.43,79,22.8,80,4.9,4167.0,Estimated,Luxury,5,AUD,-42.8821,147.3272
TXN13777,4339,CHN12,Phu Quoc,Vietnam,Asia Pacific,2025,Q2,3955952,260,197.6,236.28,76,37.7,220,4.7,8614.0,Estimated,Upscale,4,VND,10.2899,103.984
TXN13778,4340,CHN11,Meknes,Morocco,Africa,2019,Q4,1377792,195,124.8,181.52,64,34.2,120,4.6,3593.0,Reported,Upscale,4,MAD,0.0,0.0
TXN13779,4341,CHN09,Toulouse,France,Europe,2021,Q1,819720,138,60.72,69.95,44,37.5,150,4.5,2545.0,Reported,Upper-Upscale,4,EUR,43.6047,1.4442
TXN13780,4342,CHN01,Da Nang,Vietnam,Asia Pacific,2020,Q1,2581200,239,71.7,95.19,30,18.4,400,4.7,5955.0,Reported,Upper-Upscale,5,VND,16.0544,108.2022
TXN13781,4343,CHN05,Guadalajara,Mexico,Americas,2022,Q4,2601024,620,353.4,429.19,57,28.1,80,4.7,3709.0,Reported,Luxury,5,MXN,20.6597,-103.3496
TXN13782,4344,CHN01,Pamukkale,Turkey,Europe/Middle East,2022,Q2,4043931,269,158.71,183.8,59,40.6,280,4.8,12021.0,Reported,Upper-Upscale,5,TRY,37.9214,29.1189
TXN13783,4345,CHN08,Bali,Indonesia,Asia Pacific,2020,Q2,2558556,355,127.8,173.9,36,26.7,220,4.9,,Reported,Luxury,5,IDR,-8.3405,115.092
TXN13784,4346,CHN06,Delft,Netherlands,Europe,2020,Q2,72618,38,13.3,18.55,35,10.7,60,3.9,2852.0,Reported,Economy,2,EUR,0.0,0.0
TXN13785,4347,CHN01,Bali,Indonesia,Asia Pacific,2021,Q3,3482752,260,135.2,193.38,52,38.2,280,4.7,11122.0,Reported,Upper-Upscale,5,IDR,-8.3405,115.092
TXN13786,4348,CHN07,Medina,Saudi Arabia,Middle East,2024,Q3,1165824,180,158.4,203.78,88,43.3,80,4.6,6297.0,Reported,Upscale,4,SAR,24.5247,39.5692
TXN13787,4349,CHN07,Bologna,Italy,Europe,2024,Q3,1039085,181,141.18,181.87,78,20.9,80,4.7,6183.0,Reported,Upscale,4,EUR,44.4949,11.3426
TXN13788,4350,CHN06,Porto,Portugal,Europe,2025,Q3,4128960,132,112.2,132.47,85,18.1,400,4.3,240.0,Estimated,Midscale,3,EUR,41.1579,-8.6291
TXN13789,4351,CHN06,Ibiza,Spain,Europe,2022,Q2,876876,146,96.36,123.17,66,38.1,100,4.6,12995.0,Reported,Upscale,4,EUR,38.9067,1.4206
TXN13790,4352,CHN07,New York,USA,Americas,2025,Q4,4475340,470,324.3,419.43,69,21.0,150,4.6,1690.0,Estimated,Upscale,4,USD,40.7128,-74.006
TXN13791,4222,CHN08,Ouarzazate,Morocco,Africa,2021,Q2,744198,145,68.15,85.07,47,25.3,120,4.4,4763.0,Reported,Upscale,4,MAD,0.0,0.0
TXN13792,4353,CHN04,Istanbul,Turkey,Europe/Middle East,2021,Q3,3449779,868,468.72,525.49,54,35.2,80,4.7,3548.0,Reported,Luxury,5,TRY,41.0082,28.9784
TXN13793,4354,CHN02,San Sebastian,Spain,Europe,2022,Q2,1349876,369,247.23,324.97,67,33.0,60,4.6,12492.0,Reported,Upper-Upscale,5,EUR,43.3183,-1.9812
TXN13794,4355,CHN08,Abha,Saudi Arabia,Middle East,2019,Q1,9424800,440,299.2,422.29,68,37.0,350,4.9,9446.0,Reported,Luxury,5,SAR,18.2164,42.5053
TXN13795,4356,CHN02,Manaus,Brazil,Americas,2024,Q3,6531264,464,394.4,561.93,85,22.5,180,4.8,1913.0,Reported,Upper-Upscale,5,BRL,-3.119,-60.0217
TXN13796,4357,CHN04,Sao Paulo,Brazil,Americas,2019,Q4,1234051,324,223.56,277.2,69,29.3,60,4.4,12712.0,Reported,Upscale,4,BRL,-23.5505,-46.6333
TXN13797,4358,CHN05,Medan,Indonesia,Asia Pacific,2021,Q2,349440,96,48.0,62.79,50,20.9,80,4.3,2866.0,Reported,Midscale,3,IDR,0.0,0.0
TXN13798,4359,CHN03,Las Vegas,USA,Americas,2020,Q4,3777189,473,146.63,199.41,31,27.7,280,4.7,7396.0,Reported,Luxury,5,USD,36.1699,-115.1398
TXN13799,4360,CHN11,Guadalajara,Mexico,Americas,2019,Q1,748440,99,69.3,87.27,70,27.5,120,4.4,,Reported,Midscale,3,MXN,20.6597,-103.3496
TXN13800,4361,CHN01,Suzhou,China,Asia Pacific,2022,Q4,17373188,1018,539.54,765.53,53,20.2,350,4.7,5743.0,Reported,Luxury,5,CNY,31.2983,120.5832
TXN13801,4362,CHN02,Adelaide,Australia,Asia Pacific,2019,Q4,638020,95,69.35,92.93,73,12.2,100,4.3,2349.0,Reported,Midscale,3,AUD,-34.9285,138.6007
TXN13802,1017,CHN01,New Orleans,USA,Americas,2022,Q1,4447872,792,411.84,574.93,52,33.1,120,4.7,13284.0,Reported,Luxury,5,USD,29.9511,-90.0715
TXN13803,4363,CHN02,Langkawi,Malaysia,Asia Pacific,2021,Q4,2553552,514,231.3,341.0,45,40.2,120,4.7,3576.0,Reported,Luxury,5,MYR,6.35,99.8
TXN13804,4364,CHN02,Okinawa,Japan,Asia Pacific,2020,Q4,2548694,291,98.94,114.74,34,36.0,280,4.8,8390.0,Reported,Upper-Upscale,5,JPY,26.2124,127.6809
TXN13805,4365,CHN02,London,UK,Europe,2024,Q2,8506680,1425,1168.5,1401.62,82,39.4,80,5.0,10876.0,Reported,Luxury,5,GBP,51.5074,-0.1278
TXN13806,4366,CHN01,Darwin,Australia,Asia Pacific,2019,Q3,6675520,907,725.6,1018.6,80,34.4,100,4.8,8760.0,Reported,Luxury,5,AUD,-12.4634,130.8456
TXN13807,4367,CHN10,Orlando,USA,Americas,2020,Q1,3215520,308,89.32,125.86,29,24.4,400,4.9,3291.0,Reported,Luxury,5,USD,28.5383,-81.3792
TXN13808,4368,CHN08,Mykonos,Greece,Europe,2022,Q4,2958278,252,146.16,197.3,58,20.6,220,4.7,8896.0,Reported,Upscale,4,EUR,37.4467,25.3289
TXN13809,4369,CHN10,Jeddah,Saudi Arabia,Middle East,2022,Q1,2863512,491,265.14,327.09,54,25.8,120,4.7,13532.0,Reported,Luxury,5,SAR,21.5433,39.1728
TXN13810,4370,CHN04,Okinawa,Japan,Asia Pacific,2024,Q4,2220365,419,301.68,409.77,72,41.4,80,4.9,11100.0,Reported,Upper-Upscale,5,JPY,26.2124,127.6809
TXN13811,4371,CHN07,Porto,Portugal,Europe,2025,Q4,1502618,116,74.24,99.85,64,12.5,220,4.3,4963.0,Estimated,Midscale,3,EUR,41.1579,-8.6291
TXN13812,4372,CHN10,Lombok,Indonesia,Asia Pacific,2019,Q2,4362176,749,599.2,868.92,80,31.1,80,4.6,12791.0,Reported,Luxury,5,IDR,-8.5833,116.35
TXN13813,1126,CHN12,Abu Dhabi,UAE,Middle East,2019,Q3,1360570,312,246.48,276.23,79,39.6,60,4.5,10186.0,Reported,Upscale,4,AED,24.4539,54.3773
TXN13814,4373,CHN06,Strasbourg,France,Europe,2022,Q4,211011,47,28.67,33.22,61,15.5,80,3.8,2066.0,Reported,Economy,2,EUR,48.5734,7.7521
TXN13815,4374,CHN02,Belem,Brazil,Americas,2023,Q1,656640,95,60.8,69.67,64,17.2,120,4.4,1040.0,Reported,Midscale,3,BRL,-1.4558,-48.5044
TXN13816,4375,CHN03,Bugis,Singapore,Asia Pacific,2021,Q1,3969000,350,157.5,217.71,45,30.4,280,4.8,10986.0,Reported,Luxury,5,SGD,1.3006,103.8551
TXN13817,4376,CHN07,JBR,UAE,Middle East,2022,Q1,429624,156,79.56,99.06,51,28.0,60,4.6,3096.0,Reported,Upscale,4,AED,25.0777,55.1308
TXN13818,2646,CHN03,Kusadasi,Turkey,Europe/Middle East,2025,Q2,3149546,207,157.32,181.27,76,23.3,220,4.5,14976.0,Estimated,Upper-Upscale,4,TRY,0.0,0.0
TXN13819,4377,CHN11,Bilbao,Spain,Europe,2020,Q4,236698,134,42.88,62.74,32,40.6,60,4.6,5972.0,Reported,Upscale,4,EUR,43.263,-2.935
TXN13820,4378,CHN09,Jeddah,Saudi Arabia,Middle East,2022,Q2,943342,209,129.58,172.84,62,34.3,80,4.7,6502.0,Reported,Upper-Upscale,4,SAR,21.5433,39.1728
TXN13821,4379,CHN08,Brisbane,Australia,Asia Pacific,2024,Q4,2195635,452,298.32,336.84,66,43.7,80,4.7,10194.0,Reported,Luxury,5,AUD,-27.4698,153.0251
TXN13822,4380,CHN06,Birmingham,UK,Europe,2020,Q4,434534,82,26.24,30.96,32,16.6,180,4.4,499.0,Reported,Midscale,3,GBP,52.4862,-1.8904
TXN13823,4381,CHN07,Komodo,Indonesia,Asia Pacific,2022,Q3,795156,86,57.62,79.98,67,22.5,150,4.2,4760.0,Reported,Midscale,3,IDR,0.0,0.0
TXN13824,4382,CHN06,Koh Samui,Thailand,Asia Pacific,2020,Q3,908298,86,35.26,47.43,41,18.6,280,4.2,3033.0,Reported,Midscale,3,THB,9.512,100.0136
TXN13825,4383,CHN05,Ibiza,Spain,Europe,2020,Q2,1214741,309,111.24,155.04,36,42.0,120,4.9,12065.0,Reported,Luxury,5,EUR,38.9067,1.4206
TXN13826,4384,CHN06,Cancun,Mexico,Americas,2021,Q4,561752,142,61.06,68.55,43,40.2,100,4.4,5046.0,Reported,Upscale,4,MXN,21.1619,-86.8515
TXN13827,4385,CHN07,Bilbao,Spain,Europe,2025,Q2,2085174,201,152.76,176.86,76,20.9,150,4.6,14747.0,Estimated,Upscale,4,EUR,43.263,-2.935
TXN13828,4386,CHN09,Ho Chi Minh City,Vietnam,Asia Pacific,2025,Q3,2746973,156,135.72,176.05,87,44.0,220,4.4,5977.0,Estimated,Upscale,4,VND,10.8231,106.6297
TXN13829,4387,CHN06,Casablanca,Morocco,Africa,2025,Q2,2592190,166,129.48,185.05,78,28.4,220,4.4,8550.0,Estimated,Upscale,4,MAD,33.5731,-7.5898
TXN13830,3686,CHN08,Kuala Lumpur,Malaysia,Asia Pacific,2024,Q4,7398934,494,365.56,436.12,74,25.3,220,4.7,7742.0,Reported,Luxury,5,MYR,3.139,101.6869
TXN13831,4388,CHN07,Kanchanaburi,Thailand,Asia Pacific,2019,Q1,293760,51,32.64,39.83,64,18.2,100,3.9,3688.0,Reported,Economy,2,THB,0.0,0.0
TXN13832,4389,CHN02,Bristol,UK,Europe,2019,Q2,21785400,798,598.5,726.17,75,41.1,400,4.9,9279.0,Reported,Luxury,5,GBP,51.4545,-2.5879
TXN13833,1723,CHN01,Changi,Singapore,Asia Pacific,2024,Q4,7415274,389,287.86,407.13,74,27.3,280,4.9,11874.0,Reported,Upper-Upscale,5,SGD,1.3644,103.9915
TXN13834,4390,CHN03,Rio de Janeiro,Brazil,Americas,2019,Q2,2073435,217,151.9,179.54,70,41.1,150,4.6,2374.0,Reported,Upper-Upscale,4,BRL,-22.9068,-43.1729
TXN13835,4391,CHN04,Chefchaouen,Morocco,Africa,2022,Q1,515160,108,57.24,84.22,53,20.5,100,4.1,642.0,Reported,Midscale,3,MAD,35.1688,-5.2636
TXN13836,4392,CHN07,Goa,India,Asia Pacific,2022,Q1,2477475,143,78.65,89.46,55,35.1,350,4.6,3424.0,Reported,Upscale,4,INR,15.2993,74.124
TXN13837,4393,CHN07,Sentosa,Singapore,Asia Pacific,2024,Q2,6755840,232,185.6,245.69,80,42.4,400,4.5,13617.0,Reported,Upscale,4,SGD,1.2494,103.8303
TXN13838,4394,CHN08,Leipzig,Germany,Europe,2024,Q2,10633823,542,417.34,528.37,77,40.1,280,4.8,2934.0,Reported,Luxury,5,EUR,51.3397,12.3731
TXN13839,2061,CHN12,Nara,Japan,Asia Pacific,2022,Q3,3271520,127,88.9,124.27,70,24.7,400,4.1,1542.0,Reported,Midscale,3,JPY,34.6851,135.8048
TXN13840,4395,CHN10,Eindhoven,Netherlands,Europe,2024,Q3,5862240,177,159.3,199.04,90,32.5,400,4.4,2778.0,Reported,Upscale,4,EUR,51.4416,5.4697
TXN13841,4396,CHN02,Stuttgart,Germany,Europe,2020,Q3,7979712,556,216.84,282.17,39,21.7,400,4.7,9357.0,Reported,Luxury,5,EUR,48.7758,9.1829
TXN13842,4397,CHN11,Hua Hin,Thailand,Asia Pacific,2020,Q4,100188,55,18.15,24.05,33,12.1,60,4.2,2134.0,Reported,Midscale,3,THB,12.5684,99.9578
TXN13843,2384,CHN09,Al Ula,Saudi Arabia,Middle East,2023,Q3,1876947,311,255.02,306.06,82,32.1,80,4.7,1423.0,Reported,Luxury,5,SAR,0.0,0.0
TXN13844,4398,CHN01,Orlando,USA,Americas,2022,Q1,7902360,1084,585.36,816.2,54,27.8,150,4.9,10012.0,Reported,Luxury,5,USD,28.5383,-81.3792
TXN13845,2215,CHN09,Brasilia,Brazil,Americas,2019,Q1,1859760,164,114.8,140.83,70,18.8,180,4.6,14641.0,Reported,Upscale,4,BRL,-15.7975,-47.8919
TXN13846,4399,CHN12,Coimbra,Portugal,Europe,2022,Q3,903514,124,81.84,96.43,66,26.1,120,4.3,4387.0,Reported,Midscale,3,EUR,0.0,0.0
TXN13847,4400,CHN07,Fujairah,UAE,Middle East,2021,Q3,2709630,165,84.15,97.58,51,35.5,350,4.6,12030.0,Reported,Upscale,4,AED,25.1288,56.3264
TXN13848,4257,CHN09,Athens,Greece,Europe,2020,Q1,408960,142,45.44,60.03,32,35.0,100,4.7,8218.0,Reported,Upper-Upscale,4,EUR,37.9838,23.7275
TXN13849,3238,CHN09,Washington DC,USA,Americas,2019,Q1,4626720,189,128.52,168.15,68,30.3,400,4.7,11354.0,Reported,Upscale,4,USD,38.9072,-77.0369
TXN13850,4401,CHN02,Hoi An,Vietnam,Asia Pacific,2020,Q1,1240434,247,76.57,109.46,31,34.1,180,4.8,13474.0,Reported,Upper-Upscale,5,VND,15.8801,108.338
TXN13851,4402,CHN12,Riyadh,Saudi Arabia,Middle East,2025,Q4,2994048,452,325.44,372.91,72,31.4,100,4.6,10188.0,Estimated,Upscale,4,SAR,24.6877,46.7219
TXN13852,4154,CHN11,Bristol,UK,Europe,2023,Q1,299754,91,55.51,62.42,61,18.6,60,4.1,4191.0,Reported,Midscale,3,GBP,51.4545,-2.5879
TXN13853,4403,CHN06,Seville,Spain,Europe,2020,Q4,397440,75,24.0,34.06,32,26.3,180,4.4,3951.0,Reported,Midscale,3,EUR,37.3891,-5.9845
TXN13854,4404,CHN01,Venice,Italy,Europe,2024,Q4,6503112,459,321.3,363.99,70,19.9,220,4.4,7077.0,Reported,Upper-Upscale,4,EUR,45.4408,12.3155
TXN13855,4405,CHN08,Manchester,UK,Europe,2023,Q3,2761325,507,375.18,526.93,74,24.1,80,4.9,14530.0,Reported,Luxury,5,GBP,53.4808,-2.2426
TXN13856,4406,CHN05,Leiden,Netherlands,Europe,2019,Q4,412896,110,74.8,84.73,68,22.9,60,4.3,1325.0,Reported,Midscale,3,EUR,0.0,0.0
TXN13857,4407,CHN07,Clarke Quay,Singapore,Asia Pacific,2021,Q1,464940,45,18.45,23.61,41,22.9,280,4.0,3632.0,Reported,Economy,2,SGD,1.2906,103.8467
TXN13858,4408,CHN07,New York,USA,Americas,2025,Q4,2729088,412,296.64,428.23,72,37.4,100,4.4,8426.0,Estimated,Upscale,4,USD,40.7128,-74.006
TXN13859,4409,CHN08,Valencia,Spain,Europe,2019,Q3,4785840,408,346.8,405.3,85,43.6,150,4.8,9313.0,Reported,Luxury,5,EUR,39.4699,-0.3763
TXN13860,4410,CHN05,Hoi An,Vietnam,Asia Pacific,2023,Q3,2839267,501,385.77,460.2,77,26.3,80,4.8,12764.0,Reported,Luxury,5,VND,15.8801,108.338
TXN13861,4411,CHN09,Oxford,UK,Europe,2023,Q4,718925,148,97.68,131.8,66,21.4,80,4.3,7473.0,Reported,Upscale,4,GBP,51.752,-1.2577
TXN13862,4412,CHN03,Berlin,Germany,Europe,2020,Q2,1951349,361,119.13,157.04,33,35.6,180,4.9,6625.0,Reported,Luxury,5,EUR,52.52,13.405
TXN13863,4413,CHN08,Florence,Italy,Europe,2022,Q1,4808160,318,190.8,267.16,60,31.0,280,4.9,10253.0,Reported,Luxury,5,EUR,43.7696,11.2558
TXN13864,2289,CHN12,Meknes,Morocco,Africa,2023,Q1,3037914,229,153.43,224.91,67,40.6,220,4.4,14087.0,Reported,Upscale,4,MAD,0.0,0.0
TXN13865,1430,CHN08,Orlando,USA,Americas,2024,Q2,958558,228,175.56,213.08,77,37.9,60,4.6,6524.0,Reported,Upscale,4,USD,28.5383,-81.3792
TXN13866,4414,CHN06,Tangier,Morocco,Africa,2023,Q3,1806098,71,56.09,82.92,79,11.4,350,4.1,2461.0,Reported,Economy,2,MAD,35.7595,-5.833
TXN13867,4415,CHN11,Yanbu,Saudi Arabia,Middle East,2021,Q4,233606,69,31.74,46.46,46,11.2,80,4.3,1627.0,Reported,Midscale,3,SAR,0.0,0.0
TXN13868,4416,CHN06,Thessaloniki,Greece,Europe,2022,Q1,317520,42,23.52,34.04,56,15.2,150,4.1,1589.0,Reported,Economy,2,EUR,40.6401,22.9444
TXN13869,4417,CHN02,Gold Coast,Australia,Asia Pacific,2019,Q4,2299080,102,71.4,87.89,70,17.6,350,4.4,1163.0,Reported,Midscale,3,AUD,-28.0167,153.4
TXN13870,4418,CHN07,Washington DC,USA,Americas,2022,Q1,1442448,106,57.24,65.58,54,18.8,280,4.3,3634.0,Reported,Midscale,3,USD,38.9072,-77.0369
TXN13871,4419,CHN06,Rhodes,Greece,Europe,2021,Q1,518076,117,47.97,55.26,41,24.5,120,4.4,8464.0,Reported,Upscale,4,EUR,36.4349,28.2176
TXN13872,4420,CHN11,Trabzon,Turkey,Europe/Middle East,2022,Q1,468180,170,86.7,103.33,51,28.1,60,4.4,14529.0,Reported,Upscale,4,TRY,0.0,0.0
TXN13873,4421,CHN06,Abu Dhabi,UAE,Middle East,2019,Q1,423306,117,78.39,90.34,67,11.2,60,4.3,3775.0,Reported,Midscale,3,AED,24.4539,54.3773
TXN13874,4422,CHN04,Medina,Saudi Arabia,Middle East,2022,Q2,976084,303,178.77,212.58,59,35.6,60,4.8,11876.0,Reported,Upper-Upscale,5,SAR,24.5247,39.5692
TXN13875,4423,CHN06,Leiden,Netherlands,Europe,2020,Q2,275184,70,25.2,32.68,36,15.0,120,4.4,4716.0,Reported,Midscale,3,EUR,0.0,0.0
TXN13876,4424,CHN07,Orchard Road,Singapore,Asia Pacific,2024,Q3,3946800,250,195.0,241.92,78,18.5,220,4.5,2664.0,Reported,Upscale,4,SGD,1.3048,103.8318
TXN13877,4425,CHN03,Munich,Germany,Europe,2024,Q4,1974946,267,178.89,263.11,67,30.4,120,4.6,1631.0,Reported,Upscale,4,EUR,48.1351,11.582
TXN13878,4426,CHN12,Woodlands,Singapore,Asia Pacific,2021,Q2,2830573,529,259.21,330.01,49,34.9,120,4.7,6419.0,Reported,Luxury,5,SGD,1.437,103.7862
TXN13879,4427,CHN10,Udaipur,India,Asia Pacific,2021,Q2,782554,117,57.33,65.54,49,30.6,150,4.6,11975.0,Reported,Upscale,4,INR,24.5854,73.7125
TXN13880,4428,CHN06,Hoi An,Vietnam,Asia Pacific,2023,Q2,2639728,98,72.52,87.79,74,17.9,400,4.2,3776.0,Reported,Midscale,3,VND,15.8801,108.338
TXN13881,2285,CHN09,Marseille,France,Europe,2023,Q2,2370368,160,118.4,166.72,74,18.8,220,4.5,14503.0,Reported,Upscale,4,EUR,43.2965,5.3698
TXN13882,4429,CHN12,Pattaya,Thailand,Asia Pacific,2025,Q4,3277058,257,161.91,206.26,63,25.7,220,4.5,9700.0,Estimated,Upscale,4,THB,12.9236,100.8825
TXN13883,2148,CHN08,Kochi,India,Asia Pacific,2020,Q4,1639440,300,99.0,144.06,33,30.3,180,4.8,14660.0,Reported,Luxury,5,INR,9.9312,76.2673
TXN13884,4430,CHN08,Tulum,Mexico,Americas,2024,Q1,2999430,483,333.27,478.45,69,37.0,100,4.7,3323.0,Reported,Luxury,5,MXN,20.2114,-87.4654
TXN13885,4431,CHN03,Krabi,Thailand,Asia Pacific,2022,Q4,20018418,1173,621.69,696.88,53,23.0,350,4.9,11622.0,Reported,Luxury,5,THB,8.0863,98.9063
TXN13886,4432,CHN03,Hua Hin,Thailand,Asia Pacific,2022,Q4,684480,100,62.0,70.39,62,25.5,120,4.4,1522.0,Reported,Midscale,3,THB,12.5684,99.9578
TXN13887,4433,CHN08,Penang,Malaysia,Asia Pacific,2024,Q2,2464862,418,338.58,389.22,81,19.9,80,4.8,4393.0,Reported,Luxury,5,MYR,5.4141,100.3288
TXN13888,3609,CHN05,Tabuk,Saudi Arabia,Middle East,2021,Q2,4038762,569,295.88,348.75,52,29.0,150,,5876.0,Reported,Luxury,5,SAR,0.0,0.0
TXN13889,4389,CHN02,Bristol,UK,Europe,2022,Q3,7301470,621,440.91,591.84,71,36.6,180,4.7,1795.0,Reported,Luxury,5,GBP,51.4545,-2.5879
TXN13890,3721,CHN02,Cameron Highlands,Malaysia,Asia Pacific,2020,Q3,3063600,500,185.0,223.11,37,32.9,180,4.7,6513.0,Reported,Luxury,5,MYR,0.0,0.0
TXN13891,4434,CHN01,Edinburgh,UK,Europe,2021,Q1,2070684,913,383.46,501.8,42,41.4,60,5.0,6980.0,Reported,Luxury,5,GBP,55.9533,-3.1883
TXN13892,2555,CHN12,Yanbu,Saudi Arabia,Middle East,2019,Q1,5194665,239,164.91,203.45,69,39.0,350,4.7,14689.0,Reported,Upscale,4,SAR,0.0,0.0
TXN13893,4435,CHN08,Seoul,South Korea,Asia Pacific,2021,Q2,1331148,212,97.52,131.44,46,27.4,150,4.5,6337.0,Reported,Upscale,4,KRW,37.5665,126.978
TXN13894,4436,CHN06,Madrid,Spain,Europe,2023,Q1,345870,61,38.43,47.14,63,22.8,100,4.1,2481.0,Reported,Economy,2,EUR,40.4168,-3.7038
TXN13895,4437,CHN06,Liverpool,UK,Europe,2022,Q3,689779,142,93.72,123.39,66,42.5,80,4.5,4474.0,Reported,Upscale,4,GBP,53.4084,-2.9916
TXN13896,4438,CHN04,Amsterdam,Netherlands,Europe,2022,Q4,801173,82,48.38,56.89,59,10.9,180,4.1,2005.0,Reported,Economy,2,EUR,52.3676,4.9041
TXN13897,2339,CHN09,Surabaya,Indonesia,Asia Pacific,2020,Q1,1022868,123,40.59,47.02,33,19.3,280,4.6,10368.0,Reported,Upper-Upscale,4,IDR,-7.2575,112.7521
TXN13898,3054,CHN12,The Hague,Netherlands,Europe,2019,Q4,455400,125,82.5,114.64,66,17.0,60,4.4,4546.0,Reported,Midscale,3,EUR,52.0705,4.3007
TXN13899,4439,CHN09,Changi,Singapore,Asia Pacific,2021,Q2,280098,114,51.3,68.07,45,44.0,60,4.3,14080.0,Reported,Upscale,4,SGD,1.3644,103.9915
TXN13900,4440,CHN02,Marrakech,Morocco,Africa,2020,Q4,1403184,615,190.65,236.46,31,32.8,80,4.9,8725.0,Reported,Luxury,5,MAD,31.6295,-7.9811
TXN13901,4441,CHN04,Verona,Italy,Europe,2020,Q1,7560000,750,240.0,306.44,32,27.6,350,4.6,2153.0,Reported,Luxury,5,EUR,45.4384,10.9916
TXN13902,4442,CHN02,Sokcho,South Korea,Asia Pacific,2019,Q3,2096091,103,81.37,105.04,79,15.6,280,4.2,758.0,Reported,Midscale,3,KRW,38.207,128.5918
TXN13903,4443,CHN03,Yanbu,Saudi Arabia,Middle East,2021,Q2,1456728,87,40.02,49.54,46,8.5,400,4.3,2493.0,Reported,Midscale,3,SAR,0.0,0.0
TXN13904,4444,CHN04,Tabuk,Saudi Arabia,Middle East,2020,Q1,316224,183,58.56,81.02,32,40.8,60,4.6,4594.0,Reported,Upscale,4,SAR,0.0,0.0
TXN13905,4445,CHN01,Lille,France,Europe,2024,Q1,3573234,959,661.71,865.26,69,27.1,60,4.9,8544.0,Reported,Luxury,5,EUR,50.6292,3.0573
TXN13906,4446,CHN06,Busan,South Korea,Asia Pacific,2024,Q4,2716392,114,84.36,99.73,74,9.0,350,4.1,3836.0,Reported,Midscale,3,KRW,35.1796,129.0756
TXN13907,4447,CHN07,Leiden,Netherlands,Europe,2023,Q1,510300,90,56.7,68.7,63,25.9,100,4.2,3452.0,Reported,Midscale,3,EUR,0.0,0.0
TXN13908,4448,CHN09,Mykonos,Greece,Europe,2022,Q4,3999240,207,124.2,158.85,60,24.3,350,4.6,2494.0,Reported,Upscale,4,EUR,37.4467,25.3289
TXN13909,4449,CHN08,Puerto Vallarta,Mexico,Americas,2025,Q2,5814900,225,159.75,215.25,71,20.1,400,4.7,7537.0,Estimated,Upscale,4,MXN,20.6534,-105.2253
TXN13910,4450,CHN02,Orlando,USA,Americas,2023,Q4,2451763,694,444.16,581.55,64,32.2,60,4.7,5726.0,Reported,Luxury,5,USD,28.5383,-81.3792
TXN13911,1247,CHN07,Bologna,Italy,Europe,2021,Q2,1337536,131,66.81,78.75,51,31.8,220,4.4,7070.0,Reported,Upscale,4,EUR,44.4949,11.3426
TXN13912,1820,CHN08,Changi,Singapore,Asia Pacific,2021,Q2,2946143,283,147.16,192.54,52,31.7,220,5.0,4815.0,Reported,Luxury,5,SGD,1.3644,103.9915
TXN13913,4451,CHN01,Chicago,USA,Americas,2022,Q2,615014,132,84.48,96.75,64,19.9,80,4.6,8977.0,Reported,Upscale,4,USD,41.8781,-87.6298
TXN13914,4452,CHN02,Jeonju,South Korea,Asia Pacific,2025,Q1,3297510,295,203.55,242.68,69,19.1,180,4.4,7073.0,Estimated,Upper-Upscale,4,KRW,35.8242,127.148
TXN13915,2985,CHN02,Haarlem,Netherlands,Europe,2024,Q2,681408,156,124.8,178.58,80,41.2,60,4.6,3882.0,Reported,Upscale,4,EUR,0.0,0.0
TXN13916,4453,CHN03,Surabaya,Indonesia,Asia Pacific,2023,Q4,1097376,112,79.52,90.06,71,26.1,150,4.2,2975.0,Reported,Midscale,3,IDR,-7.2575,112.7521
TXN13917,4454,CHN08,Tokyo,Japan,Asia Pacific,2025,Q3,16738848,684,519.84,678.27,76,23.5,350,4.7,8350.0,Estimated,Luxury,5,JPY,35.6762,139.6503
TXN13918,4455,CHN01,Andong,South Korea,Asia Pacific,2021,Q3,4300632,252,133.56,189.63,53,27.4,350,4.9,4405.0,Reported,Upper-Upscale,5,KRW,36.5684,128.7294
TXN13919,3863,CHN03,Ankara,Turkey,Europe/Middle East,2025,Q1,2361744,462,328.02,417.16,71,43.9,80,4.8,8114.0,Estimated,Luxury,5,TRY,39.9334,32.8597
TXN13920,4456,CHN02,Brasilia,Brazil,Americas,2023,Q3,4568573,297,225.72,324.78,76,33.9,220,4.5,1022.0,Reported,Upper-Upscale,4,BRL,-15.7975,-47.8919
TXN13921,4457,CHN12,Birmingham,UK,Europe,2019,Q4,1212192,122,87.84,125.93,72,26.6,150,4.2,4316.0,Reported,Midscale,3,GBP,52.4862,-1.8904
TXN13922,4458,CHN09,Nagoya,Japan,Asia Pacific,2024,Q3,963792,194,174.6,198.64,90,21.6,60,4.4,10441.0,Reported,Upper-Upscale,4,JPY,35.1815,136.9066
TXN13923,4140,CHN08,Clarke Quay,Singapore,Asia Pacific,2020,Q3,2137712,157,58.09,85.5,37,28.4,400,4.5,13319.0,Reported,Upscale,4,SGD,1.2906,103.8467
TXN13924,4459,CHN04,Maastricht,Netherlands,Europe,2023,Q3,5918378,361,292.41,346.08,81,19.2,220,4.9,6888.0,Reported,Upper-Upscale,5,EUR,50.8514,5.691
TXN13925,4460,CHN01,Mumbai,India,Asia Pacific,2024,Q1,2816856,414,260.82,338.26,63,29.8,120,4.7,11931.0,Reported,Luxury,5,INR,19.076,72.8777
TXN13926,4461,CHN05,Shanghai,China,Asia Pacific,2021,Q3,3407910,449,246.95,333.49,55,33.2,150,4.8,2652.0,Reported,Luxury,5,CNY,31.2304,121.4737
TXN13927,1707,CHN01,Algarve,Portugal,Europe,2024,Q3,7616717,352,295.68,389.34,84,31.2,280,5.0,4374.0,Reported,Upper-Upscale,5,EUR,37.0194,-8.1383
TXN13928,1962,CHN12,Tokyo,Japan,Asia Pacific,2021,Q4,3641498,263,113.09,162.19,43,36.4,350,4.5,2517.0,Reported,Upscale,4,JPY,35.6762,139.6503
TXN13929,1329,CHN11,San Sebastian,Spain,Europe,2020,Q2,165838,67,22.78,32.81,34,10.7,80,4.2,2048.0,Reported,Midscale,3,EUR,43.3183,-1.9812
TXN13930,4462,CHN12,NEOM,Saudi Arabia,Middle East,2020,Q2,349495,173,64.01,76.13,37,26.1,60,4.4,4480.0,Reported,Upscale,4,SAR,0.0,0.0
TXN13931,4463,CHN05,Cambridge,UK,Europe,2019,Q4,2647539,529,359.72,518.9,68,18.6,80,4.8,6376.0,Reported,Luxury,5,GBP,52.2053,0.1218
TXN13932,3962,CHN09,Bugis,Singapore,Asia Pacific,2023,Q1,1490832,203,138.04,169.21,68,38.0,120,4.3,9635.0,Reported,Upper-Upscale,4,SGD,1.3006,103.8551
TXN13933,4464,CHN03,Ayutthaya,Thailand,Asia Pacific,2019,Q3,4463242,167,138.61,187.34,83,35.0,350,4.5,,Reported,Upper-Upscale,4,THB,14.3532,100.5659
TXN13934,4465,CHN02,Daegu,South Korea,Asia Pacific,2023,Q2,16833617,858,660.66,944.66,77,28.9,280,5.0,2604.0,Reported,Luxury,5,KRW,35.8714,128.6014
TXN13935,4466,CHN10,Nagoya,Japan,Asia Pacific,2021,Q2,1119409,134,68.34,76.62,51,33.5,180,4.6,3062.0,Reported,Upscale,4,JPY,35.1815,136.9066
TXN13936,4467,CHN04,Barcelona,Spain,Europe,2022,Q3,391037,77,53.13,62.2,69,20.7,80,3.8,3549.0,Reported,Economy,2,EUR,41.3851,2.1734
TXN13937,2088,CHN03,Oxford,UK,Europe,2021,Q3,634726,176,86.24,110.64,49,23.5,80,4.4,3401.0,Reported,Upscale,4,GBP,51.752,-1.2577
TXN13938,4063,CHN08,Porto,Portugal,Europe,2022,Q3,3304272,410,299.3,414.12,73,18.5,120,4.6,12838.0,Reported,Luxury,5,EUR,41.1579,-8.6291
TXN13939,4468,CHN09,Dusseldorf,Germany,Europe,2021,Q2,1445844,157,72.22,101.33,46,34.2,220,4.5,9511.0,Reported,Upper-Upscale,4,EUR,51.2217,6.7762
TXN13940,4469,CHN06,Daegu,South Korea,Asia Pacific,2020,Q3,151027,76,27.36,33.85,36,21.5,60,4.1,465.0,Reported,Midscale,3,KRW,35.8714,128.6014
TXN13941,4470,CHN10,Mumbai,India,Asia Pacific,2019,Q4,4760448,616,431.2,494.67,70,40.9,120,4.6,9729.0,Reported,Luxury,5,INR,19.076,72.8777
TXN13942,1579,CHN09,Medan,Indonesia,Asia Pacific,2021,Q4,286930,113,51.98,70.27,46,43.9,60,4.6,11786.0,Reported,Upscale,4,IDR,0.0,0.0
TXN13943,3510,CHN06,Daegu,South Korea,Asia Pacific,2024,Q2,1363144,171,124.83,183.17,73,35.1,120,4.4,11560.0,Reported,Upscale,4,KRW,35.8714,128.6014
TXN13944,4471,CHN11,Milan,Italy,Europe,2019,Q1,820080,134,91.12,123.71,68,10.8,100,4.2,3186.0,Reported,Midscale,3,EUR,45.4654,9.1859
TXN13945,4472,CHN03,Oxford,UK,Europe,2025,Q1,4758912,432,293.76,431.43,68,26.4,180,4.8,10866.0,Estimated,Luxury,5,GBP,51.752,-1.2577
TXN13946,4473,CHN01,Birmingham,UK,Europe,2024,Q3,1190112,147,129.36,145.85,88,33.1,100,4.4,4292.0,Reported,Upscale,4,GBP,52.4862,-1.8904
TXN13947,4474,CHN04,Pattaya,Thailand,Asia Pacific,2023,Q3,4239360,720,576.0,804.38,80,22.2,80,,13999.0,Reported,Luxury,5,THB,12.9236,100.8825
TXN13948,4475,CHN12,Izmir,Turkey,Europe/Middle East,2022,Q2,1817088,260,166.4,209.03,64,39.0,120,4.4,5296.0,Reported,Upscale,4,TRY,38.4192,27.1287
TXN13949,4476,CHN06,Groningen,Netherlands,Europe,2025,Q1,732096,164,101.68,130.63,62,39.4,80,4.5,10847.0,Estimated,Upscale,4,EUR,0.0,0.0
TXN13950,4477,CHN09,Labuan Bajo,Indonesia,Asia Pacific,2024,Q4,9928640,355,269.8,378.98,76,19.5,400,4.6,13045.0,Reported,Luxury,5,IDR,0.0,0.0
TXN13951,2852,CHN05,Venice,Italy,Europe,2020,Q2,216216,110,39.6,56.54,36,24.2,60,4.3,4582.0,Reported,Midscale,3,EUR,45.4408,12.3155
TXN13952,4478,CHN02,Johor Bahru,Malaysia,Asia Pacific,2020,Q2,230685,65,25.35,37.45,39,9.7,100,4.2,1117.0,Reported,Midscale,3,MYR,1.4927,103.7414
TXN13953,4479,CHN04,Ipoh,Malaysia,Asia Pacific,2022,Q3,315597,67,42.88,52.02,64,22.1,80,3.8,2904.0,Reported,Economy,2,MYR,4.5975,101.0901
TXN13954,3783,CHN08,Da Nang,Vietnam,Asia Pacific,2022,Q4,3390016,188,105.28,151.24,56,30.1,350,4.6,6579.0,Reported,Upscale,4,VND,16.0544,108.2022
TXN13955,2628,CHN08,Izmir,Turkey,Europe/Middle East,2025,Q2,6879673,484,343.64,471.64,71,41.9,220,4.9,1121.0,Estimated,Luxury,5,TRY,38.4192,27.1287
TXN13956,1728,CHN10,Las Vegas,USA,Americas,2023,Q3,6846456,628,496.12,689.31,79,18.7,150,4.7,10335.0,Reported,Luxury,5,USD,36.1699,-115.1398
TXN13957,4480,CHN04,Al Ain,UAE,Middle East,2023,Q4,1576512,68,42.84,59.54,63,21.6,400,3.9,1323.0,Reported,Economy,2,AED,24.2075,55.7447
TXN13958,3002,CHN03,Leipzig,Germany,Europe,2020,Q1,1109700,274,82.2,97.71,30,27.5,150,,11119.0,Reported,Luxury,5,EUR,51.3397,12.3731
TXN13959,4481,CHN05,Rome,Italy,Europe,2024,Q1,14859000,635,412.75,579.43,65,25.8,400,4.9,2428.0,Reported,Upper-Upscale,5,EUR,41.9028,12.4964
TXN13960,4467,CHN04,Barcelona,Spain,Europe,2020,Q2,597506,67,23.45,30.93,35,10.6,280,3.9,1578.0,Reported,Economy,2,EUR,41.3851,2.1734
TXN13961,1004,CHN05,Sharjah,UAE,Middle East,2020,Q4,2025472,172,55.04,69.24,32,43.4,400,4.7,4215.0,Reported,Upscale,4,AED,25.3463,55.4209
TXN13962,4482,CHN01,Chengdu,China,Asia Pacific,2024,Q3,3381644,118,105.02,147.39,89,19.9,350,4.3,4356.0,Reported,Upscale,3,CNY,30.5728,104.0668
TXN13963,4483,CHN06,Ajman,UAE,Middle East,2023,Q1,576450,70,42.7,52.4,61,19.1,150,4.1,2873.0,Reported,Economy,2,AED,25.4052,55.5136
TXN13964,4484,CHN09,Puerto Vallarta,Mexico,Americas,2021,Q1,1905120,126,52.92,75.89,42,25.7,400,4.4,4395.0,Reported,Upscale,4,MXN,20.6534,-105.2253
TXN13965,1803,CHN08,York,UK,Europe,2020,Q4,925594,262,83.84,102.98,32,27.1,120,4.7,6909.0,Reported,Luxury,5,GBP,53.96,-1.0873
TXN13966,4485,CHN08,Strasbourg,France,Europe,2022,Q2,8777860,371,241.15,352.46,65,30.4,400,4.7,3949.0,Reported,Luxury,5,EUR,48.5734,7.7521
TXN13967,4486,CHN09,Kyoto,Japan,Asia Pacific,2024,Q3,5123149,226,198.88,234.07,88,36.6,280,4.6,9229.0,Reported,Upscale,4,JPY,35.0116,135.7681
TXN13968,4487,CHN07,Agadir,Morocco,Africa,2023,Q3,3112838,159,120.84,135.56,76,22.7,280,4.7,7632.0,Reported,Upscale,4,MAD,30.4278,-9.5981
TXN13969,4488,CHN09,Hanoi,Vietnam,Asia Pacific,2025,Q3,3289037,152,127.68,181.31,84,39.4,280,4.6,2305.0,Estimated,Upscale,4,VND,21.0285,105.8542
TXN13970,4489,CHN12,Playa del Carmen,Mexico,Americas,2024,Q3,1594397,261,216.63,271.65,83,23.6,80,4.6,10148.0,Reported,Upscale,4,MXN,20.6296,-87.0739
TXN13971,2683,CHN11,Darwin,Australia,Asia Pacific,2020,Q3,2775318,221,86.19,120.62,39,43.5,350,4.7,11428.0,Reported,Upper-Upscale,5,AUD,-12.4634,130.8456
TXN13972,4490,CHN12,Porto,Portugal,Europe,2020,Q3,6275136,609,243.6,273.76,40,34.0,280,4.7,8027.0,Reported,Luxury,5,EUR,41.1579,-8.6291
TXN13973,4491,CHN01,Guangzhou,China,Asia Pacific,2023,Q3,4031808,240,199.2,251.59,83,20.0,220,4.5,10525.0,Reported,Upper-Upscale,4,CNY,23.1291,113.2644
TXN13974,4492,CHN10,Tulum,Mexico,Americas,2024,Q1,13355685,673,423.99,563.09,63,43.0,350,4.9,4786.0,Reported,Luxury,5,MXN,20.2114,-87.4654
TXN13975,1435,CHN12,Brisbane,Australia,Asia Pacific,2023,Q4,5546772,261,172.26,236.09,66,33.1,350,4.6,5586.0,Reported,Upscale,4,AUD,-27.4698,153.0251
TXN13976,4493,CHN05,Santorini,Greece,Europe,2020,Q3,1191437,568,215.84,274.69,38,41.1,60,4.6,7138.0,Reported,Luxury,5,EUR,36.3932,25.4615
TXN13977,4494,CHN12,Kuala Lumpur,Malaysia,Asia Pacific,2019,Q1,1774080,140,89.6,114.13,64,16.8,220,4.4,1883.0,Reported,Midscale,3,MYR,3.139,101.6869
TXN13978,4485,CHN08,Strasbourg,France,Europe,2020,Q1,2215080,293,87.9,117.89,30,25.9,280,4.8,11823.0,Reported,Luxury,5,EUR,48.5734,7.7521
TXN13979,4495,CHN08,Sintra,Portugal,Europe,2020,Q3,746856,132,54.12,75.01,41,30.0,150,4.4,6519.0,Reported,Upscale,4,EUR,38.7978,-9.3902
TXN13980,2354,CHN05,Brisbane,Australia,Asia Pacific,2025,Q2,4808076,714,528.36,607.8,74,18.2,100,4.7,7199.0,Estimated,Luxury,5,AUD,-27.4698,153.0251
TXN13981,4496,CHN09,Jurong,Singapore,Asia Pacific,2022,Q1,2295000,125,63.75,74.56,51,29.2,400,4.7,10830.0,Reported,Upscale,4,SGD,1.3404,103.709
TXN13982,4497,CHN06,Cascais,Portugal,Europe,2024,Q2,1262789,59,49.56,65.75,84,24.7,280,3.9,3713.0,Reported,Economy,2,EUR,0.0,0.0
TXN13983,4498,CHN02,Groningen,Netherlands,Europe,2025,Q4,830870,106,75.26,106.81,71,18.1,120,4.4,2135.0,Estimated,Midscale,3,EUR,0.0,0.0
TXN13984,4499,CHN04,Hobart,Australia,Asia Pacific,2024,Q3,14926080,520,405.6,499.41,78,20.9,400,4.6,12521.0,Reported,Luxury,5,AUD,-42.8821,147.3272
TXN13985,2166,CHN02,Sapa,Vietnam,Asia Pacific,2022,Q3,3210064,671,436.15,533.1,65,40.8,80,4.8,4234.0,Reported,Luxury,5,VND,0.0,0.0
TXN13986,4500,CHN02,Turin,Italy,Europe,2019,Q3,14363776,656,557.6,718.39,85,23.2,280,,12763.0,Reported,Luxury,5,EUR,45.0703,7.6869
TXN13987,4501,CHN01,Nagoya,Japan,Asia Pacific,2021,Q1,867150,235,96.35,138.13,41,22.0,100,4.8,1815.0,Reported,Upper-Upscale,5,JPY,35.1815,136.9066
TXN13988,1604,CHN07,Cancun,Mexico,Americas,2020,Q4,1700160,165,52.8,73.08,32,29.7,350,4.5,1503.0,Reported,Upscale,4,MXN,21.1619,-86.8515
TXN13989,4502,CHN08,Langkawi,Malaysia,Asia Pacific,2023,Q4,5941286,372,230.64,320.42,62,24.7,280,4.8,13122.0,Reported,Luxury,5,MYR,6.35,99.8
TXN13990,3560,CHN06,Miami,USA,Americas,2023,Q4,434700,75,47.25,66.84,63,11.0,100,3.9,1674.0,Reported,Economy,2,USD,25.7617,-80.1918
TXN13991,4503,CHN04,Bologna,Italy,Europe,2024,Q2,10808834,1222,989.82,1172.98,81,34.3,120,4.6,13087.0,Reported,Luxury,5,EUR,44.4949,11.3426
TXN13992,4504,CHN05,Cairns,Australia,Asia Pacific,2023,Q3,5967562,351,294.84,424.59,84,27.9,220,4.7,3909.0,Reported,Upper-Upscale,5,AUD,-16.9186,145.7781
TXN13993,1129,CHN12,Malaga,Spain,Europe,2023,Q4,13375880,775,519.25,583.24,67,39.6,280,4.8,4162.0,Reported,Luxury,5,EUR,36.7213,-4.4214
TXN13994,4505,CHN06,Ibiza,Spain,Europe,2019,Q1,1718640,88,54.56,62.06,62,20.1,350,4.2,1568.0,Reported,Midscale,3,EUR,38.9067,1.4206
TXN13995,1267,CHN01,Marmaris,Turkey,Europe/Middle East,2021,Q4,655776,90,39.6,53.67,44,18.5,180,4.2,1621.0,Reported,Upscale,3,TRY,36.8551,28.2553
TXN13996,2315,CHN06,Rio de Janeiro,Brazil,Americas,2023,Q1,1538856,116,77.72,110.18,67,25.7,220,,4326.0,Reported,Midscale,3,BRL,-22.9068,-43.1729
TXN13997,2747,CHN01,Oxford,UK,Europe,2023,Q2,4635485,1163,848.99,1231.88,73,41.5,60,4.8,5010.0,Reported,Luxury,5,GBP,51.752,-1.2577
TXN13998,4506,CHN04,Haarlem,Netherlands,Europe,2022,Q4,1116144,337,202.2,230.12,60,31.5,60,4.7,4556.0,Reported,Upper-Upscale,5,EUR,0.0,0.0
TXN13999,4507,CHN12,Rome,Italy,Europe,2019,Q1,5018112,484,309.76,433.53,64,37.4,180,4.7,11952.0,Reported,Upscale,4,EUR,41.9028,12.4964
TXN14000,4508,CHN03,Jakarta,Indonesia,Asia Pacific,2023,Q4,1301248,208,141.44,201.9,68,21.2,100,4.6,7547.0,Reported,Upscale,4,IDR,-6.2088,106.8456
TXN14001,4509,CHN01,Bodrum,Turkey,Europe/Middle East,2022,Q3,10548720,910,637.0,921.53,70,26.8,180,4.8,7018.0,Reported,Luxury,5,TRY,37.0344,27.4305
TXN14002,4510,CHN01,Osaka,Japan,Asia Pacific,2021,Q4,1054872,273,114.66,145.61,42,40.7,100,4.9,1013.0,Reported,Upper-Upscale,5,JPY,34.6937,135.5023
TXN14003,4511,CHN02,Hiroshima,Japan,Asia Pacific,2023,Q3,1247299,269,225.96,293.02,84,33.3,60,4.6,9989.0,Reported,Upper-Upscale,4,JPY,34.3853,132.4553
TXN14004,2880,CHN12,Obidos,Portugal,Europe,2019,Q1,705510,201,130.65,186.32,65,27.0,60,4.4,10229.0,Reported,Upscale,4,EUR,0.0,0.0
TXN14005,4512,CHN01,Playa del Carmen,Mexico,Americas,2024,Q3,7560192,1284,1027.2,1311.36,80,43.8,80,4.8,6701.0,Reported,Luxury,5,MXN,20.6296,-87.0739
TXN14006,4513,CHN08,Ajman,UAE,Middle East,2020,Q2,796068,135,48.6,60.13,36,26.7,180,4.4,3459.0,Reported,Upscale,4,AED,25.4052,55.5136
TXN14007,4514,CHN05,Tokyo,Japan,Asia Pacific,2021,Q2,7870262,594,308.88,382.34,52,28.9,280,4.9,13067.0,Reported,Luxury,5,JPY,35.6762,139.6503
TXN14008,4515,CHN10,Ajman,UAE,Middle East,2023,Q3,1112280,155,120.9,164.87,78,34.1,100,4.6,5771.0,Reported,Upscale,4,AED,25.4052,55.5136
TXN14009,4516,CHN01,Leipzig,Germany,Europe,2020,Q1,1480842,277,91.41,107.14,33,18.8,180,4.9,11253.0,Reported,Luxury,5,EUR,51.3397,12.3731
TXN14010,4517,CHN12,Dresden,Germany,Europe,2023,Q2,2884081,147,113.19,149.17,77,10.6,280,4.4,4300.0,Reported,Midscale,3,EUR,51.0509,13.7383
TXN14011,4518,CHN11,Guilin,China,Asia Pacific,2021,Q3,590198,66,35.64,39.98,54,19.2,180,4.4,1953.0,Reported,Midscale,3,CNY,25.2736,110.2907
TXN14012,4519,CHN10,Washington DC,USA,Americas,2024,Q4,18696608,764,580.64,747.42,76,22.8,350,4.8,13813.0,Reported,Luxury,5,USD,38.9072,-77.0369
TXN14013,4520,CHN04,Canberra,Australia,Asia Pacific,2021,Q2,339885,83,37.35,46.29,45,9.6,100,4.2,504.0,Reported,Midscale,3,AUD,-35.2809,149.13
TXN14014,4521,CHN03,York,UK,Europe,2020,Q3,1559952,314,113.04,143.96,36,34.7,150,4.9,10530.0,Reported,Luxury,5,GBP,53.96,-1.0873
TXN14015,2550,CHN02,Rotterdam,Netherlands,Europe,2024,Q4,1522858,99,75.24,110.85,76,25.3,220,4.3,1775.0,Reported,Midscale,3,EUR,51.9244,4.4777
TXN14016,4522,CHN09,Jeddah,Saudi Arabia,Middle East,2021,Q3,2765520,334,167.0,210.31,50,37.9,180,5.0,5002.0,Reported,Luxury,5,SAR,21.5433,39.1728
TXN14017,4523,CHN12,Guadalajara,Mexico,Americas,2021,Q3,2720256,528,295.68,386.82,56,24.0,100,4.7,12201.0,Reported,Luxury,5,MXN,20.6597,-103.3496
TXN14018,4524,CHN09,Ha Long Bay,Vietnam,Asia Pacific,2021,Q4,1323972,234,95.94,141.78,41,24.1,150,4.7,2250.0,Reported,Luxury,5,VND,20.9101,107.1839
TXN14019,4525,CHN12,Recife,Brazil,Americas,2019,Q2,1343160,120,98.4,144.59,82,11.9,150,4.3,3710.0,Reported,Midscale,3,BRL,-8.0476,-34.877
TXN14020,4526,CHN04,Andong,South Korea,Asia Pacific,2025,Q4,1293336,110,78.1,92.55,71,23.6,180,4.1,1335.0,Estimated,Midscale,3,KRW,36.5684,128.7294
TXN14021,3946,CHN08,Chengdu,China,Asia Pacific,2019,Q3,2273357,468,411.84,470.81,88,35.3,60,4.9,1434.0,Reported,Luxury,5,CNY,30.5728,104.0668
TXN14022,4527,CHN02,Guadalajara,Mexico,Americas,2021,Q2,2034614,548,279.48,370.14,51,39.5,80,4.9,14454.0,Reported,Luxury,5,MXN,20.6597,-103.3496
TXN14023,4528,CHN06,Seoul,South Korea,Asia Pacific,2022,Q3,620006,78,56.16,73.62,72,9.6,120,4.1,4989.0,Reported,Economy,2,KRW,37.5665,126.978
TXN14024,4529,CHN02,Fortaleza,Brazil,Americas,2024,Q1,4668300,798,518.7,592.7,65,42.6,100,4.9,8070.0,Reported,Luxury,5,BRL,-3.7319,-38.5267
TXN14025,4530,CHN11,Jurong,Singapore,Asia Pacific,2023,Q3,625048,86,67.94,93.32,79,20.9,100,4.3,898.0,Reported,Midscale,3,SGD,1.3404,103.709
TXN14026,4531,CHN02,Munich,Germany,Europe,2022,Q4,976488,116,70.76,103.36,61,20.1,150,4.1,1318.0,Reported,Midscale,3,EUR,48.1351,11.582
TXN14027,4532,CHN05,Langkawi,Malaysia,Asia Pacific,2020,Q3,1148160,400,156.0,210.7,39,38.7,80,4.6,8335.0,Reported,Luxury,5,MYR,6.35,99.8
TXN14028,4533,CHN06,Fukuoka,Japan,Asia Pacific,2025,Q2,1009008,55,39.6,56.09,72,21.9,280,4.1,3990.0,Estimated,Economy,2,JPY,33.5904,130.4017
TXN14029,2707,CHN08,Ipoh,Malaysia,Asia Pacific,2022,Q4,2256962,189,111.51,139.75,59,30.0,220,4.4,8185.0,Reported,Upscale,4,MYR,4.5975,101.0901
TXN14030,4534,CHN06,Oaxaca,Mexico,Americas,2020,Q4,754750,113,37.29,47.61,33,41.9,220,4.6,10472.0,Reported,Upscale,4,MXN,17.0732,-96.7266
TXN14031,4535,CHN08,Makassar,Indonesia,Asia Pacific,2025,Q1,1562976,432,289.44,333.58,67,22.2,60,4.7,14255.0,Estimated,Luxury,5,IDR,0.0,0.0
TXN14032,4536,CHN06,Pattaya,Thailand,Asia Pacific,2019,Q4,414221,56,37.52,55.41,67,16.3,120,3.9,1880.0,Reported,Economy,2,THB,12.9236,100.8825
TXN14033,4537,CHN05,Abu Dhabi,UAE,Middle East,2019,Q1,7334712,441,291.06,341.21,66,25.5,280,4.7,8859.0,Reported,Luxury,5,AED,24.4539,54.3773
TXN14034,4538,CHN12,Puerto Vallarta,Mexico,Americas,2024,Q1,3402000,150,108.0,150.19,72,22.0,350,4.3,4866.0,Reported,Midscale,3,MXN,20.6534,-105.2253
TXN14035,4539,CHN08,Puebla,Mexico,Americas,2021,Q1,385452,166,71.38,96.72,43,22.4,60,4.5,12386.0,Reported,Upscale,4,MXN,19.0414,-98.2063
TXN14036,4540,CHN01,Mumbai,India,Asia Pacific,2023,Q1,23607000,1075,655.75,815.74,61,41.8,400,4.6,2447.0,Reported,Luxury,5,INR,19.076,72.8777
TXN14037,4541,CHN08,Hong Kong,China,Asia Pacific,2024,Q1,21575880,821,599.33,704.18,73,32.8,400,5.0,3580.0,Reported,Luxury,5,CNY,22.3193,114.1694
TXN14038,4542,CHN12,Bandung,Indonesia,Asia Pacific,2020,Q4,458436,151,49.83,56.49,33,32.0,100,4.4,10052.0,Reported,Upscale,4,IDR,-6.9175,107.6191
TXN14039,4543,CHN03,Fujairah,UAE,Middle East,2024,Q1,1830735,191,135.61,183.02,71,42.7,150,4.5,7487.0,Reported,Upper-Upscale,4,AED,25.1288,56.3264
TXN14040,4544,CHN03,Istanbul,Turkey,Europe/Middle East,2021,Q2,2685956,157,73.79,86.46,47,18.3,400,4.7,7791.0,Reported,Upper-Upscale,4,TRY,41.0082,28.9784
TXN14041,4545,CHN02,Eindhoven,Netherlands,Europe,2024,Q3,2092522,162,126.36,145.75,78,20.0,180,4.5,3594.0,Reported,Upscale,4,EUR,51.4416,5.4697
TXN14042,4546,CHN02,Los Cabos,Mexico,Americas,2025,Q3,3418867,168,132.72,189.16,79,35.1,280,4.5,2142.0,Estimated,Upscale,4,MXN,22.8905,-109.9167
TXN14043,4547,CHN10,Labuan Bajo,Indonesia,Asia Pacific,2019,Q1,1476468,434,273.42,349.46,63,22.8,60,4.8,12270.0,Reported,Luxury,5,IDR,0.0,0.0
TXN14044,4548,CHN04,Dubai,UAE,Middle East,2019,Q1,1505304,202,139.38,194.78,69,11.0,120,4.3,3986.0,Reported,Midscale,3,AED,25.2048,55.2708
TXN14045,4549,CHN05,Jurong,Singapore,Asia Pacific,2022,Q1,5197500,375,206.25,275.14,55,31.4,280,4.9,1999.0,Reported,Luxury,5,SGD,1.3404,103.709
TXN14046,4550,CHN11,Dammam,Saudi Arabia,Middle East,2021,Q2,4088448,216,112.32,161.39,52,41.9,400,4.7,1432.0,Reported,Upper-Upscale,5,SAR,26.4207,50.0888
TXN14047,1030,CHN01,Al Ain,UAE,Middle East,2021,Q1,927360,80,36.8,49.39,46,25.7,280,,3229.0,Reported,Upscale,3,AED,24.2075,55.7447
TXN14048,4551,CHN04,Cambridge,UK,Europe,2025,Q1,781488,72,48.24,60.88,67,16.1,180,4.0,2411.0,Estimated,Economy,2,GBP,52.2053,0.1218
TXN14049,4552,CHN06,Bodrum,Turkey,Europe/Middle East,2021,Q3,515715,49,25.48,37.64,52,11.7,220,4.0,3270.0,Reported,Economy,2,TRY,37.0344,27.4305
TXN14050,1193,CHN07,Phu Quoc,Vietnam,Asia Pacific,2024,Q2,6502496,232,178.64,226.67,77,32.8,400,4.3,4805.0,Reported,Upscale,4,VND,10.2899,103.984
TXN14051,4553,CHN06,Pamukkale,Turkey,Europe/Middle East,2022,Q1,799470,47,25.38,36.73,54,13.0,350,4.1,1052.0,Reported,Economy,2,TRY,37.9214,29.1189
TXN14052,4554,CHN11,Fortaleza,Brazil,Americas,2021,Q4,1366200,220,99.0,115.02,45,32.7,150,4.9,5166.0,Reported,Upper-Upscale,5,BRL,-3.7319,-38.5267
TXN14053,4293,CHN04,Fez,Morocco,Africa,2019,Q1,7401870,379,234.98,294.52,62,24.3,350,4.7,2116.0,Reported,Upper-Upscale,5,MAD,34.0181,-5.0078
TXN14054,2532,CHN08,Nagoya,Japan,Asia Pacific,2023,Q1,3040416,414,281.52,347.36,68,31.6,120,4.9,12464.0,Reported,Luxury,5,JPY,35.1815,136.9066
TXN14055,4555,CHN06,Antalya,Turkey,Europe/Middle East,2020,Q1,214812,39,13.26,16.97,34,21.9,180,4.0,2459.0,Reported,Economy,2,TRY,36.8969,30.7133
TXN14056,4556,CHN01,Malacca,Malaysia,Asia Pacific,2024,Q4,2189600,125,85.0,116.08,68,37.3,280,4.4,14749.0,Reported,Upscale,4,MYR,2.1896,102.2501
TXN14057,4557,CHN12,Ankara,Turkey,Europe/Middle East,2025,Q4,5764573,334,223.78,264.82,67,28.0,280,4.4,4208.0,Estimated,Upscale,4,TRY,39.9334,32.8597
TXN14058,4271,CHN08,Crete,Greece,Europe,2021,Q4,1420848,351,154.44,206.56,44,36.6,100,4.8,6822.0,Reported,Luxury,5,EUR,35.2401,24.8093
TXN14059,3565,CHN08,Liverpool,UK,Europe,2023,Q4,5305088,212,144.16,197.74,68,38.6,400,4.3,4111.0,Reported,Upscale,4,GBP,53.4084,-2.9916
TXN14060,4558,CHN09,Cologne,Germany,Europe,2022,Q3,2591125,173,128.02,165.46,74,18.9,220,4.6,1455.0,Reported,Upper-Upscale,4,EUR,50.9333,6.95
TXN14061,4559,CHN04,Bandung,Indonesia,Asia Pacific,2020,Q3,2126966,338,128.44,165.91,38,31.6,180,4.9,3560.0,Reported,Luxury,5,IDR,-6.9175,107.6191
TXN14062,4560,CHN04,Dammam,Saudi Arabia,Middle East,2021,Q4,11514720,745,357.6,437.64,48,25.9,350,4.7,6797.0,Reported,Luxury,5,SAR,26.4207,50.0888
TXN14063,4561,CHN01,Cameron Highlands,Malaysia,Asia Pacific,2022,Q3,4520880,216,140.4,195.5,65,19.6,350,4.4,14520.0,Reported,Upper-Upscale,4,MYR,0.0,0.0
TXN14064,4562,CHN01,Beijing,China,Asia Pacific,2019,Q2,10319400,378,283.5,324.87,75,23.4,400,4.8,4560.0,Reported,Upper-Upscale,5,CNY,39.9042,116.4074
TXN14065,4563,CHN02,Penang,Malaysia,Asia Pacific,2020,Q2,3974170,509,198.51,229.15,39,43.4,220,4.9,13958.0,Reported,Luxury,5,MYR,5.4141,100.3288
TXN14066,4564,CHN01,Cairns,Australia,Asia Pacific,2021,Q2,1521975,223,111.5,140.66,50,29.9,150,4.7,14708.0,Reported,Upper-Upscale,5,AUD,-16.9186,145.7781
TXN14067,4565,CHN02,Eindhoven,Netherlands,Europe,2022,Q4,8000872,670,395.3,526.67,59,19.6,220,4.8,10185.0,Reported,Luxury,5,EUR,51.4416,5.4697
TXN14068,4422,CHN04,Medina,Saudi Arabia,Middle East,2024,Q4,5397198,398,266.66,389.89,67,43.8,220,4.7,4372.0,Reported,Upper-Upscale,5,SAR,24.5247,39.5692
TXN14069,4566,CHN04,Medina,Saudi Arabia,Middle East,2020,Q3,198720,50,18.0,23.25,36,24.1,120,3.8,1352.0,Reported,Economy,2,SAR,24.5247,39.5692
TXN14070,3883,CHN05,Medina,Saudi Arabia,Middle East,2019,Q1,6865155,737,508.53,725.63,69,33.0,150,4.9,3026.0,Reported,Luxury,5,SAR,24.5247,39.5692
TXN14071,2416,CHN12,Corfu,Greece,Europe,2022,Q2,1292273,291,177.51,207.71,61,40.5,80,4.3,1971.0,Reported,Upscale,4,EUR,39.6243,19.9217
TXN14072,4567,CHN06,Chennai,India,Asia Pacific,2019,Q3,288641,63,52.29,59.8,83,17.8,60,4.0,753.0,Reported,Economy,2,INR,13.0827,80.2707
TXN14073,3928,CHN02,Jeju Island,South Korea,Asia Pacific,2025,Q1,2086920,155,105.4,126.53,68,26.5,220,4.7,11779.0,Estimated,Upscale,4,KRW,33.4996,126.5312
TXN14074,4568,CHN10,Ayutthaya,Thailand,Asia Pacific,2020,Q4,4809024,396,130.68,185.74,33,43.3,400,4.9,12715.0,Reported,Luxury,5,THB,14.3532,100.5659
TXN14075,4569,CHN07,Al Ain,UAE,Middle East,2024,Q3,712356,89,77.43,89.25,87,24.4,100,4.1,1311.0,Reported,Midscale,3,AED,24.2075,55.7447
TXN14076,4522,CHN09,Jeddah,Saudi Arabia,Middle East,2025,Q1,4348890,413,268.45,336.6,65,42.8,180,4.7,8519.0,Estimated,Luxury,5,SAR,21.5433,39.1728
TXN14077,4570,CHN11,Cameron Highlands,Malaysia,Asia Pacific,2021,Q2,203330,76,37.24,47.7,49,13.0,60,4.4,3428.0,Reported,Midscale,3,MYR,0.0,0.0
TXN14078,4571,CHN09,Rhodes,Greece,Europe,2022,Q2,1795193,147,89.67,110.91,61,41.5,220,4.6,11033.0,Reported,Upscale,4,EUR,36.4349,28.2176
TXN14079,4572,CHN01,Hobart,Australia,Asia Pacific,2025,Q2,1884883,269,207.13,242.24,77,18.6,100,4.5,1097.0,Estimated,Upper-Upscale,4,AUD,-42.8821,147.3272
TXN14080,4573,CHN10,Kuching,Malaysia,Asia Pacific,2023,Q4,3106656,180,120.6,161.5,67,29.3,280,4.5,13219.0,Reported,Upscale,4,MYR,1.5497,110.3626
TXN14081,4574,CHN04,Hanoi,Vietnam,Asia Pacific,2020,Q1,2258550,239,71.7,95.4,30,18.8,350,4.9,13333.0,Reported,Upper-Upscale,5,VND,21.0285,105.8542
TXN14082,2695,CHN11,Dubai,UAE,Middle East,2019,Q2,5422872,191,148.98,206.29,78,23.3,400,4.3,2082.0,Reported,Midscale,3,AED,25.2048,55.2708
TXN14083,4575,CHN06,Suzhou,China,Asia Pacific,2022,Q1,1145988,131,70.74,79.97,54,21.2,180,4.5,6982.0,Reported,Upscale,4,CNY,31.2983,120.5832
TXN14084,4576,CHN02,Puebla,Mexico,Americas,2020,Q1,1637730,587,181.97,227.27,31,30.5,100,4.8,3074.0,Reported,Luxury,5,MXN,19.0414,-98.2063
TXN14085,4577,CHN11,Marmaris,Turkey,Europe/Middle East,2023,Q3,2693208,102,83.64,98.61,82,8.0,350,4.1,4158.0,Reported,Midscale,3,TRY,36.8551,28.2553
TXN14086,4578,CHN10,Gyeongju,South Korea,Asia Pacific,2021,Q3,3535891,628,320.28,412.69,51,18.2,120,,8064.0,Reported,Luxury,5,KRW,35.8562,129.2247
TXN14087,1764,CHN07,Dammam,Saudi Arabia,Middle East,2019,Q1,3448620,161,109.48,130.06,68,18.7,350,4.4,3068.0,Reported,Upscale,4,SAR,26.4207,50.0888
TXN14088,4579,CHN02,Rabat,Morocco,Africa,2021,Q2,1916733,118,60.18,76.26,51,25.3,350,4.4,10709.0,Reported,Upscale,4,MAD,33.9716,-6.8498
TXN14089,1162,CHN02,Marseille,France,Europe,2025,Q1,1103490,305,204.35,286.62,67,34.1,60,4.7,5013.0,Estimated,Upper-Upscale,4,EUR,43.2965,5.3698
TXN14090,4580,CHN08,Obidos,Portugal,Europe,2025,Q1,7128324,449,282.87,340.15,63,43.2,280,4.9,5457.0,Estimated,Luxury,5,EUR,0.0,0.0
TXN14091,4581,CHN08,Melbourne,Australia,Asia Pacific,2021,Q4,1316851,426,178.92,261.64,42,41.3,80,4.9,2416.0,Reported,Luxury,5,AUD,-37.8136,144.9631
TXN14092,4582,CHN02,Eindhoven,Netherlands,Europe,2025,Q4,4315168,902,586.3,832.24,65,31.9,80,,4885.0,Estimated,Luxury,5,EUR,51.4416,5.4697
TXN14093,4583,CHN11,Daegu,South Korea,Asia Pacific,2021,Q2,400327,78,36.66,42.45,47,14.9,120,4.4,1388.0,Reported,Midscale,3,KRW,35.8714,128.6014
TXN14094,4584,CHN03,Komodo,Indonesia,Asia Pacific,2019,Q3,5206795,597,471.63,676.22,79,22.6,120,4.8,5817.0,Reported,Luxury,5,IDR,0.0,0.0
TXN14095,4585,CHN11,Kuala Lumpur,Malaysia,Asia Pacific,2024,Q3,4616707,206,179.22,225.71,87,22.6,280,4.3,11204.0,Reported,Upscale,4,MYR,3.139,101.6869
TXN14096,4586,CHN05,Incheon,South Korea,Asia Pacific,2021,Q4,4596872,332,142.76,162.36,43,36.5,350,4.9,12661.0,Reported,Luxury,5,KRW,37.4563,126.7052
TXN14097,4587,CHN05,Jeju Island,South Korea,Asia Pacific,2020,Q2,722358,378,132.3,193.98,35,43.4,60,4.8,2022.0,Reported,Luxury,5,KRW,33.4996,126.5312
TXN14098,4588,CHN12,Haarlem,Netherlands,Europe,2021,Q2,3442985,235,108.1,145.71,46,19.0,350,4.4,1818.0,Reported,Upscale,4,EUR,0.0,0.0
TXN14099,2627,CHN09,Tulum,Mexico,Americas,2025,Q1,1040400,170,115.6,153.97,68,31.3,100,4.6,10102.0,Estimated,Upscale,4,MXN,20.2114,-87.4654
TXN14100,4589,CHN07,Makassar,Indonesia,Asia Pacific,2025,Q3,401856,91,72.8,88.81,80,22.1,60,4.3,3665.0,Estimated,Midscale,3,IDR,0.0,0.0
TXN14101,4590,CHN08,Crete,Greece,Europe,2020,Q1,400320,139,44.48,52.94,32,32.4,100,4.6,11094.0,Reported,Upscale,4,EUR,35.2401,24.8093
TXN14102,4591,CHN11,Agadir,Morocco,Africa,2020,Q4,825792,68,22.44,27.37,33,26.1,400,4.3,2162.0,Reported,Midscale,3,MAD,30.4278,-9.5981
TXN14103,4592,CHN03,Athens,Greece,Europe,2021,Q3,1930896,99,52.47,65.78,53,8.7,400,4.4,2798.0,Reported,Midscale,3,EUR,37.9838,23.7275
TXN14104,4593,CHN06,Paris,France,Europe,2023,Q2,2294510,309,210.12,298.45,68,36.2,120,4.7,5568.0,Reported,Upscale,4,EUR,48.8566,2.3522
TXN14105,4594,CHN12,Ajman,UAE,Middle East,2024,Q1,4504392,857,625.61,777.67,73,39.6,80,4.6,9043.0,Reported,Luxury,5,AED,25.4052,55.5136
TXN14106,3937,CHN12,Phuket,Thailand,Asia Pacific,2021,Q4,4586586,527,226.61,305.72,43,42.1,220,4.9,4680.0,Reported,Luxury,5,THB,7.8804,98.3923
TXN14107,4595,CHN02,Nha Trang,Vietnam,Asia Pacific,2019,Q3,6140816,370,303.4,409.46,82,25.8,220,5.0,3207.0,Reported,Upper-Upscale,5,VND,12.2388,109.1967
TXN14108,2965,CHN11,Bur Dubai,UAE,Middle East,2025,Q3,3302763,199,163.18,231.83,82,34.5,220,4.7,8649.0,Estimated,Upscale,4,AED,25.2535,55.296
TXN14109,1487,CHN10,York,UK,Europe,2025,Q1,1143288,158,105.86,130.42,67,34.3,120,4.4,4666.0,Estimated,Upscale,4,GBP,53.96,-1.0873
TXN14110,4596,CHN01,Bangkok,Thailand,Asia Pacific,2022,Q3,1883829,103,73.13,104.08,71,18.2,280,4.6,11673.0,Reported,Upscale,4,THB,13.7563,100.5018
TXN14111,4597,CHN02,Salvador,Brazil,Americas,2020,Q4,454848,103,32.96,37.96,32,37.5,150,4.7,13770.0,Reported,Upscale,4,BRL,-12.9714,-38.5014
TXN14112,4598,CHN05,Bur Dubai,UAE,Middle East,2025,Q4,2696410,516,366.36,485.65,71,27.3,80,4.6,4380.0,Estimated,Luxury,5,AED,25.2535,55.296
TXN14113,2010,CHN05,Koh Samui,Thailand,Asia Pacific,2021,Q4,1276445,423,173.43,202.47,41,33.7,80,4.7,7674.0,Reported,Luxury,5,THB,9.512,100.0136
TXN14114,4599,CHN05,Fez,Morocco,Africa,2022,Q2,6520914,479,325.72,472.46,68,31.8,220,4.8,6565.0,Reported,Luxury,5,MAD,34.0181,-5.0078
TXN14115,4600,CHN12,Paris,France,Europe,2022,Q1,918000,200,102.0,132.32,51,23.9,100,,3227.0,Reported,Midscale,3,EUR,48.8566,2.3522
TXN14116,4601,CHN01,Cancun,Mexico,Americas,2019,Q1,1503360,145,92.8,134.21,64,39.1,180,4.6,4781.0,Reported,Upscale,4,MXN,21.1619,-86.8515
TXN14117,4602,CHN09,Kuala Lumpur,Malaysia,Asia Pacific,2022,Q1,529416,129,73.53,95.88,57,38.8,80,4.5,10576.0,Reported,Upscale,4,MYR,3.139,101.6869
TXN14118,4603,CHN11,Da Lat,Vietnam,Asia Pacific,2024,Q2,2526024,103,79.31,92.62,77,25.3,350,4.2,4736.0,Reported,Midscale,3,VND,0.0,0.0
TXN14119,4604,CHN02,Bologna,Italy,Europe,2019,Q4,837936,92,60.72,79.65,66,22.5,150,4.3,881.0,Reported,Midscale,3,EUR,44.4949,11.3426
TXN14120,4605,CHN03,Bologna,Italy,Europe,2025,Q3,1660416,188,150.4,201.65,80,28.6,120,4.4,4591.0,Estimated,Upper-Upscale,4,EUR,44.4949,11.3426
TXN14121,4606,CHN07,Antalya,Turkey,Europe/Middle East,2021,Q4,157872,65,28.6,37.15,44,24.6,60,4.2,346.0,Reported,Midscale,3,TRY,36.8969,30.7133
TXN14122,3752,CHN06,Granada,Spain,Europe,2021,Q4,480240,116,52.2,67.89,45,42.4,100,4.6,13878.0,Reported,Upscale,4,EUR,37.1773,-3.5986
TXN14123,4607,CHN05,Dammam,Saudi Arabia,Middle East,2021,Q3,1802170,159,89.04,104.41,56,21.5,220,4.4,8661.0,Reported,Upscale,4,SAR,26.4207,50.0888
TXN14124,2971,CHN06,Orchard Road,Singapore,Asia Pacific,2020,Q1,232704,101,32.32,45.81,32,11.4,80,4.3,896.0,Reported,Midscale,3,SGD,1.3048,103.8318
TXN14125,4608,CHN05,Guangzhou,China,Asia Pacific,2019,Q4,13833120,537,375.9,490.74,70,42.1,400,4.9,5819.0,Reported,Luxury,5,CNY,23.1291,113.2644
TXN14126,4609,CHN07,Amsterdam,Netherlands,Europe,2019,Q2,3871431,214,151.94,205.38,71,21.2,280,4.4,10565.0,Reported,Upscale,4,EUR,52.3676,4.9041
TXN14127,4610,CHN03,Incheon,South Korea,Asia Pacific,2025,Q3,25904771,1306,1005.62,1163.6,77,20.1,280,4.9,11749.0,Estimated,Luxury,5,KRW,37.4563,126.7052
TXN14128,4611,CHN02,Nara,Japan,Asia Pacific,2019,Q4,6652842,291,206.61,248.04,71,22.5,350,4.4,3974.0,Reported,Upper-Upscale,4,JPY,34.6851,135.8048
TXN14129,4612,CHN10,Thessaloniki,Greece,Europe,2019,Q1,866880,172,120.4,166.82,70,41.9,80,4.6,1002.0,Reported,Upscale,4,EUR,40.6401,22.9444
TXN14130,2466,CHN01,Bangkok,Thailand,Asia Pacific,2023,Q4,1409090,127,85.09,123.76,67,27.8,180,4.1,1631.0,Reported,Upscale,3,THB,13.7563,100.5018
TXN14131,4613,CHN04,Sapporo,Japan,Asia Pacific,2020,Q4,296314,122,40.26,53.13,33,37.3,80,4.5,1771.0,Reported,Upscale,4,JPY,43.0618,141.3545
TXN14132,3118,CHN09,Liverpool,UK,Europe,2024,Q1,1673784,164,103.32,149.85,63,30.8,180,4.4,9297.0,Reported,Upscale,4,GBP,53.4084,-2.9916
TXN14133,4614,CHN02,Andong,South Korea,Asia Pacific,2022,Q2,1614795,78,50.7,74.79,65,18.7,350,4.1,1020.0,Reported,Midscale,3,KRW,36.5684,128.7294
TXN14134,3333,CHN12,Jakarta,Indonesia,Asia Pacific,2024,Q2,4080804,404,298.96,427.83,74,32.5,150,4.4,9753.0,Reported,Upscale,4,IDR,-6.2088,106.8456
TXN14135,4615,CHN05,Hue,Vietnam,Asia Pacific,2020,Q1,3298050,349,104.7,142.41,30,32.9,350,5.0,11236.0,Reported,Luxury,5,VND,16.4637,107.5909
TXN14136,2810,CHN08,Jeju Island,South Korea,Asia Pacific,2020,Q4,800179,151,48.32,70.61,32,24.1,180,4.6,11513.0,Reported,Upscale,4,KRW,33.4996,126.5312
TXN14137,4616,CHN07,Casablanca,Morocco,Africa,2023,Q3,1126080,96,81.6,100.67,85,19.4,150,4.1,506.0,Reported,Midscale,3,MAD,33.5731,-7.5898
TXN14138,4617,CHN03,Lombok,Indonesia,Asia Pacific,2019,Q4,6788864,1153,737.92,975.87,64,18.8,100,4.8,5504.0,Reported,Luxury,5,IDR,-8.5833,116.35
TXN14139,2739,CHN07,Pamukkale,Turkey,Europe/Middle East,2021,Q2,193393,77,35.42,48.83,46,17.3,60,4.3,1791.0,Reported,Midscale,3,TRY,37.9214,29.1189
TXN14140,4618,CHN11,Yokohama,Japan,Asia Pacific,2023,Q3,2059512,287,223.86,321.82,78,37.7,100,4.8,3768.0,Reported,Upper-Upscale,5,JPY,35.4437,139.638
TXN14141,4619,CHN07,Delphi,Greece,Europe,2020,Q1,604800,64,19.2,27.54,30,21.5,350,4.2,424.0,Reported,Midscale,3,EUR,0.0,0.0
TXN14142,4620,CHN01,Jeonju,South Korea,Asia Pacific,2024,Q1,5767740,971,640.86,941.79,66,30.5,100,4.8,6735.0,Reported,Luxury,5,KRW,35.8242,127.148
TXN14143,3660,CHN10,Heidelberg,Germany,Europe,2021,Q4,7408208,491,201.31,246.63,41,22.9,400,4.8,2155.0,Reported,Luxury,5,EUR,49.3988,8.6724
TXN14144,4621,CHN10,Hangzhou,China,Asia Pacific,2020,Q2,189353,102,34.68,40.52,34,23.4,60,4.4,7429.0,Reported,Upscale,4,CNY,30.2741,120.1551
TXN14145,4622,CHN07,Kanchanaburi,Thailand,Asia Pacific,2020,Q2,294622,71,26.98,35.58,38,24.7,120,4.1,837.0,Reported,Midscale,3,THB,0.0,0.0
TXN14146,4623,CHN11,Penang,Malaysia,Asia Pacific,2021,Q1,1416420,244,104.92,139.76,43,38.4,150,4.8,10742.0,Reported,Upper-Upscale,5,MYR,5.4141,100.3288
TXN14147,4624,CHN06,Hue,Vietnam,Asia Pacific,2025,Q4,400752,66,43.56,59.96,66,8.1,100,3.9,2803.0,Estimated,Economy,2,VND,16.4637,107.5909
TXN14148,4625,CHN03,Natal,Brazil,Americas,2021,Q4,2871246,346,141.86,172.61,41,42.0,220,4.7,9671.0,Reported,Luxury,5,BRL,-5.7945,-35.211
TXN14149,4626,CHN02,Abu Dhabi,UAE,Middle East,2021,Q1,295200,80,32.8,47.6,41,25.4,100,4.3,4322.0,Reported,Midscale,3,AED,24.4539,54.3773
TXN14150,4627,CHN02,Crete,Greece,Europe,2019,Q4,5162966,698,467.66,622.87,67,20.8,120,4.9,5119.0,Reported,Luxury,5,EUR,35.2401,24.8093
TXN14151,4628,CHN07,Penang,Malaysia,Asia Pacific,2020,Q3,328164,58,23.78,32.57,41,15.5,150,4.1,1633.0,Reported,Midscale,3,MYR,5.4141,100.3288
TXN14152,4629,CHN12,Johor Bahru,Malaysia,Asia Pacific,2020,Q1,1306800,220,66.0,94.62,30,29.1,220,4.6,8002.0,Reported,Upscale,4,MYR,1.4927,103.7414
TXN14153,4630,CHN02,Florence,Italy,Europe,2020,Q2,266666,74,24.42,32.86,33,13.0,120,4.3,1152.0,Reported,Midscale,3,EUR,43.7696,11.2558
TXN14154,4631,CHN02,Frankfurt,Germany,Europe,2019,Q4,3020544,114,82.08,106.79,72,13.3,400,4.2,2808.0,Reported,Midscale,3,EUR,50.1109,8.6821
TXN14155,4632,CHN07,Ayutthaya,Thailand,Asia Pacific,2024,Q4,600576,160,108.8,150.24,68,34.7,60,4.7,8150.0,Reported,Upscale,4,THB,14.3532,100.5659
TXN14156,4633,CHN12,Athens,Greece,Europe,2020,Q4,349747,192,63.36,83.32,33,22.3,60,4.4,3978.0,Reported,Upscale,4,EUR,37.9838,23.7275
TXN14157,4634,CHN03,Chiang Mai,Thailand,Asia Pacific,2023,Q1,712530,203,131.95,160.08,65,35.9,60,4.5,6258.0,Reported,Upper-Upscale,4,THB,18.7883,98.9853
TXN14158,4635,CHN08,Fortaleza,Brazil,Americas,2024,Q1,2080350,230,154.1,194.5,67,18.4,150,4.4,12103.0,Reported,Upscale,4,BRL,-3.7319,-38.5267
TXN14159,4636,CHN08,Al Ain,UAE,Middle East,2020,Q4,1473343,287,88.97,120.79,31,30.7,180,4.8,9843.0,Reported,Luxury,5,AED,24.2075,55.7447
TXN14160,2590,CHN11,Granada,Spain,Europe,2023,Q2,5573240,317,218.73,290.69,69,36.0,280,4.8,5082.0,Reported,Upper-Upscale,5,EUR,37.1773,-3.5986
TXN14161,3308,CHN08,Chinatown,Singapore,Asia Pacific,2025,Q4,3825360,225,148.5,184.28,66,30.3,280,4.3,4388.0,Estimated,Upscale,4,SGD,1.2826,103.8446
TXN14162,4114,CHN04,Pamukkale,Turkey,Europe/Middle East,2023,Q1,8807904,514,349.52,400.93,68,20.4,280,4.9,14077.0,Reported,Luxury,5,TRY,37.9214,29.1189
TXN14163,4637,CHN03,Hong Kong,China,Asia Pacific,2021,Q4,1105104,130,54.6,63.06,42,22.8,220,4.3,2629.0,Reported,Midscale,3,CNY,22.3193,114.1694
TXN14164,4638,CHN07,Bali,Indonesia,Asia Pacific,2019,Q3,3966782,177,153.99,181.8,87,40.6,280,4.7,11236.0,Reported,Upscale,4,IDR,-8.3405,115.092
TXN14165,4639,CHN05,Chinatown,Singapore,Asia Pacific,2020,Q2,2178540,350,133.0,176.59,38,37.8,180,4.9,4393.0,Reported,Luxury,5,SGD,1.2826,103.8446
TXN14166,4640,CHN01,Haarlem,Netherlands,Europe,2022,Q4,1984992,93,53.94,77.62,58,27.0,400,4.1,3648.0,Reported,Upscale,3,EUR,0.0,0.0
TXN14167,4641,CHN05,Valencia,Spain,Europe,2024,Q1,5821200,245,161.7,234.26,66,33.0,400,4.7,5295.0,Reported,Upscale,4,EUR,39.4699,-0.3763
TXN14168,4642,CHN02,Melbourne,Australia,Asia Pacific,2024,Q2,1984382,236,181.72,228.83,77,26.8,120,4.4,6367.0,Reported,Upscale,4,AUD,-37.8136,144.9631
TXN14169,4643,CHN03,Stuttgart,Germany,Europe,2021,Q4,16677760,1030,453.2,541.45,44,38.4,400,4.8,3087.0,Reported,Luxury,5,EUR,48.7758,9.1829
TXN14170,4304,CHN01,Woodlands,Singapore,Asia Pacific,2020,Q2,1101009,218,80.66,115.54,37,21.7,150,5.0,5003.0,Reported,Upper-Upscale,5,SGD,1.437,103.7862
TXN14171,4644,CHN03,Seoul,South Korea,Asia Pacific,2024,Q2,3944304,860,722.4,949.86,84,37.8,60,4.9,3291.0,Reported,Luxury,5,KRW,37.5665,126.978
TXN14172,4645,CHN09,Beijing,China,Asia Pacific,2019,Q3,1977043,407,358.16,438.64,88,36.5,60,4.6,4575.0,Reported,Luxury,5,CNY,39.9042,116.4074
TXN14173,4646,CHN10,Eindhoven,Netherlands,Europe,2022,Q3,4996704,496,362.08,527.91,73,30.7,150,4.9,7624.0,Reported,Luxury,5,EUR,51.4416,5.4697
TXN14174,4647,CHN07,Bandung,Indonesia,Asia Pacific,2024,Q3,466440,65,50.7,72.1,78,11.7,100,3.9,,Reported,Economy,2,IDR,-6.9175,107.6191
TXN14175,2497,CHN06,Marmaris,Turkey,Europe/Middle East,2021,Q4,239982,37,17.39,25.31,47,24.1,150,3.9,1527.0,Reported,Economy,2,TRY,36.8551,28.2553
TXN14176,4648,CHN02,Chiang Mai,Thailand,Asia Pacific,2020,Q4,2272768,193,61.76,85.8,32,18.5,400,4.5,14916.0,Reported,Upper-Upscale,4,THB,18.7883,98.9853
TXN14177,2547,CHN03,Osaka,Japan,Asia Pacific,2019,Q4,5449123,667,493.58,681.61,74,24.5,120,4.8,14500.0,Reported,Luxury,5,JPY,34.6937,135.5023
TXN14178,4649,CHN08,Hiroshima,Japan,Asia Pacific,2019,Q1,5131170,365,259.15,323.5,71,34.0,220,4.8,7589.0,Reported,Luxury,5,JPY,34.3853,132.4553
TXN14179,4650,CHN05,Lille,France,Europe,2023,Q4,4579852,743,497.81,632.18,67,33.7,100,5.0,6571.0,Reported,Luxury,5,EUR,50.6292,3.0573
TXN14180,3458,CHN11,Cancun,Mexico,Americas,2023,Q4,446678,119,80.92,104.3,68,9.5,60,4.4,3406.0,Reported,Midscale,3,MXN,21.1619,-86.8515
TXN14181,4651,CHN04,Tokyo,Japan,Asia Pacific,2022,Q2,8043399,414,252.54,316.57,61,28.2,350,4.4,3203.0,Reported,Upscale,4,JPY,35.6762,139.6503
TXN14182,3641,CHN10,Chiang Mai,Thailand,Asia Pacific,2025,Q3,8822174,683,532.74,764.69,78,30.8,180,4.7,7937.0,Estimated,Luxury,5,THB,18.7883,98.9853
TXN14183,4652,CHN02,Guangzhou,China,Asia Pacific,2023,Q1,2129760,87,59.16,72.09,68,9.4,400,4.1,2296.0,Reported,Midscale,3,CNY,23.1291,113.2644
TXN14184,4653,CHN11,Sydney,Australia,Asia Pacific,2019,Q3,499450,116,90.48,106.83,78,26.4,60,4.3,4877.0,Reported,Midscale,3,AUD,-33.8688,151.2093
TXN14185,4654,CHN01,Amalfi,Italy,Europe,2023,Q2,4096966,338,250.12,283.14,74,36.2,180,4.9,8985.0,Reported,Upper-Upscale,5,EUR,40.634,14.6027
TXN14186,4655,CHN06,Eindhoven,Netherlands,Europe,2021,Q4,302680,70,32.9,43.89,47,15.3,100,4.2,2024.0,Reported,Midscale,3,EUR,51.4416,5.4697
TXN14187,4656,CHN12,Fujairah,UAE,Middle East,2021,Q1,3342600,619,247.6,357.86,40,39.9,150,5.0,7204.0,Reported,Luxury,5,AED,25.1288,56.3264
TXN14188,4657,CHN04,Cologne,Germany,Europe,2025,Q3,488851,82,66.42,77.99,81,23.2,80,4.0,2261.0,Estimated,Economy,2,EUR,50.9333,6.95
TXN14189,4658,CHN07,Chennai,India,Asia Pacific,2020,Q4,139104,36,12.6,15.13,35,10.4,120,3.9,4623.0,Reported,Economy,2,INR,13.0827,80.2707
TXN14190,4659,CHN10,Dammam,Saudi Arabia,Middle East,2021,Q2,6624800,350,182.0,214.41,52,23.8,400,4.6,10668.0,Reported,Luxury,5,SAR,26.4207,50.0888
TXN14191,4660,CHN12,Cascais,Portugal,Europe,2024,Q2,6363630,777,582.75,687.52,75,22.9,120,4.8,13385.0,Reported,Luxury,5,EUR,0.0,0.0
TXN14192,4661,CHN04,Belem,Brazil,Americas,2021,Q1,1812510,137,57.54,67.07,42,19.5,350,4.5,11838.0,Reported,Upscale,4,BRL,-1.4558,-48.5044
TXN14193,4662,CHN12,Los Cabos,Mexico,Americas,2020,Q3,192096,87,34.8,41.33,40,18.3,60,4.1,4424.0,Reported,Midscale,3,MXN,22.8905,-109.9167
TXN14194,1806,CHN04,Adelaide,Australia,Asia Pacific,2021,Q3,2032574,722,368.22,475.73,51,30.1,60,5.0,7203.0,Reported,Luxury,5,AUD,-34.9285,138.6007
TXN14195,3645,CHN07,New Orleans,USA,Americas,2023,Q1,4445280,196,123.48,167.12,63,29.3,400,4.6,12046.0,Reported,Upscale,4,USD,29.9511,-90.0715
TXN14196,1026,CHN02,Puebla,Mexico,Americas,2021,Q1,295650,73,32.85,40.22,45,22.9,100,4.2,374.0,Reported,Midscale,3,MXN,19.0414,-98.2063
TXN14197,4663,CHN10,Hue,Vietnam,Asia Pacific,2020,Q3,5737782,602,222.74,271.22,37,29.1,280,4.8,13527.0,Reported,Luxury,5,VND,16.4637,107.5909
TXN14198,4664,CHN04,Tulum,Mexico,Americas,2019,Q3,17115754,1044,845.64,966.86,81,40.2,220,5.0,13747.0,Reported,Luxury,5,MXN,20.2114,-87.4654
TXN14199,4665,CHN05,Sharjah,UAE,Middle East,2025,Q2,22254232,794,611.38,795.4,77,40.0,400,4.9,3645.0,Estimated,Luxury,5,AED,25.3463,55.4209
TXN14200,4666,CHN01,Rome,Italy,Europe,2022,Q4,1779648,403,241.8,346.88,60,43.9,80,4.7,2254.0,Reported,Upper-Upscale,5,EUR,41.9028,12.4964
TXN14201,4667,CHN07,Jeju Island,South Korea,Asia Pacific,2019,Q4,3255549,178,126.38,150.66,71,30.3,280,4.4,11871.0,Reported,Upscale,4,KRW,33.4996,126.5312
TXN14202,4668,CHN07,Playa del Carmen,Mexico,Americas,2020,Q2,133042,43,14.62,20.0,34,10.7,100,3.9,2765.0,Reported,Economy,2,MXN,20.6296,-87.0739
TXN14203,4669,CHN08,Daegu,South Korea,Asia Pacific,2023,Q3,3325800,482,361.5,525.5,75,29.3,100,5.0,12830.0,Reported,Luxury,5,KRW,35.8714,128.6014
TXN14204,4670,CHN11,Abu Dhabi,UAE,Middle East,2025,Q4,2043835,187,123.42,181.18,66,31.1,180,4.6,12395.0,Estimated,Upscale,4,AED,24.4539,54.3773
TXN14205,4671,CHN03,Sapporo,Japan,Asia Pacific,2021,Q2,5965050,874,437.0,506.53,50,24.3,150,4.8,8942.0,Reported,Luxury,5,JPY,43.0618,141.3545
TXN14206,2025,CHN01,Bodrum,Turkey,Europe/Middle East,2024,Q2,3184272,432,349.92,475.36,81,31.2,100,4.8,1084.0,Reported,Luxury,5,TRY,37.0344,27.4305
TXN14207,2021,CHN02,Darwin,Australia,Asia Pacific,2022,Q2,6915909,329,217.14,275.98,66,18.2,350,4.8,13595.0,Reported,Upper-Upscale,5,AUD,-12.4634,130.8456
TXN14208,4672,CHN05,Athens,Greece,Europe,2022,Q3,8104869,431,314.63,446.37,73,26.1,280,4.9,4523.0,Reported,Luxury,5,EUR,37.9838,23.7275
TXN14209,2434,CHN04,Woodlands,Singapore,Asia Pacific,2025,Q3,1817368,83,70.55,86.9,85,8.3,280,4.0,1565.0,Estimated,Economy,2,SGD,1.437,103.7862
TXN14210,4673,CHN09,Sapporo,Japan,Asia Pacific,2019,Q1,499392,136,92.48,125.46,68,21.0,60,4.7,13841.0,Reported,Upscale,4,JPY,43.0618,141.3545
TXN14211,2001,CHN09,Leipzig,Germany,Europe,2021,Q3,1150442,116,56.84,64.18,49,42.3,220,4.4,13046.0,Reported,Upscale,4,EUR,51.3397,12.3731
TXN14212,4674,CHN02,Genting,Malaysia,Asia Pacific,2024,Q2,6916291,754,633.36,886.35,84,31.2,120,4.6,13487.0,Reported,Luxury,5,MYR,0.0,0.0
TXN14213,1444,CHN09,Stuttgart,Germany,Europe,2025,Q2,2909088,360,266.4,375.64,74,27.3,120,4.8,3685.0,Estimated,Luxury,5,EUR,48.7758,9.1829
TXN14214,4675,CHN06,Washington DC,USA,Americas,2025,Q2,3865061,197,151.69,197.55,77,43.5,280,4.6,11962.0,Estimated,Upscale,4,USD,38.9072,-77.0369
TXN14215,3280,CHN02,NEOM,Saudi Arabia,Middle East,2023,Q4,5480698,788,496.44,686.41,63,18.3,120,4.7,11248.0,Reported,Luxury,5,SAR,0.0,0.0
TXN14216,4675,CHN06,Washington DC,USA,Americas,2024,Q1,4495365,213,142.71,189.26,67,23.0,350,4.4,4066.0,Reported,Upscale,4,USD,38.9072,-77.0369
TXN14217,4676,CHN01,Hangzhou,China,Asia Pacific,2019,Q2,1882826,233,172.42,231.14,74,43.4,120,4.4,3341.0,Reported,Upper-Upscale,4,CNY,30.2741,120.1551
TXN14218,2227,CHN06,Ho Chi Minh City,Vietnam,Asia Pacific,2023,Q3,370944,48,40.32,56.38,84,12.8,100,4.0,1181.0,Reported,Economy,2,VND,10.8231,106.6297
TXN14219,4677,CHN11,Los Angeles,USA,Americas,2021,Q4,834624,315,151.2,180.56,48,32.8,60,4.8,9975.0,Reported,Upper-Upscale,5,USD,34.0522,-118.2437
TXN14220,4678,CHN01,Delhi,India,Asia Pacific,2020,Q2,1480388,166,58.1,68.67,35,23.4,280,4.6,3669.0,Reported,Upper-Upscale,4,INR,28.6139,77.209
TXN14221,4679,CHN04,Istanbul,Turkey,Europe/Middle East,2019,Q3,3293453,678,596.64,688.89,88,38.1,60,4.7,14645.0,Reported,Luxury,5,TRY,41.0082,28.9784
TXN14222,4680,CHN01,Salvador,Brazil,Americas,2021,Q4,11221571,947,435.62,600.38,46,44.0,280,4.8,13362.0,Reported,Luxury,5,BRL,-12.9714,-38.5014
TXN14223,2038,CHN07,Miami,USA,Americas,2019,Q3,1490400,200,162.0,206.04,81,22.2,100,4.6,8166.0,Reported,Upscale,4,USD,25.7617,-80.1918
TXN14224,4681,CHN10,Cappadocia,Turkey,Europe/Middle East,2025,Q4,1098922,158,99.54,123.62,63,29.1,120,4.6,1641.0,Estimated,Upscale,4,TRY,38.6431,34.8289
TXN14225,4682,CHN05,Jeju Island,South Korea,Asia Pacific,2022,Q1,3116340,398,230.84,318.8,58,42.8,150,4.7,4705.0,Reported,Luxury,5,KRW,33.4996,126.5312
TXN14226,4683,CHN04,Cairns,Australia,Asia Pacific,2021,Q3,4945920,384,192.0,253.51,50,30.7,280,4.9,12121.0,Reported,Luxury,5,AUD,-16.9186,145.7781
TXN14227,4684,CHN02,Hangzhou,China,Asia Pacific,2025,Q2,4715984,820,647.8,769.27,79,23.9,80,4.9,1125.0,Estimated,Luxury,5,CNY,30.2741,120.1551
TXN14228,4218,CHN06,Playa del Carmen,Mexico,Americas,2024,Q2,1834633,116,91.64,124.67,79,21.7,220,4.2,4742.0,Reported,Midscale,3,MXN,20.6296,-87.0739
TXN14229,4685,CHN01,Kochi,India,Asia Pacific,2023,Q1,24173100,1279,767.4,1128.71,60,39.5,350,4.7,9673.0,Reported,Luxury,5,INR,9.9312,76.2673
TXN14230,4686,CHN06,Ayutthaya,Thailand,Asia Pacific,2023,Q1,798336,64,40.32,46.77,63,18.0,220,4.0,2135.0,Reported,Economy,2,THB,14.3532,100.5659
TXN14231,4687,CHN03,Shanghai,China,Asia Pacific,2025,Q3,10118822,804,611.04,697.02,76,38.3,180,4.7,11841.0,Estimated,Luxury,5,CNY,31.2304,121.4737
TXN14232,4688,CHN08,Los Cabos,Mexico,Americas,2023,Q4,1320200,205,143.5,170.93,70,42.6,100,4.5,9820.0,Reported,Upscale,4,MXN,22.8905,-109.9167
TXN14233,4689,CHN12,Verona,Italy,Europe,2022,Q3,7163856,309,222.48,318.96,72,43.7,350,4.5,13387.0,Reported,Upscale,4,EUR,45.4384,10.9916
TXN14234,2494,CHN10,Adelaide,Australia,Asia Pacific,2019,Q2,3793608,386,277.92,410.82,72,23.1,150,4.8,13623.0,Reported,Luxury,5,AUD,-34.9285,138.6007
TXN14235,2121,CHN10,Porto,Portugal,Europe,2022,Q3,1264770,141,91.65,113.86,65,25.3,150,4.7,6701.0,Reported,Upscale,4,EUR,41.1579,-8.6291
TXN14236,4690,CHN12,Tabuk,Saudi Arabia,Middle East,2020,Q3,513912,98,37.24,51.26,38,24.9,150,4.2,2947.0,Reported,Midscale,3,SAR,0.0,0.0
TXN14237,4691,CHN10,Chiang Mai,Thailand,Asia Pacific,2020,Q1,627750,125,38.75,48.03,31,39.3,180,4.3,2326.0,Reported,Upscale,4,THB,18.7883,98.9853
TXN14238,4692,CHN11,Perth,Australia,Asia Pacific,2020,Q2,824733,159,60.42,73.15,38,42.5,150,4.6,6446.0,Reported,Upscale,4,AUD,-31.9505,115.8605
TXN14239,4693,CHN08,San Sebastian,Spain,Europe,2023,Q1,6162660,365,244.55,354.19,67,32.2,280,4.8,1261.0,Reported,Luxury,5,EUR,43.3183,-1.9812
TXN14240,4694,CHN12,Clarke Quay,Singapore,Asia Pacific,2021,Q3,755136,190,102.6,143.74,54,32.2,80,,1868.0,Reported,Upscale,4,SGD,1.2906,103.8467
TXN14241,4695,CHN07,Antalya,Turkey,Europe/Middle East,2022,Q4,1366200,125,67.5,85.1,54,35.3,220,4.4,1327.0,Reported,Upscale,4,TRY,36.8969,30.7133
TXN14242,4696,CHN09,Pattaya,Thailand,Asia Pacific,2021,Q3,1153680,152,83.6,95.15,55,43.6,150,4.5,1392.0,Reported,Upper-Upscale,4,THB,12.9236,100.8825
TXN14243,4697,CHN01,Dusseldorf,Germany,Europe,2024,Q4,3290840,146,102.2,132.23,70,27.7,350,4.4,6057.0,Reported,Upscale,4,EUR,51.2217,6.7762
TXN14244,4698,CHN11,Yogyakarta,Indonesia,Asia Pacific,2023,Q2,1395194,101,69.69,94.4,69,13.7,220,4.3,1351.0,Reported,Midscale,3,IDR,-7.7971,110.3688
TXN14245,4699,CHN08,Xian,China,Asia Pacific,2025,Q4,5695168,212,154.76,222.76,73,28.0,400,4.7,14302.0,Estimated,Upscale,4,CNY,34.3416,108.9398
TXN14246,3293,CHN08,Bugis,Singapore,Asia Pacific,2021,Q2,2272725,333,166.5,244.25,50,26.8,150,4.7,2756.0,Reported,Luxury,5,SGD,1.3006,103.8551
TXN14247,4700,CHN01,Labuan Bajo,Indonesia,Asia Pacific,2019,Q2,6270264,957,689.04,816.46,72,19.3,100,4.8,9586.0,Reported,Luxury,5,IDR,0.0,0.0
TXN14248,4701,CHN02,Recife,Brazil,Americas,2025,Q4,542506,156,98.28,139.37,63,24.9,60,4.6,1748.0,Estimated,Upscale,4,BRL,-8.0476,-34.877
TXN14249,2051,CHN05,Casablanca,Morocco,Africa,2025,Q1,2784600,455,309.4,431.1,68,23.4,100,4.7,10208.0,Estimated,Luxury,5,MAD,33.5731,-7.5898
TXN14250,4702,CHN10,Lisbon,Portugal,Europe,2020,Q4,1165493,621,211.14,240.25,34,39.2,60,4.7,8785.0,Reported,Luxury,5,EUR,38.7223,-9.1393
TXN14251,4703,CHN06,Ha Long Bay,Vietnam,Asia Pacific,2021,Q3,387504,81,42.12,60.99,52,12.7,100,4.2,2087.0,Reported,Midscale,3,VND,20.9101,107.1839
TXN14252,4704,CHN01,Yokohama,Japan,Asia Pacific,2023,Q1,1677960,316,186.44,247.13,59,24.4,100,4.8,14821.0,Reported,Upper-Upscale,5,JPY,35.4437,139.638
TXN14253,4705,CHN04,Abu Dhabi,UAE,Middle East,2023,Q1,2904660,326,215.16,258.44,66,43.6,150,4.4,7315.0,Reported,Upscale,4,AED,24.4539,54.3773
TXN14254,4706,CHN10,Bandung,Indonesia,Asia Pacific,2025,Q3,19592798,939,760.59,959.97,81,26.4,280,4.7,10834.0,Estimated,Luxury,5,IDR,-6.9175,107.6191
TXN14255,4707,CHN06,Malacca,Malaysia,Asia Pacific,2022,Q4,488244,58,35.38,40.63,61,23.9,150,,3991.0,Reported,Economy,2,MYR,2.1896,102.2501
TXN14256,4708,CHN02,Meknes,Morocco,Africa,2025,Q3,557520,101,75.75,98.94,75,21.6,80,4.2,2747.0,Estimated,Midscale,3,MAD,0.0,0.0
TXN14257,4709,CHN11,Strasbourg,France,Europe,2020,Q2,581581,83,29.05,39.82,35,20.2,220,4.1,4604.0,Reported,Midscale,3,EUR,48.5734,7.7521
TXN14258,4710,CHN01,Los Cabos,Mexico,Americas,2024,Q2,25906790,1225,1016.75,1276.92,83,31.0,280,4.7,5224.0,Reported,Luxury,5,MXN,22.8905,-109.9167
TXN14259,4711,CHN06,Medina,Saudi Arabia,Middle East,2023,Q4,1120238,49,34.79,39.69,71,21.8,350,4.0,2138.0,Reported,Economy,2,SAR,24.5247,39.5692
TXN14260,4712,CHN04,Obidos,Portugal,Europe,2020,Q3,1923610,484,174.24,241.35,36,36.5,120,4.8,7821.0,Reported,Luxury,5,EUR,0.0,0.0
TXN14261,4713,CHN06,Playa del Carmen,Mexico,Americas,2024,Q1,1658844,118,83.78,123.13,71,19.7,220,4.3,621.0,Reported,Midscale,3,MXN,20.6296,-87.0739
TXN14262,4714,CHN08,Essaouira,Morocco,Africa,2021,Q4,1721578,339,155.94,198.2,46,22.2,120,4.8,14378.0,Reported,Luxury,5,MAD,31.5125,-9.77
TXN14263,3963,CHN12,Marrakech,Morocco,Africa,2024,Q2,4035622,405,295.65,342.52,73,28.9,150,4.6,3683.0,Reported,Upscale,4,MAD,31.6295,-7.9811
TXN14264,4715,CHN10,Kota Kinabalu,Malaysia,Asia Pacific,2020,Q3,655776,110,39.6,58.01,36,27.1,180,4.5,3885.0,Reported,Upscale,4,MYR,5.9788,116.0753
TXN14265,4716,CHN06,Marina Bay,Singapore,Asia Pacific,2023,Q1,1107108,153,102.51,149.74,67,27.2,120,4.3,3055.0,Reported,Midscale,3,SGD,1.2819,103.8636
TXN14266,3748,CHN06,Lisbon,Portugal,Europe,2019,Q2,1157556,59,45.43,61.63,77,18.5,280,,4260.0,Reported,Economy,2,EUR,38.7223,-9.1393
TXN14267,4717,CHN09,Kuala Lumpur,Malaysia,Asia Pacific,2022,Q4,960756,177,104.43,144.8,59,38.4,100,4.4,,Reported,Upper-Upscale,4,MYR,3.139,101.6869
TXN14268,4718,CHN06,Jeju Island,South Korea,Asia Pacific,2023,Q3,806803,58,48.72,54.77,84,9.9,180,3.9,4038.0,Reported,Economy,2,KRW,33.4996,126.5312
TXN14269,4719,CHN06,London,UK,Europe,2025,Q3,596160,100,81.0,93.36,81,24.9,80,3.9,741.0,Estimated,Economy,2,GBP,51.5074,-0.1278
TXN14270,1691,CHN11,Kota Kinabalu,Malaysia,Asia Pacific,2023,Q3,1512738,101,74.74,108.93,74,17.4,220,4.4,297.0,Reported,Midscale,3,MYR,5.9788,116.0753
TXN14271,4720,CHN06,Incheon,South Korea,Asia Pacific,2019,Q4,3111808,151,96.64,125.69,64,20.7,350,4.5,7850.0,Reported,Upscale,4,KRW,37.4563,126.7052
TXN14272,2325,CHN07,Madrid,Spain,Europe,2024,Q1,1529496,194,141.62,175.81,73,30.7,120,4.5,2376.0,Reported,Upscale,4,EUR,40.4168,-3.7038
TXN14273,4721,CHN09,Kuching,Malaysia,Asia Pacific,2024,Q1,1883736,171,116.28,148.25,68,27.3,180,4.6,13095.0,Reported,Upscale,4,MYR,1.5497,110.3626
TXN14274,4722,CHN04,Riyadh,Saudi Arabia,Middle East,2020,Q1,1611225,155,51.15,67.23,33,41.4,350,4.5,5465.0,Reported,Upscale,4,SAR,24.6877,46.7219
TXN14275,4723,CHN02,Nice,France,Europe,2020,Q4,772156,109,38.15,44.88,35,30.1,220,4.6,11709.0,Reported,Upscale,4,EUR,43.7102,7.262
TXN14276,4724,CHN07,Tulum,Mexico,Americas,2025,Q2,2606604,186,130.2,148.05,70,20.8,220,4.5,4297.0,Estimated,Upscale,4,MXN,20.2114,-87.4654
TXN14277,1186,CHN10,Kota Kinabalu,Malaysia,Asia Pacific,2022,Q4,4875430,499,294.41,345.7,59,37.2,180,4.6,3801.0,Reported,Luxury,5,MYR,5.9788,116.0753
TXN14278,4725,CHN01,Merida,Mexico,Americas,2023,Q4,9771725,922,590.08,811.34,64,27.9,180,4.8,12766.0,Reported,Luxury,5,MXN,20.9674,-89.5926
TXN14279,4726,CHN06,Ankara,Turkey,Europe/Middle East,2021,Q4,206338,89,37.38,51.78,42,22.8,60,4.4,4819.0,Reported,Midscale,3,TRY,39.9334,32.8597
TXN14280,4727,CHN08,Kuching,Malaysia,Asia Pacific,2021,Q4,2550240,165,69.3,82.27,42,19.9,400,4.5,2147.0,Reported,Upscale,4,MYR,1.5497,110.3626
TXN14281,4728,CHN06,Nara,Japan,Asia Pacific,2025,Q3,2148899,97,83.42,122.12,86,14.0,280,4.3,2925.0,Estimated,Midscale,3,JPY,34.6851,135.8048
TXN14282,4729,CHN01,Ajman,UAE,Middle East,2023,Q1,730170,133,81.13,97.84,61,28.3,100,4.5,14058.0,Reported,Upscale,4,AED,25.4052,55.5136
TXN14283,4730,CHN06,Bangkok,Thailand,Asia Pacific,2022,Q3,1445136,85,56.1,81.86,66,26.6,280,4.1,4077.0,Reported,Midscale,3,THB,13.7563,100.5018
TXN14284,4731,CHN05,Fez,Morocco,Africa,2024,Q2,5016866,403,306.28,401.22,76,34.3,180,4.6,9849.0,Reported,Upper-Upscale,5,MAD,34.0181,-5.0078
TXN14285,4732,CHN04,Madeira,Portugal,Europe,2025,Q1,1843632,118,73.16,103.63,62,27.9,280,4.2,3803.0,Estimated,Midscale,3,EUR,32.6669,-16.9241
TXN14286,4733,CHN08,New Orleans,USA,Americas,2022,Q4,1094285,354,198.24,292.7,56,32.8,60,5.0,11053.0,Reported,Luxury,5,USD,29.9511,-90.0715
TXN14287,4734,CHN09,Bath,UK,Europe,2021,Q2,684411,109,50.14,68.45,46,31.6,150,4.5,14948.0,Reported,Upscale,4,GBP,51.3811,-2.359
TXN14288,1890,CHN11,Yokohama,Japan,Asia Pacific,2019,Q4,1907712,192,138.24,198.77,72,30.7,150,4.4,6647.0,Reported,Upscale,4,JPY,35.4437,139.638
TXN14289,4310,CHN04,Varanasi,India,Asia Pacific,2022,Q2,1153152,90,57.6,77.28,64,10.0,220,4.3,2729.0,Reported,Midscale,3,INR,25.3176,82.9739
TXN14290,3946,CHN08,Chengdu,China,Asia Pacific,2025,Q3,1997798,464,361.92,464.92,78,37.8,60,4.9,7538.0,Estimated,Luxury,5,CNY,30.5728,104.0668
TXN14291,4735,CHN09,Ho Chi Minh City,Vietnam,Asia Pacific,2022,Q1,3753792,266,148.96,217.15,56,24.0,280,4.6,,Reported,Luxury,5,VND,10.8231,106.6297
TXN14292,4736,CHN05,Deira,UAE,Middle East,2020,Q3,1112832,378,151.2,205.48,40,30.0,80,4.8,1645.0,Reported,Luxury,5,AED,25.2697,55.3095
TXN14293,4737,CHN07,Porto,Portugal,Europe,2024,Q2,5911360,232,185.6,271.83,80,30.3,350,4.6,13278.0,Reported,Upscale,4,EUR,41.1579,-8.6291
TXN14294,4738,CHN06,Hiroshima,Japan,Asia Pacific,2023,Q2,879278,61,43.92,54.62,72,21.9,220,3.9,2653.0,Reported,Economy,2,JPY,34.3853,132.4553
TXN14295,4739,CHN11,Zakynthos,Greece,Europe,2020,Q2,1302538,142,51.12,69.49,36,33.4,280,4.5,10597.0,Reported,Upscale,4,EUR,37.7902,20.9051
TXN14296,4063,CHN08,Porto,Portugal,Europe,2019,Q4,10198384,428,316.72,423.49,74,22.7,350,4.7,3399.0,Reported,Luxury,5,EUR,41.1579,-8.6291
TXN14297,4740,CHN02,Evora,Portugal,Europe,2020,Q4,173880,105,31.5,45.99,30,21.5,60,4.6,5075.0,Reported,Upscale,4,EUR,0.0,0.0
TXN14298,4741,CHN10,Paris,France,Europe,2020,Q4,573804,189,62.37,91.13,33,31.9,100,4.5,9716.0,Reported,Upscale,4,EUR,48.8566,2.3522
TXN14299,4742,CHN07,Toledo,Spain,Europe,2025,Q1,5428800,232,150.8,194.11,65,29.9,400,4.6,10582.0,Estimated,Upscale,4,EUR,39.8628,-4.0273
TXN14300,4743,CHN03,Yanbu,Saudi Arabia,Middle East,2021,Q3,3137200,155,85.25,98.75,55,18.3,400,4.5,4317.0,Reported,Upscale,4,SAR,0.0,0.0
TXN14301,4744,CHN02,Versailles,France,Europe,2020,Q2,5317039,491,166.94,202.64,34,43.4,350,4.9,10334.0,Reported,Luxury,5,EUR,48.8014,2.1301
TXN14302,4745,CHN11,Kota Kinabalu,Malaysia,Asia Pacific,2021,Q4,446237,86,40.42,59.25,47,22.0,120,4.4,849.0,Reported,Midscale,3,MYR,5.9788,116.0753
TXN14303,4746,CHN10,London,UK,Europe,2019,Q2,10691663,1379,979.09,1266.02,71,32.6,120,5.0,11236.0,Reported,Luxury,5,GBP,51.5074,-0.1278
TXN14304,4747,CHN01,Istanbul,Turkey,Europe/Middle East,2020,Q3,1457280,110,39.6,50.19,36,30.1,400,4.5,10467.0,Reported,Upscale,4,TRY,41.0082,28.9784
TXN14305,4748,CHN02,Tulum,Mexico,Americas,2023,Q1,2509920,166,99.6,136.92,60,24.5,280,4.5,13971.0,Reported,Upscale,4,MXN,20.2114,-87.4654
TXN14306,4749,CHN11,Bur Dubai,UAE,Middle East,2019,Q1,6854400,272,190.4,262.28,70,40.2,400,5.0,4866.0,Reported,Upper-Upscale,5,AED,25.2535,55.296
TXN14307,4750,CHN11,Barcelona,Spain,Europe,2025,Q4,3611920,151,98.15,139.24,65,27.8,400,4.4,2215.0,Estimated,Midscale,3,EUR,41.3851,2.1734
TXN14308,3067,CHN03,Valencia,Spain,Europe,2021,Q3,8209344,429,223.08,315.62,52,32.6,400,4.6,11366.0,Reported,Luxury,5,EUR,39.4699,-0.3763
TXN14309,4751,CHN07,Lombok,Indonesia,Asia Pacific,2023,Q4,932659,88,56.32,75.02,64,8.7,180,4.4,2581.0,Reported,Midscale,3,IDR,-8.5833,116.35
TXN14310,4752,CHN01,Yogyakarta,Indonesia,Asia Pacific,2022,Q4,4434584,313,172.15,213.61,55,36.3,280,5.0,8938.0,Reported,Upper-Upscale,5,IDR,-7.7971,110.3688
TXN14311,1085,CHN12,Crete,Greece,Europe,2021,Q2,595358,232,109.04,128.67,47,23.4,60,4.7,8006.0,Reported,Upscale,4,EUR,35.2401,24.8093
TXN14312,4140,CHN08,Clarke Quay,Singapore,Asia Pacific,2019,Q2,2654543,219,162.06,237.64,74,28.1,180,4.5,2780.0,Reported,Upscale,4,SGD,1.2906,103.8467
TXN14313,2754,CHN02,Bath,UK,Europe,2022,Q1,1347048,353,187.09,256.58,53,41.4,80,4.7,12090.0,Reported,Upper-Upscale,5,GBP,51.3811,-2.359
TXN14314,4753,CHN12,Los Angeles,USA,Americas,2024,Q1,6689160,1093,743.24,1072.76,68,18.6,100,4.8,2683.0,Reported,Luxury,5,USD,34.0522,-118.2437
TXN14315,4754,CHN06,Krabi,Thailand,Asia Pacific,2019,Q1,2211300,108,70.2,79.78,65,27.9,350,4.1,3857.0,Reported,Midscale,3,THB,8.0863,98.9063
TXN14316,4755,CHN04,Sharjah,UAE,Middle East,2025,Q4,2315198,626,419.42,561.79,67,29.1,60,4.9,13995.0,Estimated,Luxury,5,AED,25.3463,55.4209
TXN14317,4756,CHN09,Bali,Indonesia,Asia Pacific,2025,Q1,5601024,416,282.88,385.2,68,25.1,220,,10754.0,Estimated,Luxury,5,IDR,-8.3405,115.092
TXN14318,4757,CHN07,Toledo,Spain,Europe,2025,Q4,534612,149,96.85,108.54,65,30.8,60,4.6,6683.0,Estimated,Upscale,4,EUR,39.8628,-4.0273
TXN14319,4758,CHN08,Beijing,China,Asia Pacific,2025,Q4,4251946,262,165.06,228.72,63,37.0,280,4.6,9125.0,Estimated,Upscale,4,CNY,39.9042,116.4074
TXN14320,4759,CHN02,Marrakech,Morocco,Africa,2019,Q3,2265408,304,246.24,299.59,81,29.0,100,,,Reported,Upper-Upscale,4,MAD,31.6295,-7.9811
TXN14321,1653,CHN01,Zhangjiajie,China,Asia Pacific,2019,Q1,9601416,898,592.68,746.98,66,39.9,180,4.7,3332.0,Reported,Luxury,5,CNY,29.117,110.4793
TXN14322,4760,CHN11,Bangkok,Thailand,Asia Pacific,2019,Q1,1806948,169,111.54,151.44,66,42.5,180,4.5,13458.0,Reported,Upscale,4,THB,13.7563,100.5018
TXN14323,4761,CHN01,Porto,Portugal,Europe,2023,Q4,2755142,367,249.56,367.93,68,19.4,120,4.7,14531.0,Reported,Upper-Upscale,5,EUR,41.1579,-8.6291
TXN14324,4762,CHN04,Nagoya,Japan,Asia Pacific,2019,Q2,4921280,169,135.2,187.11,80,41.6,400,4.5,3942.0,Reported,Upscale,4,JPY,35.1815,136.9066
TXN14325,1768,CHN01,Sapa,Vietnam,Asia Pacific,2020,Q2,713440,224,78.4,98.42,35,27.9,100,4.7,3681.0,Reported,Upper-Upscale,5,VND,0.0,0.0
TXN14326,4763,CHN07,Hanoi,Vietnam,Asia Pacific,2020,Q4,167661,67,22.78,26.44,34,22.0,80,4.1,427.0,Reported,Midscale,3,VND,21.0285,105.8542
TXN14327,4764,CHN06,Los Angeles,USA,Americas,2022,Q3,315597,64,42.88,56.98,67,14.6,80,3.8,845.0,Reported,Economy,2,USD,34.0522,-118.2437
TXN14328,4765,CHN11,Cairns,Australia,Asia Pacific,2022,Q3,1530144,90,59.4,72.41,66,27.4,280,4.1,1259.0,Reported,Midscale,3,AUD,-16.9186,145.7781
TXN14329,4766,CHN06,Versailles,France,Europe,2020,Q3,573344,38,15.58,18.19,41,15.6,400,4.0,1822.0,Reported,Economy,2,EUR,48.8014,2.1301
TXN14330,4767,CHN01,Sokcho,South Korea,Asia Pacific,2020,Q3,3104448,222,84.36,118.8,38,23.8,400,4.7,7931.0,Reported,Upper-Upscale,5,KRW,38.207,128.5918
TXN14331,4768,CHN11,New York,USA,Americas,2025,Q4,1530144,210,138.6,180.48,66,20.2,120,4.4,2238.0,Estimated,Midscale,3,USD,40.7128,-74.006
TXN14332,4769,CHN09,Guadalajara,Mexico,Americas,2025,Q3,5653032,209,175.56,254.6,84,18.3,350,4.6,9255.0,Estimated,Upper-Upscale,4,MXN,20.6597,-103.3496
TXN14333,4770,CHN06,Malaga,Spain,Europe,2022,Q3,1076400,45,29.25,33.99,65,15.2,400,3.9,2408.0,Reported,Economy,2,EUR,36.7213,-4.4214
TXN14334,4771,CHN09,Koh Samui,Thailand,Asia Pacific,2024,Q4,1428134,196,129.36,151.88,66,24.6,120,4.6,10175.0,Reported,Upper-Upscale,4,THB,9.512,100.0136
TXN14335,3413,CHN12,Rio de Janeiro,Brazil,Americas,2022,Q1,962280,330,178.2,204.76,54,23.6,60,4.7,4021.0,Reported,Upscale,4,BRL,-22.9068,-43.1729
TXN14336,4772,CHN11,Orlando,USA,Americas,2024,Q4,2505933,128,97.28,139.71,76,21.7,280,4.2,4146.0,Reported,Midscale,3,USD,28.5383,-81.3792
TXN14337,4773,CHN07,Cairns,Australia,Asia Pacific,2019,Q1,2193408,136,87.04,118.67,64,32.3,280,4.6,10757.0,Reported,Upscale,4,AUD,-16.9186,145.7781
TXN14338,4774,CHN01,Daegu,South Korea,Asia Pacific,2019,Q4,441158,108,79.92,103.97,74,11.5,60,4.2,3864.0,Reported,Upscale,3,KRW,35.8714,128.6014
TXN14339,4775,CHN12,Los Angeles,USA,Americas,2022,Q3,6417138,273,199.29,267.79,73,37.9,350,4.5,9892.0,Reported,Upscale,4,USD,34.0522,-118.2437
TXN14340,1651,CHN07,Sydney,Australia,Asia Pacific,2021,Q4,1222570,113,47.46,66.46,42,13.3,280,4.2,392.0,Reported,Midscale,3,AUD,-33.8688,151.2093
TXN14341,4776,CHN06,Marrakech,Morocco,Africa,2020,Q4,204902,87,27.84,39.84,32,15.5,80,4.3,1393.0,Reported,Midscale,3,MAD,31.6295,-7.9811
TXN14342,1330,CHN08,Eindhoven,Netherlands,Europe,2019,Q3,9590448,438,372.3,448.76,85,24.8,280,4.9,7175.0,Reported,Luxury,5,EUR,51.4416,5.4697
TXN14343,4777,CHN06,Shanghai,China,Asia Pacific,2022,Q2,2838154,133,89.11,124.14,67,23.4,350,4.2,1831.0,Reported,Midscale,3,CNY,31.2304,121.4737
TXN14344,1171,CHN07,Hobart,Australia,Asia Pacific,2022,Q2,452907,79,49.77,64.95,63,22.9,100,4.4,1364.0,Reported,Midscale,3,AUD,-42.8821,147.3272
TXN14345,4778,CHN09,Marmaris,Turkey,Europe/Middle East,2019,Q4,3374790,335,244.55,325.1,73,30.2,150,4.7,8946.0,Reported,Luxury,5,TRY,36.8551,28.2553
TXN14346,4779,CHN08,Miami,USA,Americas,2025,Q2,2742667,644,502.32,660.77,78,18.4,60,4.8,13241.0,Estimated,Luxury,5,USD,25.7617,-80.1918
TXN14347,2343,CHN04,Hua Hin,Thailand,Asia Pacific,2021,Q2,419328,120,57.6,82.86,48,18.9,80,4.4,11310.0,Reported,Upscale,4,THB,12.5684,99.9578
TXN14348,4780,CHN03,Surabaya,Indonesia,Asia Pacific,2022,Q1,6614136,1038,612.42,902.8,59,26.3,120,4.9,7700.0,Reported,Luxury,5,IDR,-7.2575,112.7521
TXN14349,4781,CHN10,Turin,Italy,Europe,2025,Q3,2026944,144,122.4,168.41,85,35.3,180,4.4,5120.0,Estimated,Upscale,4,EUR,45.0703,7.6869
TXN14350,4782,CHN02,Hiroshima,Japan,Asia Pacific,2024,Q4,6999222,757,507.19,596.68,67,21.7,150,4.7,14695.0,Reported,Luxury,5,JPY,34.3853,132.4553
TXN14351,4783,CHN01,Paris,France,Europe,2023,Q2,3153150,210,157.5,231.2,75,24.6,220,4.3,2505.0,Reported,Upscale,3,EUR,48.8566,2.3522
TXN14352,4784,CHN02,Hoi An,Vietnam,Asia Pacific,2024,Q4,8028950,713,484.84,701.12,68,23.0,180,4.8,1950.0,Reported,Luxury,5,VND,15.8801,108.338
TXN14353,4785,CHN10,Ha Long Bay,Vietnam,Asia Pacific,2025,Q1,4446000,190,123.5,143.77,65,43.3,400,4.4,8031.0,Estimated,Upscale,4,VND,20.9101,107.1839
TXN14354,4786,CHN12,Pamukkale,Turkey,Europe/Middle East,2021,Q2,1245754,248,114.08,152.8,46,29.2,120,4.7,1070.0,Reported,Upscale,4,TRY,37.9214,29.1189
TXN14355,4787,CHN06,Bur Dubai,UAE,Middle East,2024,Q2,429975,63,47.25,60.71,75,24.2,100,4.0,1312.0,Reported,Economy,2,AED,25.2535,55.296
TXN14356,4421,CHN06,Abu Dhabi,UAE,Middle East,2020,Q1,233280,81,25.92,34.22,32,21.6,100,4.4,2482.0,Reported,Midscale,3,AED,24.4539,54.3773
TXN14357,2283,CHN08,Changi,Singapore,Asia Pacific,2023,Q1,4556160,226,144.64,197.41,64,18.5,350,4.5,8307.0,Reported,Upscale,4,SGD,1.3644,103.9915
TXN14358,4788,CHN10,Leipzig,Germany,Europe,2025,Q3,769046,162,139.32,203.08,86,43.4,60,4.6,13645.0,Estimated,Upscale,4,EUR,51.3397,12.3731
TXN14359,4789,CHN09,Chennai,India,Asia Pacific,2020,Q4,213127,117,38.61,47.12,33,25.4,60,4.4,13709.0,Reported,Upscale,4,INR,13.0827,80.2707
TXN14360,4790,CHN03,Bordeaux,France,Europe,2024,Q2,1205459,133,110.39,161.65,83,8.8,120,4.1,2719.0,Reported,Midscale,3,EUR,44.8378,-0.5792
TXN14361,4791,CHN06,Hua Hin,Thailand,Asia Pacific,2019,Q1,229320,49,31.85,38.32,65,19.4,80,4.0,3814.0,Reported,Economy,2,THB,12.5684,99.9578
TXN14362,4792,CHN04,New Orleans,USA,Americas,2020,Q2,3098368,320,121.6,174.54,38,21.4,280,4.9,2700.0,Reported,Luxury,5,USD,29.9511,-90.0715
TXN14363,3190,CHN01,Agadir,Morocco,Africa,2025,Q1,16715160,1005,663.3,906.48,66,18.8,280,4.7,13693.0,Estimated,Luxury,5,MAD,30.4278,-9.5981
TXN14364,4105,CHN12,Milan,Italy,Europe,2023,Q2,1657656,440,303.6,342.6,69,35.3,60,4.5,3993.0,Reported,Upscale,4,EUR,45.4654,9.1859
TXN14365,3915,CHN02,Cameron Highlands,Malaysia,Asia Pacific,2024,Q1,2463912,183,124.44,146.63,68,26.7,220,4.4,1308.0,Reported,Upscale,4,MYR,0.0,0.0
TXN14366,1830,CHN05,Shanghai,China,Asia Pacific,2019,Q3,2481792,281,224.8,301.44,80,23.3,120,4.6,14507.0,Reported,Upscale,4,CNY,31.2304,121.4737
TXN14367,2026,CHN10,Antalya,Turkey,Europe/Middle East,2019,Q3,5007744,448,362.88,504.91,81,19.4,150,5.0,9136.0,Reported,Luxury,5,TRY,36.8969,30.7133
TXN14368,4793,CHN02,Salvador,Brazil,Americas,2023,Q4,973728,280,176.4,231.47,63,25.0,60,4.5,9804.0,Reported,Upper-Upscale,4,BRL,-12.9714,-38.5014
TXN14369,4794,CHN03,Haarlem,Netherlands,Europe,2020,Q4,468869,274,84.94,112.89,31,21.4,60,5.0,2632.0,Reported,Luxury,5,EUR,0.0,0.0
TXN14370,1385,CHN07,Cambridge,UK,Europe,2021,Q1,780192,72,30.96,43.1,43,27.2,280,4.2,1830.0,Reported,Midscale,3,GBP,52.2053,0.1218
TXN14371,4795,CHN03,Chengdu,China,Asia Pacific,2025,Q2,3235960,127,88.9,129.14,70,10.5,400,4.1,2347.0,Estimated,Midscale,3,CNY,30.5728,104.0668
TXN14372,4796,CHN10,Langkawi,Malaysia,Asia Pacific,2020,Q3,520978,121,47.19,62.42,39,24.5,120,4.5,9740.0,Reported,Upscale,4,MYR,6.35,99.8
TXN14373,4797,CHN01,Ho Chi Minh City,Vietnam,Asia Pacific,2019,Q4,2717312,416,295.36,418.07,71,29.0,100,4.7,5357.0,Reported,Luxury,5,VND,10.8231,106.6297
TXN14374,4798,CHN07,Jurong,Singapore,Asia Pacific,2024,Q1,2449440,210,151.2,173.59,72,28.4,180,4.7,7709.0,Reported,Upscale,4,SGD,1.3404,103.709
TXN14375,4799,CHN05,Florianopolis,Brazil,Americas,2020,Q2,1874691,327,114.45,131.56,35,24.1,180,4.9,14404.0,Reported,Luxury,5,BRL,-27.5954,-48.548
TXN14376,4800,CHN11,Oaxaca,Mexico,Americas,2020,Q3,449328,60,22.2,32.09,37,12.9,220,4.2,3426.0,Reported,Midscale,3,MXN,17.0732,-96.7266
TXN14377,4801,CHN02,Clarke Quay,Singapore,Asia Pacific,2020,Q1,1301760,113,36.16,50.13,32,26.5,400,4.5,14287.0,Reported,Upscale,4,SGD,1.2906,103.8467
TXN14378,4802,CHN02,Evora,Portugal,Europe,2023,Q1,669600,100,62.0,83.35,62,20.0,120,4.3,3738.0,Reported,Midscale,3,EUR,0.0,0.0
TXN14379,3550,CHN09,Naples,Italy,Europe,2024,Q2,4917003,186,154.38,221.27,83,27.0,350,4.5,9883.0,Reported,Upscale,4,EUR,40.8518,14.2681
TXN14380,4803,CHN02,Granada,Spain,Europe,2022,Q1,1843128,322,170.66,195.2,53,39.1,120,4.9,6693.0,Reported,Upper-Upscale,5,EUR,37.1773,-3.5986
TXN14381,4804,CHN06,Mexico City,Mexico,Americas,2023,Q4,1035552,134,93.8,131.11,70,13.0,120,4.4,280.0,Reported,Midscale,3,MXN,19.4326,-99.1332
TXN14382,4805,CHN04,Perth,Australia,Asia Pacific,2023,Q2,18539248,749,509.32,681.72,68,33.9,400,4.9,4969.0,Reported,Luxury,5,AUD,-31.9505,115.8605
TXN14383,4245,CHN09,Gold Coast,Australia,Asia Pacific,2023,Q2,8480062,375,266.25,382.73,71,22.2,350,4.9,4913.0,Reported,Luxury,5,AUD,-28.0167,153.4
TXN14384,4806,CHN06,Chefchaouen,Morocco,Africa,2025,Q4,328550,62,44.64,58.95,72,15.4,80,3.9,893.0,Estimated,Economy,2,MAD,35.1688,-5.2636
TXN14385,4807,CHN06,Los Cabos,Mexico,Americas,2022,Q3,325459,88,58.96,75.9,67,14.5,60,,3902.0,Reported,Midscale,3,MXN,22.8905,-109.9167
TXN14386,3325,CHN11,Leipzig,Germany,Europe,2023,Q2,2403492,93,66.03,82.23,71,16.4,400,4.3,4617.0,Reported,Midscale,3,EUR,51.3397,12.3731
TXN14387,4808,CHN01,Amsterdam,Netherlands,Europe,2020,Q4,704352,116,34.8,47.08,30,14.8,220,4.3,2240.0,Reported,Upscale,3,EUR,52.3676,4.9041
TXN14388,1168,CHN10,Barcelona,Spain,Europe,2025,Q3,972458,223,176.17,212.71,79,28.7,60,,11225.0,Estimated,Upscale,4,EUR,41.3851,2.1734
TXN14389,4809,CHN09,Hoi An,Vietnam,Asia Pacific,2021,Q1,390096,126,54.18,76.63,43,27.0,80,4.5,11667.0,Reported,Upscale,4,VND,15.8801,108.338
TXN14390,1580,CHN10,Ho Chi Minh City,Vietnam,Asia Pacific,2022,Q2,1587586,122,79.3,109.32,65,27.5,220,4.5,11179.0,Reported,Upscale,4,VND,10.8231,106.6297
TXN14391,4810,CHN03,Eindhoven,Netherlands,Europe,2019,Q1,1687140,103,66.95,94.82,65,11.4,280,4.2,3050.0,Reported,Midscale,3,EUR,51.4416,5.4697
TXN14392,4083,CHN06,Zakynthos,Greece,Europe,2025,Q4,2257165,164,111.52,133.59,68,34.6,220,4.6,7183.0,Estimated,Upscale,4,EUR,37.7902,20.9051
TXN14393,4811,CHN02,Palermo,Italy,Europe,2020,Q1,2278584,274,90.42,113.99,33,20.5,280,4.7,14710.0,Reported,Upper-Upscale,5,EUR,38.1157,13.3615
TXN14394,4812,CHN09,Cannes,France,Europe,2023,Q4,737251,159,100.17,132.68,63,36.1,80,4.5,3348.0,Reported,Upscale,4,EUR,43.5528,7.0174
TXN14395,4813,CHN06,Seville,Spain,Europe,2019,Q3,1227096,117,88.92,112.65,76,26.5,150,4.1,4927.0,Reported,Midscale,3,EUR,37.3891,-5.9845
TXN14396,4814,CHN01,Chiang Mai,Thailand,Asia Pacific,2022,Q2,6193005,1047,680.55,976.12,65,18.6,100,4.7,4978.0,Reported,Luxury,5,THB,18.7883,98.9853
TXN14397,4815,CHN03,Verona,Italy,Europe,2022,Q2,380890,109,69.76,94.57,64,14.3,60,4.3,634.0,Reported,Midscale,3,EUR,45.4384,10.9916
TXN14398,4816,CHN11,Santorini,Greece,Europe,2025,Q1,10785600,428,299.6,405.7,70,35.4,400,4.6,3032.0,Estimated,Upper-Upscale,5,EUR,36.3932,25.4615
TXN14399,4817,CHN07,Honolulu,USA,Americas,2021,Q1,271350,67,30.15,36.52,45,19.3,100,4.3,3748.0,Reported,Midscale,3,USD,21.3069,-157.8583
TXN14400,2890,CHN09,Da Nang,Vietnam,Asia Pacific,2020,Q2,968240,100,38.0,45.51,38,27.8,280,4.5,3093.0,Reported,Upscale,4,VND,16.0544,108.2022
TXN14401,4818,CHN02,Chinatown,Singapore,Asia Pacific,2025,Q1,1473120,310,204.6,245.55,66,29.1,80,4.5,1701.0,Estimated,Upper-Upscale,4,SGD,1.2826,103.8446
TXN14402,4819,CHN11,Hobart,Australia,Asia Pacific,2020,Q1,918000,85,25.5,33.68,30,20.8,400,4.3,2681.0,Reported,Midscale,3,AUD,-42.8821,147.3272
TXN14403,4820,CHN02,Deira,UAE,Middle East,2023,Q1,510300,150,94.5,112.02,63,33.5,60,4.6,13724.0,Reported,Upscale,4,AED,25.2697,55.3095
TXN14404,4821,CHN05,Seville,Spain,Europe,2025,Q4,4547928,749,494.34,619.54,66,23.0,100,4.9,11078.0,Estimated,Luxury,5,EUR,37.3891,-5.9845
TXN14405,4106,CHN03,Utrecht,Netherlands,Europe,2025,Q1,533664,109,74.12,89.02,68,27.0,80,,1107.0,Estimated,Midscale,3,EUR,52.0907,5.1214
TXN14406,4822,CHN12,Lille,France,Europe,2020,Q4,1420020,245,85.75,96.56,35,31.3,180,4.5,6436.0,Reported,Upscale,4,EUR,50.6292,3.0573
TXN14407,4823,CHN02,Guilin,China,Asia Pacific,2025,Q2,1303357,109,79.57,102.59,73,27.6,180,4.3,3901.0,Estimated,Midscale,3,CNY,25.2736,110.2907
TXN14408,4824,CHN11,Thessaloniki,Greece,Europe,2025,Q3,1944052,113,96.05,132.21,85,18.9,220,4.1,1893.0,Estimated,Midscale,3,EUR,40.6401,22.9444
TXN14409,4825,CHN08,Gyeongju,South Korea,Asia Pacific,2020,Q4,282348,155,51.15,61.43,33,32.7,60,4.4,7060.0,Reported,Upscale,4,KRW,35.8562,129.2247
TXN14410,4826,CHN06,Gyeongju,South Korea,Asia Pacific,2023,Q2,1139720,63,44.73,52.45,71,21.3,280,4.0,3753.0,Reported,Economy,2,KRW,35.8562,129.2247
TXN14411,4827,CHN06,Brisbane,Australia,Asia Pacific,2020,Q2,155282,79,28.44,40.97,36,17.5,60,4.2,2356.0,Reported,Midscale,3,AUD,-27.4698,153.0251
TXN14412,4828,CHN02,Versailles,France,Europe,2021,Q3,3138010,323,155.04,210.85,48,38.5,220,4.8,11116.0,Reported,Upper-Upscale,5,EUR,48.8014,2.1301
TXN14413,4829,CHN03,Seville,Spain,Europe,2021,Q3,548467,92,49.68,69.58,54,17.1,120,4.1,3713.0,Reported,Midscale,3,EUR,37.3891,-5.9845
TXN14414,4830,CHN07,Chennai,India,Asia Pacific,2020,Q2,742997,126,45.36,59.82,36,36.7,180,4.5,9832.0,Reported,Upscale,4,INR,13.0827,80.2707
TXN14415,4831,CHN09,Chiang Mai,Thailand,Asia Pacific,2019,Q3,2350858,182,141.96,169.32,78,26.0,180,4.4,6534.0,Reported,Upper-Upscale,4,THB,18.7883,98.9853
TXN14416,4832,CHN07,Sintra,Portugal,Europe,2024,Q1,3990240,163,110.84,148.3,68,18.4,400,4.5,11088.0,Reported,Upscale,4,EUR,38.7978,-9.3902
TXN14417,4833,CHN08,Rome,Italy,Europe,2022,Q1,810432,268,150.08,199.64,56,26.1,60,4.3,8740.0,Reported,Upscale,4,EUR,41.9028,12.4964
TXN14418,4834,CHN10,Tangier,Morocco,Africa,2020,Q2,3199778,322,125.58,145.69,39,36.2,280,4.8,6328.0,Reported,Luxury,5,MAD,35.7595,-5.833
TXN14419,4835,CHN05,Algarve,Portugal,Europe,2021,Q3,4626864,508,279.4,348.96,55,30.1,180,4.7,7995.0,Reported,Luxury,5,EUR,37.0194,-8.1383
TXN14420,2806,CHN08,Granada,Spain,Europe,2021,Q2,6924372,373,190.23,278.11,51,30.2,400,4.7,2494.0,Reported,Luxury,5,EUR,37.1773,-3.5986
TXN14421,4836,CHN10,Cannes,France,Europe,2024,Q1,1190700,189,132.3,179.83,70,32.4,100,4.6,12874.0,Reported,Upscale,4,EUR,43.5528,7.0174
TXN14422,4837,CHN05,Ras Al Khaimah,UAE,Middle East,2024,Q2,1717934,414,314.64,371.29,76,33.5,60,4.9,9354.0,Reported,Upper-Upscale,5,AED,25.8007,55.9762
TXN14423,4838,CHN02,Berlin,Germany,Europe,2022,Q1,3178035,399,235.41,278.09,59,18.4,150,4.9,7539.0,Reported,Upper-Upscale,5,EUR,52.52,13.405
TXN14424,4839,CHN01,Osaka,Japan,Asia Pacific,2023,Q2,1036035,165,113.85,142.57,69,22.8,100,4.4,13692.0,Reported,Upscale,4,JPY,34.6937,135.5023
TXN14425,4840,CHN07,Dresden,Germany,Europe,2024,Q1,1428840,63,45.36,64.53,72,8.9,350,3.9,4218.0,Reported,Economy,2,EUR,51.0509,13.7383
TXN14426,4402,CHN12,Riyadh,Saudi Arabia,Middle East,2021,Q3,3441407,347,170.03,212.07,49,41.6,220,4.6,7264.0,Reported,Upscale,4,SAR,24.6877,46.7219
TXN14427,4841,CHN01,Corfu,Greece,Europe,2023,Q2,2119208,328,232.88,331.18,71,31.6,100,4.7,7600.0,Reported,Upper-Upscale,5,EUR,39.6243,19.9217
TXN14428,4842,CHN10,Cascais,Portugal,Europe,2019,Q4,9412060,395,292.3,398.39,74,38.8,350,4.8,2157.0,Reported,Luxury,5,EUR,0.0,0.0
TXN14429,4843,CHN02,Strasbourg,France,Europe,2024,Q4,1298966,106,78.44,113.67,74,27.2,180,4.2,2980.0,Reported,Midscale,3,EUR,48.5734,7.7521
TXN14430,4844,CHN10,Xian,China,Asia Pacific,2022,Q3,5313331,752,481.28,613.17,64,28.4,120,4.9,1497.0,Reported,Luxury,5,CNY,34.3416,108.9398
TXN14431,4845,CHN01,Pattaya,Thailand,Asia Pacific,2019,Q2,1881152,323,258.4,351.78,80,29.9,80,4.9,2427.0,Reported,Upper-Upscale,5,THB,12.9236,100.8825
TXN14432,4846,CHN12,Salvador,Brazil,Americas,2022,Q2,7372966,682,450.12,596.96,66,25.0,180,4.6,11793.0,Reported,Luxury,5,BRL,-12.9714,-38.5014
TXN14433,3557,CHN06,Bath,UK,Europe,2025,Q2,263609,51,36.21,45.45,71,21.3,80,3.9,4990.0,Estimated,Economy,2,GBP,51.3811,-2.359
TXN14434,4796,CHN10,Langkawi,Malaysia,Asia Pacific,2022,Q3,3387118,157,105.19,129.79,67,22.5,350,4.5,7956.0,Reported,Upscale,4,MYR,6.35,99.8
TXN14435,2125,CHN05,Bangkok,Thailand,Asia Pacific,2025,Q4,5059080,564,366.6,425.77,65,31.8,150,4.7,11233.0,Estimated,Luxury,5,THB,13.7563,100.5018
TXN14436,2854,CHN12,Fortaleza,Brazil,Americas,2025,Q2,4551238,229,178.62,245.66,78,22.6,280,4.6,2043.0,Estimated,Upscale,4,BRL,-3.7319,-38.5267
TXN14437,4847,CHN01,Las Vegas,USA,Americas,2022,Q2,3050830,458,279.38,407.84,61,24.9,120,4.8,9486.0,Reported,Luxury,5,USD,36.1699,-115.1398
TXN14438,4848,CHN06,Azores,Portugal,Europe,2021,Q4,1101755,91,42.77,59.07,47,16.1,280,4.3,2371.0,Reported,Midscale,3,EUR,0.0,0.0
TXN14439,4849,CHN12,Sapa,Vietnam,Asia Pacific,2025,Q1,1165320,249,161.85,216.44,65,29.9,80,4.6,3266.0,Estimated,Upscale,4,VND,0.0,0.0
TXN14440,4850,CHN06,Orlando,USA,Americas,2021,Q1,1013760,128,51.2,70.08,40,40.8,220,4.3,1419.0,Reported,Upscale,4,USD,28.5383,-81.3792
TXN14441,4851,CHN12,Daegu,South Korea,Asia Pacific,2019,Q4,2581483,349,233.83,292.72,67,30.7,120,4.4,14047.0,Reported,Upscale,4,KRW,35.8714,128.6014
TXN14442,4852,CHN06,Rio de Janeiro,Brazil,Americas,2022,Q4,1731072,112,67.2,77.43,60,12.5,280,4.3,2805.0,Reported,Midscale,3,BRL,-22.9068,-43.1729
TXN14443,4530,CHN11,Jurong,Singapore,Asia Pacific,2024,Q2,762034,106,83.74,107.82,79,13.1,100,4.4,1645.0,Reported,Midscale,3,SGD,1.3404,103.709
TXN14444,4853,CHN01,Andong,South Korea,Asia Pacific,2025,Q4,2482896,346,224.9,257.3,65,32.5,120,4.6,7260.0,Estimated,Upper-Upscale,5,KRW,36.5684,128.7294
TXN14445,4854,CHN10,Ankara,Turkey,Europe/Middle East,2024,Q2,5197920,170,142.8,202.96,84,27.5,400,4.6,8594.0,Reported,Upscale,4,TRY,39.9334,32.8597
TXN14446,4855,CHN11,Cairns,Australia,Asia Pacific,2024,Q4,2965565,222,146.52,185.75,66,19.3,220,4.3,12301.0,Reported,Upscale,4,AUD,-16.9186,145.7781
TXN14447,4856,CHN02,Kuala Lumpur,Malaysia,Asia Pacific,2020,Q3,1585786,513,215.46,266.35,42,43.1,80,4.8,5266.0,Reported,Luxury,5,MYR,3.139,101.6869
TXN14448,4857,CHN07,Chefchaouen,Morocco,Africa,2021,Q3,750904,44,23.32,27.32,53,19.7,350,4.0,278.0,Reported,Economy,2,MAD,35.1688,-5.2636
TXN14449,4858,CHN03,Kota Kinabalu,Malaysia,Asia Pacific,2022,Q4,7219240,475,280.25,396.44,59,41.5,280,4.7,11554.0,Reported,Luxury,5,MYR,5.9788,116.0753
TXN14450,2506,CHN03,Canberra,Australia,Asia Pacific,2024,Q3,794512,127,107.95,154.08,85,18.7,80,,1387.0,Reported,Midscale,3,AUD,-35.2809,149.13
TXN14451,4859,CHN09,Manchester,UK,Europe,2021,Q2,554299,108,50.76,64.94,47,33.4,120,4.3,4973.0,Reported,Upscale,4,GBP,53.4808,-2.2426
TXN14452,4860,CHN11,Rio de Janeiro,Brazil,Americas,2019,Q4,1006848,95,60.8,85.99,64,25.5,180,4.1,4702.0,Reported,Midscale,3,BRL,-22.9068,-43.1729
TXN14453,4861,CHN04,Suzhou,China,Asia Pacific,2019,Q2,1242259,158,113.76,139.39,72,34.6,120,4.5,11922.0,Reported,Upscale,4,CNY,31.2983,120.5832
TXN14454,4466,CHN10,Nagoya,Japan,Asia Pacific,2019,Q4,2571878,156,99.84,117.36,64,43.2,280,4.6,8475.0,Reported,Upscale,4,JPY,35.1815,136.9066
TXN14455,4862,CHN10,Antalya,Turkey,Europe/Middle East,2022,Q2,4536896,779,498.56,684.97,64,36.4,100,4.8,14592.0,Reported,Luxury,5,TRY,36.8969,30.7133
TXN14456,4863,CHN02,Puebla,Mexico,Americas,2023,Q4,1289288,98,63.7,78.67,65,16.8,220,4.4,4623.0,Reported,Midscale,3,MXN,19.0414,-98.2063
TXN14457,4864,CHN06,Andong,South Korea,Asia Pacific,2020,Q3,622380,110,45.1,61.82,41,27.0,150,4.7,13835.0,Reported,Upscale,4,KRW,36.5684,128.7294
TXN14458,1421,CHN01,Oxford,UK,Europe,2022,Q2,4810624,256,151.04,213.89,59,30.0,350,4.7,9735.0,Reported,Upper-Upscale,5,GBP,51.752,-1.2577
TXN14459,1983,CHN01,Pamukkale,Turkey,Europe/Middle East,2019,Q2,2154880,296,236.8,286.64,80,30.6,100,4.9,8428.0,Reported,Upper-Upscale,5,TRY,37.9214,29.1189
TXN14460,4865,CHN09,Bodrum,Turkey,Europe/Middle East,2020,Q2,1140740,121,44.77,54.55,37,32.7,280,4.4,13316.0,Reported,Upper-Upscale,4,TRY,37.0344,27.4305
TXN14461,4866,CHN05,Brasilia,Brazil,Americas,2023,Q4,10725176,757,529.9,726.61,70,24.2,220,5.0,11204.0,Reported,Luxury,5,BRL,-15.7975,-47.8919
TXN14462,4867,CHN11,Porto,Portugal,Europe,2022,Q4,1982232,266,143.64,164.89,54,28.2,150,4.7,10141.0,Reported,Upper-Upscale,5,EUR,41.1579,-8.6291
TXN14463,4868,CHN02,Dammam,Saudi Arabia,Middle East,2025,Q1,376704,109,69.76,88.63,64,14.9,60,4.1,2196.0,Estimated,Midscale,3,SAR,26.4207,50.0888
TXN14464,4869,CHN08,Lyon,France,Europe,2020,Q3,3445722,261,107.01,130.73,41,26.5,350,4.8,8645.0,Reported,Luxury,5,EUR,45.764,4.8357
TXN14465,4870,CHN09,Manchester,UK,Europe,2022,Q4,841340,155,91.45,135.1,59,34.3,100,4.4,2429.0,Reported,Upper-Upscale,4,GBP,53.4808,-2.2426
TXN14466,4871,CHN04,Porto,Portugal,Europe,2021,Q1,4465440,443,177.2,236.29,40,39.5,280,4.6,13061.0,Reported,Luxury,5,EUR,41.1579,-8.6291
TXN14467,4400,CHN07,Fujairah,UAE,Middle East,2025,Q3,6397312,212,173.84,236.52,82,20.5,400,4.6,2800.0,Estimated,Upscale,4,AED,25.1288,56.3264
TXN14468,2259,CHN09,Jeju Island,South Korea,Asia Pacific,2023,Q3,6362720,325,247.0,286.08,76,43.5,280,4.8,1094.0,Reported,Luxury,5,KRW,33.4996,126.5312
TXN14469,4872,CHN02,Zhangjiajie,China,Asia Pacific,2021,Q1,898128,81,35.64,43.0,44,11.9,280,4.3,2928.0,Reported,Midscale,3,CNY,29.117,110.4793
TXN14470,4873,CHN01,Genting,Malaysia,Asia Pacific,2022,Q3,5217062,358,257.76,328.63,72,21.5,220,4.8,1836.0,Reported,Luxury,5,MYR,0.0,0.0
TXN14471,2496,CHN05,Valencia,Spain,Europe,2019,Q4,510490,102,69.36,90.92,68,13.5,80,4.1,2884.0,Reported,Midscale,3,EUR,39.4699,-0.3763
TXN14472,4874,CHN06,Bristol,UK,Europe,2022,Q1,432432,42,21.84,30.64,52,17.0,220,4.0,1609.0,Reported,Economy,2,GBP,51.4545,-2.5879
TXN14473,4875,CHN01,Liverpool,UK,Europe,2020,Q2,857002,218,78.48,106.35,36,42.5,120,4.9,7612.0,Reported,Upper-Upscale,5,GBP,53.4084,-2.9916
TXN14474,2043,CHN07,Andong,South Korea,Asia Pacific,2025,Q2,1193993,66,46.86,59.4,71,13.7,280,3.9,4409.0,Estimated,Economy,2,KRW,36.5684,128.7294
TXN14475,4589,CHN07,Makassar,Indonesia,Asia Pacific,2020,Q2,119246,56,21.84,31.8,39,22.6,60,4.2,3184.0,Reported,Midscale,3,IDR,0.0,0.0
TXN14476,4876,CHN08,Florianopolis,Brazil,Americas,2019,Q1,1854225,205,137.35,172.58,67,30.8,150,4.5,11757.0,Reported,Upscale,4,BRL,-27.5954,-48.548
TXN14477,4877,CHN12,Ayutthaya,Thailand,Asia Pacific,2023,Q1,4284324,349,216.38,301.47,62,43.1,220,4.5,12283.0,Reported,Upscale,4,THB,14.3532,100.5659
TXN14478,4878,CHN04,Tangier,Morocco,Africa,2023,Q2,1378868,122,84.18,96.78,69,17.6,180,4.3,3984.0,Reported,Midscale,3,MAD,35.7595,-5.833
TXN14479,4879,CHN07,Gyeongju,South Korea,Asia Pacific,2024,Q2,375757,93,68.82,97.86,74,14.0,60,4.2,2175.0,Reported,Midscale,3,KRW,35.8562,129.2247
TXN14480,4880,CHN12,Heidelberg,Germany,Europe,2019,Q4,5688452,242,176.66,243.41,73,39.7,350,4.4,3212.0,Reported,Upscale,4,EUR,49.3988,8.6724
TXN14481,2424,CHN12,Beijing,China,Asia Pacific,2022,Q1,3374568,919,468.69,679.85,51,26.6,80,4.8,12816.0,Reported,Luxury,5,CNY,39.9042,116.4074
TXN14482,4881,CHN03,Corfu,Greece,Europe,2021,Q4,2474478,417,179.31,253.06,43,38.7,150,4.8,4063.0,Reported,Luxury,5,EUR,39.6243,19.9217
TXN14483,2638,CHN12,Nha Trang,Vietnam,Asia Pacific,2023,Q3,1430784,128,103.68,117.42,81,25.8,150,4.1,746.0,Reported,Midscale,3,VND,12.2388,109.1967
TXN14484,4882,CHN01,Cascais,Portugal,Europe,2019,Q3,2309384,326,251.02,364.6,77,20.0,100,4.7,8540.0,Reported,Upper-Upscale,5,EUR,0.0,0.0
TXN14485,4883,CHN12,Ras Al Khaimah,UAE,Middle East,2020,Q1,1299888,531,180.54,216.27,34,41.9,80,4.8,12482.0,Reported,Luxury,5,AED,25.8007,55.9762
TXN14486,4884,CHN03,Dusseldorf,Germany,Europe,2023,Q3,14391468,1337,1042.86,1496.05,78,41.5,150,4.8,10233.0,Reported,Luxury,5,EUR,51.2217,6.7762
TXN14487,1592,CHN06,Bordeaux,France,Europe,2020,Q2,176904,36,12.96,18.69,36,14.8,150,4.1,4179.0,Reported,Economy,2,EUR,44.8378,-0.5792
TXN14488,4885,CHN02,Udaipur,India,Asia Pacific,2022,Q4,4874822,332,189.24,258.92,57,23.1,280,4.8,13045.0,Reported,Upper-Upscale,5,INR,24.5854,73.7125
TXN14489,3541,CHN09,Obidos,Portugal,Europe,2022,Q4,530288,131,72.05,82.79,55,26.0,80,4.4,8755.0,Reported,Upscale,4,EUR,0.0,0.0
TXN14490,4886,CHN05,Okinawa,Japan,Asia Pacific,2020,Q3,444544,151,60.4,73.1,40,39.4,80,4.7,5330.0,Reported,Upscale,4,JPY,26.2124,127.6809
TXN14491,4887,CHN02,Bristol,UK,Europe,2019,Q2,3134040,150,123.0,141.45,82,35.6,280,4.5,12452.0,Reported,Upscale,4,GBP,51.4545,-2.5879
TXN14492,4888,CHN02,Cascais,Portugal,Europe,2022,Q1,2067120,660,382.8,470.99,58,41.6,60,4.8,10827.0,Reported,Luxury,5,EUR,0.0,0.0
TXN14493,4889,CHN10,Orlando,USA,Americas,2025,Q2,2018671,158,123.24,145.9,78,42.9,180,4.4,14268.0,Estimated,Upscale,4,USD,28.5383,-81.3792
TXN14494,4890,CHN04,Bangkok,Thailand,Asia Pacific,2023,Q3,3220589,374,291.72,362.97,78,33.4,120,4.7,6903.0,Reported,Upper-Upscale,5,THB,13.7563,100.5018
TXN14495,4891,CHN10,Cambridge,UK,Europe,2025,Q4,922134,187,125.29,184.8,67,19.1,80,4.4,8331.0,Estimated,Upscale,4,GBP,52.2053,0.1218
TXN14496,4892,CHN01,Sentosa,Singapore,Asia Pacific,2020,Q4,4134830,659,204.29,239.55,31,34.9,220,5.0,4015.0,Reported,Luxury,5,SGD,1.2494,103.8303
TXN14497,1715,CHN11,London,UK,Europe,2021,Q4,668472,173,72.66,105.94,42,9.1,100,4.2,3986.0,Reported,Midscale,3,GBP,51.5074,-0.1278
TXN14498,4893,CHN10,Sapa,Vietnam,Asia Pacific,2023,Q4,2617437,583,355.63,441.6,61,26.6,80,4.6,11054.0,Reported,Luxury,5,VND,0.0,0.0
TXN14499,4894,CHN06,Bath,UK,Europe,2025,Q2,715806,69,52.44,76.68,76,12.4,150,3.9,354.0,Estimated,Economy,2,GBP,51.3811,-2.359
TXN14500,2931,CHN05,Evora,Portugal,Europe,2024,Q2,592301,113,81.36,108.78,72,25.2,80,4.3,1447.0,Reported,Midscale,3,EUR,0.0,0.0
TXN14501,4895,CHN03,Ayutthaya,Thailand,Asia Pacific,2025,Q4,23239642,1432,902.16,1012.09,63,40.8,280,4.7,8734.0,Estimated,Luxury,5,THB,14.3532,100.5659
TXN14502,4896,CHN02,Jeju Island,South Korea,Asia Pacific,2022,Q4,3331283,742,452.62,585.87,61,32.9,80,4.8,5799.0,Reported,Luxury,5,KRW,33.4996,126.5312
TXN14503,4897,CHN01,Washington DC,USA,Americas,2020,Q2,1863862,245,93.1,112.75,38,35.3,220,4.7,9595.0,Reported,Upper-Upscale,5,USD,38.9072,-77.0369
TXN14504,2654,CHN11,Brasilia,Brazil,Americas,2025,Q4,1564147,88,60.72,82.05,69,9.8,280,4.3,4048.0,Estimated,Midscale,3,BRL,-15.7975,-47.8919
TXN14505,3307,CHN12,JBR,UAE,Middle East,2021,Q1,1396800,97,38.8,51.61,40,16.3,400,4.3,2360.0,Reported,Midscale,3,AED,25.0777,55.1308
TXN14506,4898,CHN08,Barcelona,Spain,Europe,2025,Q3,8195544,303,254.52,304.76,84,40.1,350,4.7,13610.0,Estimated,Upscale,4,EUR,41.3851,2.1734
TXN14507,4285,CHN05,Kuching,Malaysia,Asia Pacific,2019,Q4,1369641,101,67.67,97.02,67,22.6,220,4.1,581.0,Reported,Midscale,3,MYR,1.5497,110.3626
TXN14508,4899,CHN01,Kanchanaburi,Thailand,Asia Pacific,2025,Q2,19235362,932,754.92,954.16,81,21.4,280,5.0,9421.0,Estimated,Luxury,5,THB,0.0,0.0
TXN14509,1511,CHN07,Seoul,South Korea,Asia Pacific,2024,Q2,3539390,292,216.08,276.86,74,18.7,180,4.6,10611.0,Reported,Upscale,4,KRW,37.5665,126.978
TXN14510,4900,CHN05,Chinatown,Singapore,Asia Pacific,2019,Q3,510214,117,92.43,108.51,79,18.4,60,4.3,653.0,Reported,Midscale,3,SGD,1.2826,103.8446
TXN14511,4901,CHN02,Naples,Italy,Europe,2020,Q4,853944,221,77.35,112.85,35,40.5,120,,6406.0,Reported,Upper-Upscale,4,EUR,40.8518,14.2681
TXN14512,4902,CHN07,Ha Long Bay,Vietnam,Asia Pacific,2020,Q2,1978704,151,54.36,70.16,36,41.8,400,4.4,9587.0,Reported,Upscale,4,VND,20.9101,107.1839
TXN14513,4150,CHN09,Perth,Australia,Asia Pacific,2021,Q3,756240,137,68.5,95.33,50,20.4,120,4.7,1498.0,Reported,Upscale,4,AUD,-31.9505,115.8605
TXN14514,4903,CHN04,Belem,Brazil,Americas,2019,Q1,1990224,271,184.28,266.29,68,38.8,120,4.5,13172.0,Reported,Upscale,4,BRL,-1.4558,-48.5044
TXN14515,4904,CHN08,Medan,Indonesia,Asia Pacific,2022,Q3,1774864,371,241.15,348.07,65,25.1,80,4.7,1472.0,Reported,Luxury,5,IDR,0.0,0.0
TXN14516,4905,CHN03,Leiden,Netherlands,Europe,2024,Q2,5208749,221,163.54,193.79,74,38.6,350,4.5,5977.0,Reported,Upscale,4,EUR,0.0,0.0
TXN14517,1048,CHN09,Fujairah,UAE,Middle East,2025,Q4,2948011,387,267.03,303.97,69,30.2,120,4.9,11034.0,Estimated,Luxury,5,AED,25.1288,56.3264
TXN14518,4906,CHN01,Casablanca,Morocco,Africa,2021,Q3,4795546,281,148.93,167.04,53,30.4,350,4.9,9147.0,Reported,Upper-Upscale,5,MAD,33.5731,-7.5898
TXN14519,4907,CHN10,Ibiza,Spain,Europe,2021,Q2,447283,128,61.44,74.38,48,42.0,80,4.5,13500.0,Reported,Upscale,4,EUR,38.9067,1.4206
TXN14520,4908,CHN06,Koh Samui,Thailand,Asia Pacific,2022,Q3,1049242,88,63.36,93.71,72,25.9,180,4.4,3482.0,Reported,Midscale,3,THB,9.512,100.0136
TXN14521,4909,CHN01,Ouarzazate,Morocco,Africa,2022,Q1,5777280,272,160.48,229.93,59,22.0,400,5.0,8140.0,Reported,Upper-Upscale,5,MAD,0.0,0.0
TXN14522,4910,CHN03,Zhangjiajie,China,Asia Pacific,2021,Q1,571212,82,35.26,46.22,43,27.4,180,4.2,2462.0,Reported,Midscale,3,CNY,29.117,110.4793
TXN14523,4911,CHN05,Guadalajara,Mexico,Americas,2025,Q1,2782080,552,386.4,534.85,70,37.5,80,5.0,11803.0,Estimated,Luxury,5,MXN,20.6597,-103.3496
TXN14524,4912,CHN11,Tokyo,Japan,Asia Pacific,2022,Q1,2893968,252,146.16,169.79,58,34.6,220,4.6,9197.0,Reported,Upscale,4,JPY,35.6762,139.6503
TXN14525,4913,CHN02,Mecca,Saudi Arabia,Middle East,2021,Q4,4160700,670,301.5,410.39,45,40.7,150,4.7,7055.0,Reported,Luxury,5,SAR,21.3891,39.8579
TXN14526,4914,CHN01,Sintra,Portugal,Europe,2021,Q1,3814272,352,151.36,174.22,43,32.2,280,4.9,13624.0,Reported,Luxury,5,EUR,38.7978,-9.3902
TXN14527,4915,CHN10,Ibiza,Spain,Europe,2025,Q2,1057420,166,116.2,163.59,70,35.8,100,4.6,9765.0,Estimated,Upscale,4,EUR,38.9067,1.4206
TXN14528,4916,CHN04,Medan,Indonesia,Asia Pacific,2024,Q2,2830828,404,311.08,408.05,77,36.6,100,4.9,2861.0,Reported,Upper-Upscale,5,IDR,0.0,0.0
TXN14529,1085,CHN12,Crete,Greece,Europe,2023,Q4,2448230,336,221.76,255.38,66,21.7,120,4.5,2132.0,Reported,Upscale,4,EUR,35.2401,24.8093
TXN14530,4917,CHN10,Hobart,Australia,Asia Pacific,2024,Q1,6087510,473,307.45,444.23,65,26.8,220,5.0,14567.0,Reported,Luxury,5,AUD,-42.8821,147.3272
TXN14531,4186,CHN08,Fortaleza,Brazil,Americas,2020,Q3,3373272,291,104.76,121.56,36,27.2,350,4.9,12281.0,Reported,Luxury,5,BRL,-3.7319,-38.5267
TXN14532,4918,CHN07,Lille,France,Europe,2020,Q1,161280,56,17.92,21.99,32,10.2,100,4.4,2703.0,Reported,Midscale,3,EUR,50.6292,3.0573
TXN14533,4919,CHN07,Los Cabos,Mexico,Americas,2022,Q1,273996,86,50.74,74.78,59,22.2,60,4.4,2023.0,Reported,Midscale,3,MXN,22.8905,-109.9167
TXN14534,4920,CHN04,Bangalore,India,Asia Pacific,2024,Q4,7897280,290,214.6,260.81,74,36.3,400,4.5,11803.0,Reported,Upscale,4,INR,12.9716,77.5946
TXN14535,4921,CHN09,Porto,Portugal,Europe,2022,Q1,702000,150,78.0,92.01,52,42.5,100,4.6,2186.0,Reported,Upscale,4,EUR,41.1579,-8.6291
TXN14536,4922,CHN07,Kochi,India,Asia Pacific,2020,Q3,553840,43,17.2,24.88,40,17.7,350,4.0,2845.0,Reported,Economy,2,INR,9.9312,76.2673
TXN14537,2222,CHN03,Barcelona,Spain,Europe,2023,Q4,961584,268,174.2,251.84,65,27.5,60,4.5,2568.0,Reported,Upper-Upscale,4,EUR,41.3851,2.1734
TXN14538,1801,CHN08,Rome,Italy,Europe,2024,Q1,5008608,682,463.76,527.16,68,21.1,120,4.6,4052.0,Reported,Luxury,5,EUR,41.9028,12.4964
TXN14539,4923,CHN12,Utrecht,Netherlands,Europe,2023,Q3,10987284,705,542.85,720.59,77,38.1,220,4.7,4750.0,Reported,Luxury,5,EUR,52.0907,5.1214
TXN14540,4924,CHN07,Stuttgart,Germany,Europe,2019,Q4,1764137,159,106.53,156.94,67,39.7,180,4.6,9984.0,Reported,Upscale,4,EUR,48.7758,9.1829
TXN14541,4925,CHN10,Sapa,Vietnam,Asia Pacific,2023,Q1,2524284,159,100.17,130.16,63,20.1,280,4.6,10412.0,Reported,Upscale,4,VND,0.0,0.0
TXN14542,3013,CHN03,Lyon,France,Europe,2025,Q1,3555720,581,395.08,542.55,68,36.5,100,4.8,1979.0,Estimated,Luxury,5,EUR,45.764,4.8357
TXN14543,4926,CHN07,Ayutthaya,Thailand,Asia Pacific,2021,Q2,521703,78,38.22,43.62,49,19.7,150,4.2,2001.0,Reported,Midscale,3,THB,14.3532,100.5659
TXN14544,4373,CHN06,Strasbourg,France,Europe,2025,Q4,1339842,57,41.61,58.75,73,15.4,350,4.0,,Estimated,Economy,2,EUR,48.5734,7.7521
TXN14545,4927,CHN04,Penang,Malaysia,Asia Pacific,2020,Q3,855821,408,155.04,215.55,38,42.1,60,4.9,7969.0,Reported,Luxury,5,MYR,5.4141,100.3288
TXN14546,4928,CHN09,Komodo,Indonesia,Asia Pacific,2020,Q3,1799741,234,88.92,103.01,38,24.1,220,4.7,12511.0,Reported,Luxury,5,IDR,0.0,0.0
TXN14547,4929,CHN10,Hanoi,Vietnam,Asia Pacific,2022,Q3,2026282,114,78.66,109.59,69,27.8,280,4.3,11276.0,Reported,Upscale,4,VND,21.0285,105.8542
TXN14548,4930,CHN12,Marseille,France,Europe,2019,Q2,5733000,210,157.5,203.01,75,31.3,400,4.6,13519.0,Reported,Upscale,4,EUR,43.2965,5.3698
TXN14549,4931,CHN11,Puebla,Mexico,Americas,2023,Q2,2590042,107,81.32,97.47,76,23.5,350,4.3,1514.0,Reported,Midscale,3,MXN,19.0414,-98.2063
TXN14550,1303,CHN03,Marrakech,Morocco,Africa,2023,Q3,1768166,208,160.16,197.25,77,31.2,120,4.6,4524.0,Reported,Upscale,4,MAD,31.6295,-7.9811
TXN14551,4932,CHN05,Sydney,Australia,Asia Pacific,2024,Q2,7514325,1101,825.75,1067.5,75,29.6,100,4.8,2422.0,Reported,Luxury,5,AUD,-33.8688,151.2093
TXN14552,4933,CHN10,Bordeaux,France,Europe,2025,Q3,2584243,168,127.68,174.86,76,31.8,220,4.5,12844.0,Estimated,Upscale,4,EUR,44.8378,-0.5792
TXN14553,4934,CHN10,Varanasi,India,Asia Pacific,2025,Q1,5648940,634,418.44,609.61,66,33.2,150,5.0,7485.0,Estimated,Luxury,5,INR,25.3176,82.9739
TXN14554,4935,CHN02,Chengdu,China,Asia Pacific,2025,Q3,3515136,398,318.4,408.14,80,36.3,120,4.7,4063.0,Estimated,Upper-Upscale,5,CNY,30.5728,104.0668
TXN14555,4936,CHN05,Guangzhou,China,Asia Pacific,2021,Q4,6888960,390,187.2,251.25,48,27.0,400,5.0,5527.0,Reported,Luxury,5,CNY,23.1291,113.2644
TXN14556,4937,CHN09,Lombok,Indonesia,Asia Pacific,2023,Q4,2074968,179,125.3,184.53,70,39.1,180,4.6,7660.0,Reported,Upper-Upscale,4,IDR,-8.5833,116.35
TXN14557,4938,CHN05,Surabaya,Indonesia,Asia Pacific,2019,Q3,5417742,473,392.59,463.79,83,26.7,150,4.7,4787.0,Reported,Luxury,5,IDR,-7.2575,112.7521
TXN14558,4939,CHN06,Mexico City,Mexico,Americas,2024,Q4,1313760,175,119.0,149.54,68,36.8,120,4.6,4774.0,Reported,Upscale,4,MXN,19.4326,-99.1332
TXN14559,4940,CHN08,New Orleans,USA,Americas,2021,Q2,1524432,349,167.52,237.12,48,33.5,100,4.9,4601.0,Reported,Luxury,5,USD,29.9511,-90.0715
TXN14560,4941,CHN04,Mecca,Saudi Arabia,Middle East,2025,Q2,628992,96,69.12,94.91,72,23.6,100,4.1,3830.0,Estimated,Economy,2,SAR,21.3891,39.8579
TXN14561,1103,CHN06,Rhodes,Greece,Europe,2021,Q3,348864,79,37.92,48.94,48,16.1,100,4.2,1818.0,Reported,Midscale,3,EUR,36.4349,28.2176
TXN14562,4942,CHN11,Leiden,Netherlands,Europe,2021,Q4,494132,131,53.71,72.47,41,20.3,100,4.6,1759.0,Reported,Upscale,4,EUR,0.0,0.0
TXN14563,4943,CHN11,Medan,Indonesia,Asia Pacific,2022,Q2,524160,90,57.6,64.85,64,24.6,100,4.1,1987.0,Reported,Midscale,3,IDR,0.0,0.0
TXN14564,4944,CHN03,Hiroshima,Japan,Asia Pacific,2020,Q1,1623780,388,120.28,145.27,31,18.0,150,4.9,14307.0,Reported,Luxury,5,JPY,34.3853,132.4553
TXN14565,2837,CHN03,Jeju Island,South Korea,Asia Pacific,2020,Q1,3024000,375,120.0,172.33,32,28.1,280,4.6,5619.0,Reported,Luxury,5,KRW,33.4996,126.5312
TXN14566,4945,CHN01,Bodrum,Turkey,Europe/Middle East,2022,Q3,3016570,276,182.16,229.86,66,43.9,180,4.9,11067.0,Reported,Upper-Upscale,5,TRY,37.0344,27.4305
TXN14567,2050,CHN05,Rabat,Morocco,Africa,2024,Q4,10817268,509,335.94,460.39,66,40.6,350,4.7,11304.0,Reported,Luxury,5,MAD,33.9716,-6.8498
TXN14568,1081,CHN09,Canberra,Australia,Asia Pacific,2023,Q1,2192256,173,110.72,151.22,64,35.9,220,4.5,7515.0,Reported,Upper-Upscale,4,AUD,-35.2809,149.13
TXN14569,4946,CHN04,Gyeongju,South Korea,Asia Pacific,2023,Q3,3145296,165,122.1,167.14,74,29.1,280,4.5,4900.0,Reported,Upscale,4,KRW,35.8562,129.2247
TXN14570,4947,CHN05,Los Angeles,USA,Americas,2023,Q2,3138736,737,574.86,835.37,78,24.3,60,4.8,4149.0,Reported,Luxury,5,USD,34.0522,-118.2437
TXN14571,4948,CHN05,Malaga,Spain,Europe,2021,Q2,288288,88,39.6,50.56,45,8.2,80,4.1,2075.0,Reported,Midscale,3,EUR,36.7213,-4.4214
TXN14572,4949,CHN06,York,UK,Europe,2023,Q1,317952,92,58.88,69.48,64,22.1,60,4.1,3434.0,Reported,Midscale,3,GBP,53.96,-1.0873
TXN14573,2508,CHN06,Johor Bahru,Malaysia,Asia Pacific,2022,Q3,884304,89,64.08,90.46,72,21.2,150,4.4,2895.0,Reported,Midscale,3,MYR,1.4927,103.7414
TXN14574,4950,CHN04,New York,USA,Americas,2025,Q4,3864828,1045,700.15,842.32,67,41.9,60,4.6,14630.0,Estimated,Luxury,5,USD,40.7128,-74.006
TXN14575,4951,CHN06,Tokyo,Japan,Asia Pacific,2019,Q1,2844576,166,112.88,132.13,68,11.5,280,4.3,978.0,Reported,Midscale,3,JPY,35.6762,139.6503
TXN14576,4716,CHN06,Marina Bay,Singapore,Asia Pacific,2023,Q2,1723722,164,126.28,182.37,77,16.6,150,4.3,1718.0,Reported,Midscale,3,SGD,1.2819,103.8636
TXN14577,4952,CHN06,Ras Al Khaimah,UAE,Middle East,2023,Q3,1766400,64,48.0,69.54,75,11.5,400,4.1,373.0,Reported,Economy,2,AED,25.8007,55.9762
TXN14578,4402,CHN12,Riyadh,Saudi Arabia,Middle East,2025,Q1,4292352,414,264.96,332.97,64,42.1,180,4.5,11692.0,Estimated,Upscale,4,SAR,24.6877,46.7219
TXN14579,1436,CHN12,San Francisco,USA,Americas,2021,Q1,2995542,369,151.29,206.72,41,20.6,220,4.5,,Reported,Upscale,4,USD,37.7749,-122.4194
TXN14580,4953,CHN10,Natal,Brazil,Americas,2024,Q2,2262488,195,165.75,203.5,85,32.1,150,4.6,12169.0,Reported,Upscale,4,BRL,-5.7945,-35.211
TXN14581,4954,CHN01,Lyon,France,Europe,2023,Q3,1954963,466,354.16,517.92,76,41.6,60,4.9,6810.0,Reported,Luxury,5,EUR,45.764,4.8357
TXN14582,4955,CHN05,Leipzig,Germany,Europe,2025,Q1,10708425,523,339.95,415.29,65,33.9,350,4.9,7245.0,Estimated,Luxury,5,EUR,51.3397,12.3731
TXN14583,4956,CHN01,Ipoh,Malaysia,Asia Pacific,2021,Q1,3124800,248,99.2,123.78,40,35.3,350,5.0,8920.0,Reported,Upper-Upscale,5,MYR,4.5975,101.0901
TXN14584,4957,CHN04,Naples,Italy,Europe,2025,Q2,1791244,76,56.24,68.75,74,16.7,350,3.9,3457.0,Estimated,Economy,2,EUR,40.8518,14.2681
TXN14585,4958,CHN04,Phuket,Thailand,Asia Pacific,2020,Q1,1627776,471,150.72,170.35,32,36.9,120,5.0,14215.0,Reported,Luxury,5,THB,7.8804,98.3923
TXN14586,4959,CHN05,Cologne,Germany,Europe,2021,Q4,1031688,178,74.76,87.61,42,41.5,150,4.4,4480.0,Reported,Upscale,4,EUR,50.9333,6.95
TXN14587,4960,CHN09,Jaipur,India,Asia Pacific,2022,Q2,3760757,289,187.85,257.24,65,33.9,220,4.8,5696.0,Reported,Luxury,5,INR,26.9124,75.7873
TXN14588,4961,CHN06,Hobart,Australia,Asia Pacific,2025,Q3,1125546,67,55.61,64.86,83,8.4,220,4.0,541.0,Estimated,Economy,2,AUD,-42.8821,147.3272
TXN14589,4962,CHN04,Al Ain,UAE,Middle East,2023,Q2,2563142,326,234.72,312.96,72,21.4,120,,12105.0,Reported,Upscale,4,AED,24.2075,55.7447
TXN14590,4963,CHN07,Miami,USA,Americas,2023,Q2,5249244,209,144.21,178.92,69,29.3,400,4.6,5309.0,Reported,Upscale,4,USD,25.7617,-80.1918
TXN14591,4964,CHN02,Maastricht,Netherlands,Europe,2021,Q3,1062600,66,33.0,44.82,50,20.2,350,4.2,287.0,Reported,Midscale,3,EUR,50.8514,5.691
TXN14592,2080,CHN08,Salvador,Brazil,Americas,2020,Q2,325744,157,59.66,80.27,38,32.2,60,4.4,,Reported,Upscale,4,BRL,-12.9714,-38.5014
TXN14593,4965,CHN12,Playa del Carmen,Mexico,Americas,2023,Q4,3501152,142,95.14,120.83,67,16.3,400,4.4,3749.0,Reported,Midscale,3,MXN,20.6296,-87.0739
TXN14594,4966,CHN04,Nagoya,Japan,Asia Pacific,2019,Q1,3956400,628,439.6,504.25,70,29.0,100,4.8,8509.0,Reported,Luxury,5,JPY,35.1815,136.9066
TXN14595,4967,CHN02,Ibiza,Spain,Europe,2025,Q3,22818208,721,620.06,899.8,86,19.0,400,4.7,14326.0,Estimated,Luxury,5,EUR,38.9067,1.4206
TXN14596,4968,CHN11,Rome,Italy,Europe,2019,Q3,3267012,114,101.46,146.73,89,12.2,350,4.4,361.0,Reported,Midscale,3,EUR,41.9028,12.4964
TXN14597,4969,CHN10,Rome,Italy,Europe,2019,Q3,1037098,183,140.91,164.46,77,27.3,80,4.5,7688.0,Reported,Upscale,4,EUR,41.9028,12.4964
TXN14598,4970,CHN06,Marina Bay,Singapore,Asia Pacific,2020,Q2,259896,56,19.04,24.82,34,16.9,150,4.0,1629.0,Reported,Economy,2,SGD,1.2819,103.8636
TXN14599,4971,CHN08,Surabaya,Indonesia,Asia Pacific,2025,Q3,3817632,494,414.96,566.56,84,29.0,100,4.9,1415.0,Estimated,Luxury,5,IDR,-7.2575,112.7521
TXN14600,4972,CHN04,Liverpool,UK,Europe,2022,Q1,1064448,264,147.84,180.41,56,23.3,80,4.6,1542.0,Reported,Upscale,4,GBP,53.4084,-2.9916
TXN14601,4973,CHN06,Udaipur,India,Asia Pacific,2023,Q4,1706342,96,66.24,88.12,69,19.0,280,4.2,626.0,Reported,Midscale,3,INR,24.5854,73.7125
TXN14602,4175,CHN01,Oaxaca,Mexico,Americas,2019,Q2,633360,116,87.0,119.84,75,23.9,80,4.2,396.0,Reported,Upscale,3,MXN,17.0732,-96.7266
TXN14603,4974,CHN10,Delhi,India,Asia Pacific,2025,Q1,9572904,869,590.92,856.35,68,34.0,180,4.9,10857.0,Estimated,Luxury,5,INR,28.6139,77.209
TXN14604,4975,CHN05,Zakynthos,Greece,Europe,2019,Q1,3334500,570,370.5,478.87,65,30.6,100,5.0,2188.0,Reported,Luxury,5,EUR,37.7902,20.9051
TXN14605,4976,CHN10,Kochi,India,Asia Pacific,2020,Q4,3784880,550,187.0,268.43,34,18.6,220,4.7,14372.0,Reported,Luxury,5,INR,9.9312,76.2673
TXN14606,4977,CHN10,Fez,Morocco,Africa,2019,Q2,2501262,419,343.58,488.06,82,35.2,80,,13882.0,Reported,Luxury,5,MAD,34.0181,-5.0078
TXN14607,4978,CHN04,Bandung,Indonesia,Asia Pacific,2024,Q4,1338876,126,97.02,130.22,77,25.8,150,4.4,2352.0,Reported,Midscale,3,IDR,-6.9175,107.6191
TXN14608,3747,CHN10,Leipzig,Germany,Europe,2022,Q4,1647315,361,223.82,285.42,62,29.5,80,4.6,9178.0,Reported,Luxury,5,EUR,51.3397,12.3731
TXN14609,4979,CHN06,Osaka,Japan,Asia Pacific,2019,Q2,334006,62,45.88,65.6,74,9.6,80,4.1,4023.0,Reported,Economy,2,JPY,34.6937,135.5023
TXN14610,4980,CHN06,Casablanca,Morocco,Africa,2021,Q1,192726,83,35.69,46.46,43,19.0,60,4.3,2377.0,Reported,Midscale,3,MAD,33.5731,-7.5898
TXN14611,4981,CHN09,Las Vegas,USA,Americas,2020,Q2,2443532,274,95.9,134.8,35,30.1,280,4.8,9362.0,Reported,Luxury,5,USD,36.1699,-115.1398
TXN14612,4982,CHN10,Amsterdam,Netherlands,Europe,2023,Q2,16744728,1230,836.4,1124.81,68,20.2,220,4.6,12095.0,Reported,Luxury,5,EUR,52.3676,4.9041
TXN14613,4983,CHN03,Lille,France,Europe,2025,Q4,2921184,126,90.72,129.17,72,19.1,350,4.4,3105.0,Estimated,Midscale,3,EUR,50.6292,3.0573
TXN14614,3314,CHN11,Corfu,Greece,Europe,2023,Q4,3018557,189,117.18,163.98,62,38.5,280,4.5,2252.0,Reported,Upscale,4,EUR,39.6243,19.9217
TXN14615,3822,CHN11,Azores,Portugal,Europe,2022,Q3,4138086,251,160.64,215.94,64,34.5,280,,10829.0,Reported,Upper-Upscale,5,EUR,0.0,0.0
TXN14616,4984,CHN05,Jeddah,Saudi Arabia,Middle East,2024,Q4,4493280,814,610.5,837.82,75,26.1,80,4.6,13296.0,Reported,Luxury,5,SAR,21.5433,39.1728
TXN14617,4985,CHN02,Bilbao,Spain,Europe,2020,Q2,7147140,561,196.35,236.8,35,26.3,400,4.9,9082.0,Reported,Luxury,5,EUR,43.263,-2.935
TXN14618,4707,CHN06,Malacca,Malaysia,Asia Pacific,2019,Q4,450708,69,48.99,63.2,71,22.9,100,4.0,3341.0,Reported,Economy,2,MYR,2.1896,102.2501
TXN14619,2183,CHN07,Florence,Italy,Europe,2019,Q4,628618,52,37.96,49.76,73,20.4,180,4.0,944.0,Reported,Economy,2,EUR,43.7696,11.2558
TXN14620,4986,CHN01,Miami,USA,Americas,2020,Q4,7129338,814,276.76,353.95,34,33.2,280,4.8,1493.0,Reported,Luxury,5,USD,25.7617,-80.1918
TXN14621,4987,CHN10,Delphi,Greece,Europe,2024,Q1,839808,162,116.64,162.82,72,29.9,80,4.6,3688.0,Reported,Upscale,4,EUR,0.0,0.0
TXN14622,4988,CHN03,Izmir,Turkey,Europe/Middle East,2020,Q2,878077,129,43.86,61.57,34,38.8,220,4.6,9593.0,Reported,Upper-Upscale,4,TRY,38.4192,27.1287
TXN14623,4989,CHN01,Birmingham,UK,Europe,2022,Q4,4871216,305,189.1,264.83,62,35.3,280,4.9,12985.0,Reported,Upper-Upscale,5,GBP,52.4862,-1.8904
TXN14624,3856,CHN02,Recife,Brazil,Americas,2020,Q2,464064,61,23.18,27.9,38,24.4,220,4.2,4552.0,Reported,Midscale,3,BRL,-8.0476,-34.877
TXN14625,4990,CHN07,Leipzig,Germany,Europe,2025,Q1,1210950,207,134.55,168.15,65,29.7,100,4.5,,Estimated,Upscale,4,EUR,51.3397,12.3731
TXN14626,4991,CHN08,Clarke Quay,Singapore,Asia Pacific,2022,Q2,3190414,371,233.73,301.89,63,30.7,150,4.8,1153.0,Reported,Luxury,5,SGD,1.2906,103.8467
TXN14627,4992,CHN12,Sapa,Vietnam,Asia Pacific,2021,Q1,732240,113,45.2,63.54,40,18.0,180,,4212.0,Reported,Midscale,3,VND,0.0,0.0
TXN14628,4993,CHN02,Deira,UAE,Middle East,2021,Q1,430920,76,31.92,36.01,42,25.4,150,4.4,227.0,Reported,Midscale,3,AED,25.2697,55.3095
TXN14629,4994,CHN05,Pattaya,Thailand,Asia Pacific,2021,Q3,10218670,577,317.35,375.07,55,29.9,350,4.7,1561.0,Reported,Luxury,5,THB,12.9236,100.8825
TXN14630,4995,CHN07,Cambridge,UK,Europe,2020,Q2,479606,122,43.92,55.12,36,26.9,120,4.7,6216.0,Reported,Upscale,4,GBP,52.2053,0.1218
TXN14631,2239,CHN12,Medina,Saudi Arabia,Middle East,2023,Q4,1155226,327,209.28,273.77,64,41.6,60,4.4,1960.0,Reported,Upscale,4,SAR,24.5247,39.5692
TXN14632,4206,CHN09,Jurong,Singapore,Asia Pacific,2025,Q3,5639186,211,175.13,218.88,83,18.6,350,4.6,13511.0,Estimated,Upper-Upscale,4,SGD,1.3404,103.709
TXN14633,4577,CHN11,Marmaris,Turkey,Europe/Middle East,2019,Q2,569878,103,78.28,94.24,76,24.7,80,4.2,2681.0,Reported,Midscale,3,TRY,36.8551,28.2553
TXN14634,4996,CHN05,Jurong,Singapore,Asia Pacific,2019,Q2,6530160,230,179.4,258.21,78,22.2,400,,10342.0,Reported,Upscale,4,SGD,1.3404,103.709
TXN14635,2820,CHN08,Guilin,China,Asia Pacific,2019,Q1,1321920,216,146.88,189.67,68,29.0,100,4.4,13116.0,Reported,Upscale,4,CNY,25.2736,110.2907
TXN14636,4637,CHN03,Hong Kong,China,Asia Pacific,2020,Q2,383838,111,42.18,55.94,38,24.3,100,4.3,624.0,Reported,Midscale,3,CNY,22.3193,114.1694
TXN14637,4997,CHN02,Fukuoka,Japan,Asia Pacific,2021,Q3,1298304,72,35.28,43.38,49,23.0,400,4.1,4260.0,Reported,Midscale,3,JPY,33.5904,130.4017
TXN14638,4998,CHN04,NEOM,Saudi Arabia,Middle East,2023,Q3,9223368,372,286.44,331.58,77,32.4,350,4.9,11399.0,Reported,Upper-Upscale,5,SAR,0.0,0.0
TXN14639,4999,CHN01,Koh Samui,Thailand,Asia Pacific,2020,Q2,1586894,173,62.28,76.59,36,36.0,280,4.4,10186.0,Reported,Upper-Upscale,4,THB,9.512,100.0136
TXN14640,5000,CHN01,Ibiza,Spain,Europe,2025,Q3,586445,128,106.24,137.43,83,34.6,60,4.5,5686.0,Estimated,Upscale,4,EUR,38.9067,1.4206
TXN14641,1136,CHN11,Guadalajara,Mexico,Americas,2019,Q2,1835379,166,134.46,155.09,81,26.8,150,4.4,13343.0,Reported,Upscale,4,MXN,20.6597,-103.3496
TXN14642,5001,CHN07,Ouarzazate,Morocco,Africa,2020,Q2,230303,111,42.18,53.94,38,32.7,60,4.7,5772.0,Reported,Upscale,4,MAD,0.0,0.0
TXN14643,5002,CHN10,Lyon,France,Europe,2022,Q3,1451153,127,87.63,112.12,69,43.1,180,4.4,1250.0,Reported,Upscale,4,EUR,45.764,4.8357
TXN14644,5003,CHN11,Athens,Greece,Europe,2022,Q2,2530710,309,185.4,228.67,60,42.0,150,5.0,14021.0,Reported,Upper-Upscale,5,EUR,37.9838,23.7275
TXN14645,5004,CHN12,Ipoh,Malaysia,Asia Pacific,2025,Q4,7797920,326,211.9,294.44,65,23.2,400,4.7,10407.0,Estimated,Upscale,4,MYR,4.5975,101.0901
TXN14646,1257,CHN11,Delhi,India,Asia Pacific,2025,Q4,1755802,96,68.16,80.72,71,11.0,280,4.2,3909.0,Estimated,Midscale,3,INR,28.6139,77.209
TXN14647,5005,CHN09,Evora,Portugal,Europe,2020,Q4,528264,116,38.28,54.23,33,29.7,150,4.5,11417.0,Reported,Upscale,4,EUR,0.0,0.0
TXN14648,5006,CHN06,San Sebastian,Spain,Europe,2020,Q3,520978,66,25.74,30.47,39,15.9,220,4.1,3983.0,Reported,Midscale,3,EUR,43.3183,-1.9812
TXN14649,5007,CHN08,Bristol,UK,Europe,2024,Q4,2357316,219,142.35,197.1,65,33.6,180,4.4,3927.0,Reported,Upscale,4,GBP,51.4545,-2.5879
TXN14650,5008,CHN02,Munich,Germany,Europe,2024,Q4,19636848,924,609.84,849.25,66,26.7,350,4.8,11681.0,Reported,Luxury,5,EUR,48.1351,11.582
TXN14651,5009,CHN09,Tangier,Morocco,Africa,2023,Q4,3456992,176,107.36,121.92,61,20.1,350,4.7,8764.0,Reported,Upper-Upscale,4,MAD,35.7595,-5.833
TXN14652,5010,CHN01,Chicago,USA,Americas,2022,Q1,1342440,339,186.45,243.93,55,20.6,80,4.7,13055.0,Reported,Upper-Upscale,5,USD,41.8781,-87.6298
TXN14653,1166,CHN08,Marseille,France,Europe,2021,Q3,884083,286,160.16,192.5,56,32.3,60,4.8,13976.0,Reported,Luxury,5,EUR,43.2965,5.3698
TXN14654,5011,CHN06,London,UK,Europe,2021,Q4,375084,151,67.95,87.09,45,18.9,60,4.4,1990.0,Reported,Midscale,3,GBP,51.5074,-0.1278
TXN14655,5012,CHN06,Stuttgart,Germany,Europe,2019,Q4,1901861,107,73.83,99.25,69,27.4,280,4.4,4127.0,Reported,Midscale,3,EUR,48.7758,9.1829
TXN14656,5013,CHN09,Porto,Portugal,Europe,2021,Q4,2616480,158,71.1,85.99,45,22.8,400,4.4,1257.0,Reported,Upper-Upscale,4,EUR,41.1579,-8.6291
TXN14657,5014,CHN09,Istanbul,Turkey,Europe/Middle East,2023,Q2,826207,194,151.32,211.15,78,33.1,60,4.5,6365.0,Reported,Upscale,4,TRY,41.0082,28.9784
TXN14658,1417,CHN08,New York,USA,Americas,2020,Q1,620136,297,86.13,119.92,29,26.1,80,4.6,8304.0,Reported,Upscale,4,USD,40.7128,-74.006
TXN14659,5015,CHN05,Ayutthaya,Thailand,Asia Pacific,2020,Q4,2181872,308,107.8,120.99,35,35.7,220,4.6,2095.0,Reported,Luxury,5,THB,14.3532,100.5659
TXN14660,5016,CHN07,Fujairah,UAE,Middle East,2021,Q2,491400,75,36.0,52.24,48,16.7,150,4.2,3439.0,Reported,Midscale,3,AED,25.1288,56.3264
TXN14661,5017,CHN11,Osaka,Japan,Asia Pacific,2023,Q3,2000669,221,181.22,248.41,82,23.5,120,4.5,12539.0,Reported,Upscale,4,JPY,34.6937,135.5023
TXN14662,5018,CHN12,Miami,USA,Americas,2025,Q3,2379120,431,323.25,366.86,75,32.6,80,4.6,4303.0,Estimated,Upscale,4,USD,25.7617,-80.1918
TXN14663,5019,CHN04,Obidos,Portugal,Europe,2025,Q4,9435888,555,366.3,504.51,66,43.0,280,4.9,4379.0,Estimated,Luxury,5,EUR,0.0,0.0
TXN14664,5020,CHN03,Lisbon,Portugal,Europe,2024,Q2,2383836,295,218.3,274.1,74,25.6,120,4.5,1548.0,Reported,Upscale,4,EUR,38.7223,-9.1393
TXN14665,4118,CHN04,Recife,Brazil,Americas,2023,Q3,930010,108,84.24,94.72,78,23.3,120,4.3,2585.0,Reported,Midscale,3,BRL,-8.0476,-34.877
TXN14666,5021,CHN12,Barcelona,Spain,Europe,2019,Q1,6143346,437,310.27,439.25,71,42.9,220,4.4,10688.0,Reported,Upscale,4,EUR,41.3851,2.1734
TXN14667,5022,CHN04,Jakarta,Indonesia,Asia Pacific,2023,Q3,19144096,703,520.22,727.72,74,23.4,400,4.7,8948.0,Reported,Luxury,5,IDR,-6.2088,106.8456
TXN14668,5023,CHN03,Hangzhou,China,Asia Pacific,2022,Q3,3886540,170,120.7,170.81,71,38.3,350,4.6,1937.0,Reported,Upscale,4,CNY,30.2741,120.1551
TXN14669,5024,CHN08,Jeddah,Saudi Arabia,Middle East,2019,Q2,4473706,569,409.68,460.8,72,22.2,120,4.7,,Reported,Luxury,5,SAR,21.5433,39.1728
TXN14670,5025,CHN04,Abha,Saudi Arabia,Middle East,2022,Q2,4063550,886,558.18,703.9,63,27.5,80,4.9,14115.0,Reported,Luxury,5,SAR,18.2164,42.5053
TXN14671,5026,CHN06,Sentosa,Singapore,Asia Pacific,2023,Q1,331776,48,30.72,39.83,64,8.5,120,4.1,4666.0,Reported,Economy,2,SGD,1.2494,103.8303
TXN14672,5027,CHN04,Guadalajara,Mexico,Americas,2021,Q4,584237,54,22.68,29.68,42,22.5,280,4.0,2101.0,Reported,Economy,2,MXN,20.6597,-103.3496
TXN14673,5028,CHN01,Fortaleza,Brazil,Americas,2025,Q2,550368,126,100.8,116.91,80,19.1,60,4.1,3830.0,Estimated,Upscale,3,BRL,-3.7319,-38.5267
TXN14674,5029,CHN02,Penang,Malaysia,Asia Pacific,2021,Q1,3638250,275,115.5,153.88,42,19.1,350,4.9,1408.0,Reported,Upper-Upscale,5,MYR,5.4141,100.3288
TXN14675,5030,CHN04,Hue,Vietnam,Asia Pacific,2020,Q4,417312,84,25.2,33.06,30,24.8,180,4.4,4808.0,Reported,Midscale,3,VND,16.4637,107.5909
TXN14676,5031,CHN06,Merida,Mexico,Americas,2020,Q2,835016,62,22.94,30.69,37,24.6,400,4.2,4443.0,Reported,Midscale,3,MXN,20.9674,-89.5926
TXN14677,5032,CHN03,Penang,Malaysia,Asia Pacific,2024,Q4,7698836,1249,836.83,1196.86,67,32.0,100,4.9,14212.0,Reported,Luxury,5,MYR,5.4141,100.3288
TXN14678,5033,CHN07,Shanghai,China,Asia Pacific,2025,Q2,420420,75,57.75,81.62,77,23.3,80,3.9,2266.0,Estimated,Economy,2,CNY,31.2304,121.4737
TXN14679,5034,CHN03,Edinburgh,UK,Europe,2021,Q3,592186,149,80.46,115.15,54,27.7,80,4.6,8588.0,Reported,Upper-Upscale,4,GBP,55.9533,-3.1883
TXN14680,1227,CHN12,Verona,Italy,Europe,2019,Q3,1656662,122,100.04,120.24,82,27.5,180,4.1,2348.0,Reported,Midscale,3,EUR,45.4384,10.9916
TXN14681,5035,CHN01,Phuket,Thailand,Asia Pacific,2020,Q1,581040,269,80.7,105.7,30,36.6,80,5.0,13919.0,Reported,Luxury,5,THB,7.8804,98.3923
TXN14682,5036,CHN08,Dubai,UAE,Middle East,2021,Q4,2769715,256,107.52,125.65,42,24.6,280,4.4,1150.0,Reported,Upscale,4,AED,25.2048,55.2708
TXN14683,2191,CHN10,Ankara,Turkey,Europe/Middle East,2021,Q3,376022,131,68.12,78.66,52,21.4,60,4.6,12081.0,Reported,Upscale,4,TRY,39.9334,32.8597
TXN14684,3621,CHN12,Genting,Malaysia,Asia Pacific,2023,Q1,1033560,319,191.4,247.78,60,27.1,60,4.7,10722.0,Reported,Upscale,4,MYR,0.0,0.0
TXN14685,5037,CHN02,Busan,South Korea,Asia Pacific,2019,Q4,4269720,255,165.75,243.61,65,21.3,280,4.4,2837.0,Reported,Upper-Upscale,4,KRW,35.1796,129.0756
TXN14686,5038,CHN05,Cameron Highlands,Malaysia,Asia Pacific,2019,Q4,3950554,216,153.36,203.46,71,27.2,280,4.3,5743.0,Reported,Upscale,4,MYR,0.0,0.0
TXN14687,5039,CHN12,Bordeaux,France,Europe,2024,Q1,6735960,891,623.7,714.24,70,21.9,120,4.6,8336.0,Reported,Luxury,5,EUR,44.8378,-0.5792
TXN14688,5040,CHN05,Zhangjiajie,China,Asia Pacific,2025,Q1,9207828,599,365.39,512.44,61,19.6,280,4.8,9192.0,Estimated,Luxury,5,CNY,29.117,110.4793
TXN14689,4968,CHN11,Rome,Italy,Europe,2020,Q3,257306,92,34.96,50.85,38,23.7,80,4.1,,Reported,Midscale,3,EUR,41.9028,12.4964
TXN14690,5041,CHN08,Cameron Highlands,Malaysia,Asia Pacific,2025,Q2,9542260,428,299.6,404.75,70,39.8,350,4.9,10415.0,Estimated,Luxury,5,MYR,0.0,0.0
TXN14691,2410,CHN10,Sydney,Australia,Asia Pacific,2020,Q1,3615840,864,267.84,319.88,31,37.7,150,4.6,11432.0,Reported,Luxury,5,AUD,-33.8688,151.2093
TXN14692,5042,CHN09,Kanchanaburi,Thailand,Asia Pacific,2022,Q3,703469,177,127.44,166.33,72,35.7,60,4.5,7435.0,Reported,Upper-Upscale,4,THB,0.0,0.0
TXN14693,5043,CHN02,Strasbourg,France,Europe,2023,Q1,994950,110,73.7,97.07,67,20.6,150,4.4,4515.0,Reported,Midscale,3,EUR,48.5734,7.7521
TXN14694,5044,CHN04,Evora,Portugal,Europe,2021,Q4,1887840,760,342.0,418.88,45,38.1,60,5.0,2587.0,Reported,Luxury,5,EUR,0.0,0.0
TXN14695,5045,CHN11,Kanchanaburi,Thailand,Asia Pacific,2024,Q1,2076750,325,230.75,340.85,71,33.8,100,5.0,12123.0,Reported,Upper-Upscale,5,THB,0.0,0.0
TXN14696,5046,CHN09,Santorini,Greece,Europe,2020,Q2,690908,171,63.27,73.54,37,38.6,120,4.6,10519.0,Reported,Upper-Upscale,4,EUR,36.3932,25.4615
TXN14697,5047,CHN02,Leipzig,Germany,Europe,2025,Q3,23166336,732,629.52,809.13,86,36.4,400,4.8,9980.0,Estimated,Luxury,5,EUR,51.3397,12.3731
TXN14698,5048,CHN11,Sharjah,UAE,Middle East,2023,Q2,927763,118,84.96,116.64,72,25.9,120,4.3,2903.0,Reported,Midscale,3,AED,25.3463,55.4209
TXN14699,5049,CHN10,Suwon,South Korea,Asia Pacific,2025,Q3,700598,167,126.92,144.02,76,38.4,60,4.6,10155.0,Estimated,Upscale,4,KRW,37.2636,127.0286
TXN14700,2176,CHN07,Crete,Greece,Europe,2025,Q2,1349548,107,82.39,98.19,77,9.7,180,,2208.0,Estimated,Midscale,3,EUR,35.2401,24.8093
TXN14701,1943,CHN08,Puerto Vallarta,Mexico,Americas,2023,Q4,2529632,491,343.7,483.66,70,22.9,80,4.9,8259.0,Reported,Luxury,5,MXN,20.6534,-105.2253
TXN14702,5050,CHN01,Guilin,China,Asia Pacific,2024,Q1,7818804,437,310.27,407.98,71,24.5,280,4.9,14264.0,Reported,Luxury,5,CNY,25.2736,110.2907
TXN14703,5051,CHN02,Sapporo,Japan,Asia Pacific,2021,Q2,8058050,550,253.0,364.08,46,42.0,350,4.7,5095.0,Reported,Luxury,5,JPY,43.0618,141.3545
TXN14704,5052,CHN07,Gold Coast,Australia,Asia Pacific,2025,Q4,790170,61,39.04,56.99,64,27.6,220,3.8,985.0,Estimated,Economy,2,AUD,-28.0167,153.4
TXN14705,4299,CHN10,Coimbra,Portugal,Europe,2020,Q4,4414896,387,119.97,162.62,31,38.2,400,4.9,5988.0,Reported,Luxury,5,EUR,0.0,0.0
TXN14706,5053,CHN08,Bur Dubai,UAE,Middle East,2024,Q4,8986118,513,348.84,425.95,68,19.2,280,4.9,6473.0,Reported,Luxury,5,AED,25.2535,55.296
TXN14707,5054,CHN03,Eindhoven,Netherlands,Europe,2020,Q4,941160,275,85.25,123.1,31,39.1,120,5.0,12933.0,Reported,Luxury,5,EUR,51.4416,5.4697
TXN14708,5055,CHN04,Sintra,Portugal,Europe,2025,Q2,983455,79,60.04,78.33,76,14.8,180,3.9,2341.0,Estimated,Economy,2,EUR,38.7978,-9.3902
TXN14709,5056,CHN05,Granada,Spain,Europe,2019,Q3,2045712,436,370.6,463.47,85,26.5,60,5.0,13052.0,Reported,Luxury,5,EUR,37.1773,-3.5986
TXN14710,5057,CHN01,Cairns,Australia,Asia Pacific,2021,Q1,1754595,317,129.97,171.4,41,23.3,150,4.9,,Reported,Luxury,5,AUD,-16.9186,145.7781
TXN14711,5058,CHN07,Hue,Vietnam,Asia Pacific,2025,Q1,408240,90,56.7,78.79,63,9.0,80,4.4,4208.0,Estimated,Midscale,3,VND,16.4637,107.5909
TXN14712,5059,CHN02,Nice,France,Europe,2024,Q3,17658995,836,685.52,836.04,82,20.8,280,4.7,7658.0,Reported,Luxury,5,EUR,43.7102,7.262
TXN14713,5060,CHN03,Fortaleza,Brazil,Americas,2025,Q2,4917276,570,450.3,531.91,79,33.4,120,4.7,3903.0,Estimated,Luxury,5,BRL,-3.7319,-38.5267
TXN14714,5061,CHN02,Incheon,South Korea,Asia Pacific,2025,Q1,4673808,698,432.76,566.86,62,30.3,120,4.9,11955.0,Estimated,Luxury,5,KRW,37.4563,126.7052
TXN14715,5062,CHN11,Paris,France,Europe,2020,Q3,1810560,123,49.2,61.43,40,25.8,400,4.3,599.0,Reported,Midscale,3,EUR,48.8566,2.3522
TXN14716,4905,CHN03,Leiden,Netherlands,Europe,2024,Q1,2069550,210,153.3,199.84,73,36.0,150,4.6,2097.0,Reported,Upscale,4,EUR,0.0,0.0
TXN14717,5063,CHN05,Valencia,Spain,Europe,2024,Q3,4915670,543,445.26,601.05,82,33.8,120,4.8,2026.0,Reported,Luxury,5,EUR,39.4699,-0.3763
TXN14718,4343,CHN05,Guadalajara,Mexico,Americas,2021,Q2,4277965,533,261.17,337.01,49,22.4,180,4.9,14052.0,Reported,Luxury,5,MXN,20.6597,-103.3496
TXN14719,5064,CHN01,Labuan Bajo,Indonesia,Asia Pacific,2022,Q4,6532368,291,177.51,257.87,61,42.6,400,4.7,10749.0,Reported,Upper-Upscale,5,IDR,0.0,0.0
TXN14720,5065,CHN05,Abu Dhabi,UAE,Middle East,2022,Q1,3082860,346,190.3,231.43,55,26.7,180,4.9,9245.0,Reported,Upper-Upscale,5,AED,24.4539,54.3773
TXN14721,5066,CHN08,Cambridge,UK,Europe,2019,Q1,2377080,355,220.1,325.68,62,35.6,120,4.7,12884.0,Reported,Luxury,5,GBP,52.2053,0.1218
TXN14722,4330,CHN08,Madeira,Portugal,Europe,2024,Q2,5363358,517,392.92,571.28,76,35.8,150,4.8,6033.0,Reported,Luxury,5,EUR,32.6669,-16.9241
TXN14723,5067,CHN01,Chiang Mai,Thailand,Asia Pacific,2019,Q1,2504880,112,79.52,112.19,71,25.2,350,4.4,9004.0,Reported,Upscale,4,THB,18.7883,98.9853
TXN14724,5068,CHN04,Mecca,Saudi Arabia,Middle East,2024,Q4,5517792,714,499.8,679.42,70,39.4,120,4.7,9469.0,Reported,Luxury,5,SAR,21.3891,39.8579
TXN14725,4858,CHN03,Kota Kinabalu,Malaysia,Asia Pacific,2020,Q3,2014800,365,146.0,209.35,40,27.7,150,4.9,6600.0,Reported,Luxury,5,MYR,5.9788,116.0753
TXN14726,5069,CHN07,Pattaya,Thailand,Asia Pacific,2025,Q1,738720,171,102.6,138.55,60,26.1,80,4.4,14063.0,Estimated,Upscale,4,THB,12.9236,100.8825
TXN14727,5070,CHN06,Jeju Island,South Korea,Asia Pacific,2024,Q2,1472234,107,89.88,129.59,84,21.6,180,4.4,4672.0,Reported,Midscale,3,KRW,33.4996,126.5312
TXN14728,2382,CHN06,Jeonju,South Korea,Asia Pacific,2025,Q1,3005856,168,119.28,155.0,71,25.8,280,4.6,9605.0,Estimated,Upscale,4,KRW,35.8242,127.148
TXN14729,5071,CHN12,Hong Kong,China,Asia Pacific,2019,Q4,4279766,364,258.44,311.12,71,40.4,180,4.4,8785.0,Reported,Upscale,4,CNY,22.3193,114.1694
TXN14730,1547,CHN06,Phuket,Thailand,Asia Pacific,2025,Q1,518400,60,38.4,50.03,64,13.7,150,3.9,737.0,Estimated,Economy,2,THB,7.8804,98.3923
TXN14731,3825,CHN11,Medina,Saudi Arabia,Middle East,2019,Q3,2888340,115,89.7,130.54,78,11.2,350,4.2,4837.0,Reported,Midscale,3,SAR,24.5247,39.5692
TXN14732,5072,CHN10,Versailles,France,Europe,2021,Q2,1054708,137,64.39,94.63,47,26.7,180,4.5,5797.0,Reported,Upscale,4,EUR,48.8014,2.1301
TXN14733,5073,CHN04,Cappadocia,Turkey,Europe/Middle East,2020,Q2,1089270,190,66.5,79.33,35,32.2,180,4.3,11661.0,Reported,Upscale,4,TRY,38.6431,34.8289
TXN14734,2247,CHN06,Makassar,Indonesia,Asia Pacific,2024,Q2,3144742,187,157.08,230.59,84,42.0,220,4.6,1533.0,Reported,Upscale,4,IDR,0.0,0.0
TXN14735,5074,CHN08,Miami,USA,Americas,2023,Q4,946680,245,171.5,248.97,70,30.5,60,4.7,13519.0,Reported,Upscale,4,USD,25.7617,-80.1918
TXN14736,5075,CHN12,Bilbao,Spain,Europe,2022,Q2,1946927,283,178.29,200.95,63,27.8,120,4.6,9777.0,Reported,Upscale,4,EUR,43.263,-2.935
TXN14737,5076,CHN01,Ouarzazate,Morocco,Africa,2021,Q2,4978428,776,364.72,522.06,47,30.9,150,4.9,1860.0,Reported,Luxury,5,MAD,0.0,0.0
TXN14738,5077,CHN02,Heidelberg,Germany,Europe,2022,Q3,3504096,138,95.22,109.01,69,25.1,400,4.6,9852.0,Reported,Upscale,4,EUR,49.3988,8.6724
TXN14739,5078,CHN09,Ipoh,Malaysia,Asia Pacific,2021,Q1,2774016,256,110.08,153.95,43,34.4,280,4.9,6927.0,Reported,Luxury,5,MYR,4.5975,101.0901
TXN14740,5079,CHN05,Agadir,Morocco,Africa,2025,Q4,7553366,557,373.19,517.89,67,30.5,220,5.0,13584.0,Estimated,Luxury,5,MAD,30.4278,-9.5981
TXN14741,5080,CHN02,Andong,South Korea,Asia Pacific,2019,Q2,18273938,765,573.75,676.06,75,30.6,350,4.9,5972.0,Reported,Luxury,5,KRW,36.5684,128.7294
TXN14742,5081,CHN08,Lisbon,Portugal,Europe,2023,Q4,1679184,234,152.1,192.56,65,28.8,120,,11702.0,Reported,Upscale,4,EUR,38.7223,-9.1393
TXN14743,5082,CHN06,Jakarta,Indonesia,Asia Pacific,2020,Q4,980941,112,38.08,54.94,34,41.1,280,4.4,7073.0,Reported,Upscale,4,IDR,-6.2088,106.8456
TXN14744,5083,CHN05,Daegu,South Korea,Asia Pacific,2021,Q1,6219864,574,246.82,298.89,43,39.5,280,4.7,8363.0,Reported,Luxury,5,KRW,35.8714,128.6014
TXN14745,5084,CHN09,Hamburg,Germany,Europe,2019,Q4,2926336,142,90.88,104.51,64,36.9,350,4.4,8335.0,Reported,Upscale,4,EUR,53.5511,9.9937
TXN14746,5085,CHN11,Varanasi,India,Asia Pacific,2020,Q2,755937,213,83.07,111.35,39,24.4,100,4.8,7092.0,Reported,Upper-Upscale,5,INR,25.3176,82.9739
TXN14747,5086,CHN05,Dubai,UAE,Middle East,2024,Q3,22836240,985,886.5,1232.79,90,38.5,280,4.7,14546.0,Reported,Luxury,5,AED,25.2048,55.2708
TXN14748,5087,CHN05,Puerto Vallarta,Mexico,Americas,2019,Q4,16716768,678,454.26,584.61,67,36.6,400,4.8,9125.0,Reported,Luxury,5,MXN,20.6534,-105.2253
TXN14749,3392,CHN08,Rhodes,Greece,Europe,2023,Q1,1255680,218,139.52,195.63,64,22.8,100,4.4,6774.0,Reported,Upscale,4,EUR,36.4349,28.2176
TXN14750,5088,CHN10,Darwin,Australia,Asia Pacific,2020,Q2,1338137,557,183.81,248.78,33,35.3,80,4.6,7117.0,Reported,Luxury,5,AUD,-12.4634,130.8456
TXN14751,5089,CHN11,Fez,Morocco,Africa,2022,Q3,1941660,90,60.3,69.56,67,17.5,350,4.1,1461.0,Reported,Midscale,3,MAD,34.0181,-5.0078
TXN14752,5090,CHN06,Woodlands,Singapore,Asia Pacific,2022,Q1,804816,92,49.68,68.19,54,25.9,180,4.2,3435.0,Reported,Midscale,3,SGD,1.437,103.7862
TXN14753,5091,CHN05,Malaga,Spain,Europe,2022,Q4,3353952,392,243.04,296.8,62,19.6,150,4.8,8030.0,Reported,Luxury,5,EUR,36.7213,-4.4214
TXN14754,1010,CHN05,Mykonos,Greece,Europe,2019,Q4,16241680,970,630.5,920.47,65,35.9,280,5.0,8552.0,Reported,Luxury,5,EUR,37.4467,25.3289
TXN14755,1771,CHN04,San Sebastian,Spain,Europe,2023,Q4,7831040,304,212.8,272.58,70,19.1,400,4.6,14364.0,Reported,Upscale,4,EUR,43.3183,-1.9812
TXN14756,5092,CHN07,Hamburg,Germany,Europe,2025,Q1,526608,106,73.14,94.77,69,10.0,80,4.1,1070.0,Estimated,Midscale,3,EUR,53.5511,9.9937
TXN14757,5093,CHN02,Udaipur,India,Asia Pacific,2023,Q1,1635228,103,64.89,77.46,63,11.0,280,4.2,2521.0,Reported,Midscale,3,INR,24.5854,73.7125
TXN14758,5094,CHN04,Perth,Australia,Asia Pacific,2022,Q1,2094984,549,290.97,395.85,53,37.9,80,4.9,3908.0,Reported,Luxury,5,AUD,-31.9505,115.8605
TXN14759,5095,CHN10,Turin,Italy,Europe,2024,Q2,1104303,197,151.69,207.03,77,31.3,80,4.5,6031.0,Reported,Upscale,4,EUR,45.0703,7.6869
TXN14760,5096,CHN01,Belem,Brazil,Americas,2020,Q4,454554,193,61.76,88.27,32,19.2,80,4.6,2141.0,Reported,Upper-Upscale,4,BRL,-1.4558,-48.5044
TXN14761,3611,CHN03,Obidos,Portugal,Europe,2024,Q2,5774933,452,352.56,512.97,78,37.3,180,4.9,2594.0,Reported,Luxury,5,EUR,0.0,0.0
TXN14762,5097,CHN03,Trabzon,Turkey,Europe/Middle East,2024,Q3,21333917,1498,1288.28,1816.32,86,25.2,180,5.0,12207.0,Reported,Luxury,5,TRY,0.0,0.0
TXN14763,5098,CHN10,Johor Bahru,Malaysia,Asia Pacific,2021,Q3,1384858,112,53.76,74.04,48,23.9,280,4.4,1496.0,Reported,Upscale,4,MYR,1.4927,103.7414
TXN14764,5099,CHN06,Groningen,Netherlands,Europe,2023,Q2,967221,52,37.96,49.19,73,11.5,280,3.8,3386.0,Reported,Economy,2,EUR,0.0,0.0
TXN14765,5100,CHN11,Osaka,Japan,Asia Pacific,2019,Q1,931500,125,86.25,100.55,69,22.9,120,4.2,930.0,Reported,Midscale,3,JPY,34.6937,135.5023
TXN14766,5101,CHN12,Al Ain,UAE,Middle East,2020,Q2,1926288,168,60.48,69.71,36,25.6,350,4.5,8598.0,Reported,Upscale,4,AED,24.2075,55.7447
TXN14767,5102,CHN08,Guangzhou,China,Asia Pacific,2019,Q2,769369,183,140.91,173.16,77,40.1,60,4.4,3264.0,Reported,Upscale,4,CNY,23.1291,113.2644
TXN14768,5103,CHN07,Recife,Brazil,Americas,2024,Q3,1683738,63,52.29,71.0,83,25.0,350,4.1,332.0,Reported,Economy,2,BRL,-8.0476,-34.877
TXN14769,5104,CHN10,Bath,UK,Europe,2022,Q2,8301384,362,228.06,277.74,63,20.3,400,4.9,7172.0,Reported,Luxury,5,GBP,51.3811,-2.359
TXN14770,5105,CHN05,Bilbao,Spain,Europe,2021,Q1,1378944,456,191.52,248.97,42,43.4,80,4.7,4071.0,Reported,Luxury,5,EUR,43.263,-2.935
TXN14771,2431,CHN03,Chicago,USA,Americas,2025,Q3,9812462,689,592.54,869.9,86,35.8,180,4.8,4550.0,Estimated,Luxury,5,USD,41.8781,-87.6298
TXN14772,5106,CHN02,Venice,Italy,Europe,2020,Q1,5210604,667,206.77,299.15,31,36.4,280,4.7,7664.0,Reported,Luxury,5,EUR,45.4408,12.3155
TXN14773,5107,CHN01,Abu Dhabi,UAE,Middle East,2021,Q4,4410480,255,119.85,163.16,47,19.5,400,5.0,1736.0,Reported,Upper-Upscale,5,AED,24.4539,54.3773
TXN14774,3089,CHN02,Nagoya,Japan,Asia Pacific,2024,Q1,9358965,407,297.11,342.89,73,23.3,350,4.9,5470.0,Reported,Upper-Upscale,5,JPY,35.1815,136.9066
TXN14775,1380,CHN08,Ho Chi Minh City,Vietnam,Asia Pacific,2023,Q2,1471470,385,269.5,341.97,70,28.2,60,4.8,13403.0,Reported,Luxury,5,VND,10.8231,106.6297
TXN14776,5108,CHN03,Busan,South Korea,Asia Pacific,2025,Q3,7681080,506,379.5,465.95,75,25.4,220,4.7,9270.0,Estimated,Luxury,5,KRW,35.1796,129.0756
TXN14777,5109,CHN07,Frankfurt,Germany,Europe,2020,Q3,424764,81,30.78,37.04,38,27.1,150,4.2,616.0,Reported,Midscale,3,EUR,50.1109,8.6821
TXN14778,5110,CHN05,Bilbao,Spain,Europe,2022,Q1,1900080,406,211.12,298.12,52,18.7,100,4.8,5080.0,Reported,Luxury,5,EUR,43.263,-2.935
TXN14779,5111,CHN08,Dresden,Germany,Europe,2022,Q4,541070,169,98.02,130.31,58,36.6,60,4.5,5113.0,Reported,Upscale,4,EUR,51.0509,13.7383
TXN14780,5112,CHN01,Salvador,Brazil,Americas,2020,Q1,1528164,227,77.18,113.26,34,31.4,220,5.0,12509.0,Reported,Upper-Upscale,5,BRL,-12.9714,-38.5014
TXN14781,5113,CHN04,Jeddah,Saudi Arabia,Middle East,2024,Q4,3287160,397,297.75,373.65,75,30.7,120,4.6,13559.0,Reported,Upscale,4,SAR,21.5433,39.1728
TXN14782,5114,CHN10,Agadir,Morocco,Africa,2021,Q4,969091,114,47.88,58.17,42,28.5,220,4.6,4662.0,Reported,Upscale,4,MAD,30.4278,-9.5981
TXN14783,5115,CHN07,Frankfurt,Germany,Europe,2023,Q1,870912,252,161.28,235.39,64,29.9,60,4.4,5537.0,Reported,Upscale,4,EUR,50.1109,8.6821
TXN14784,5116,CHN04,Oxford,UK,Europe,2024,Q4,14801107,1108,731.28,1039.72,66,23.8,220,5.0,9734.0,Reported,Luxury,5,GBP,51.752,-1.2577
TXN14785,5117,CHN08,Zakynthos,Greece,Europe,2022,Q4,3606768,330,178.2,238.58,54,27.5,220,4.6,10857.0,Reported,Luxury,5,EUR,37.7902,20.9051
TXN14786,2827,CHN11,Mykonos,Greece,Europe,2025,Q1,2680335,127,85.09,98.34,67,20.1,350,4.2,1985.0,Estimated,Midscale,3,EUR,37.4467,25.3289
TXN14787,4395,CHN10,Eindhoven,Netherlands,Europe,2023,Q3,1793448,171,129.96,158.62,76,19.7,150,4.5,10919.0,Reported,Upscale,4,EUR,51.4416,5.4697
TXN14788,4429,CHN12,Pattaya,Thailand,Asia Pacific,2022,Q1,2709504,192,107.52,128.81,56,20.8,280,4.6,13680.0,Reported,Upscale,4,THB,12.9236,100.8825
TXN14789,5118,CHN01,Sokcho,South Korea,Asia Pacific,2025,Q4,8971104,956,650.08,782.19,68,24.7,150,4.6,13094.0,Estimated,Luxury,5,KRW,38.207,128.5918
TXN14790,4626,CHN02,Abu Dhabi,UAE,Middle East,2022,Q1,350784,84,48.72,58.2,58,14.8,80,4.2,743.0,Reported,Midscale,3,AED,24.4539,54.3773
TXN14791,5084,CHN09,Hamburg,Germany,Europe,2020,Q4,455400,110,33.0,48.72,30,43.7,150,4.6,5060.0,Reported,Upscale,4,EUR,53.5511,9.9937
TXN14792,4554,CHN11,Fortaleza,Brazil,Americas,2021,Q2,3038808,203,95.41,117.48,47,32.7,350,4.8,3443.0,Reported,Upper-Upscale,5,BRL,-3.7319,-38.5267
TXN14793,5119,CHN06,Sapa,Vietnam,Asia Pacific,2021,Q2,390390,55,28.6,33.34,52,23.1,150,3.9,,Reported,Economy,2,VND,0.0,0.0
TXN14794,5120,CHN04,Hamburg,Germany,Europe,2023,Q1,1356480,157,100.48,123.49,64,34.2,150,4.6,4321.0,Reported,Upscale,4,EUR,53.5511,9.9937
TXN14795,2485,CHN11,Oaxaca,Mexico,Americas,2021,Q1,1071945,83,34.03,38.9,41,14.4,350,4.2,1347.0,Reported,Midscale,3,MXN,17.0732,-96.7266
TXN14796,4427,CHN10,Udaipur,India,Asia Pacific,2021,Q3,858636,122,62.22,71.03,51,20.4,150,4.4,2553.0,Reported,Upscale,4,INR,24.5854,73.7125
TXN14797,1169,CHN04,Puebla,Mexico,Americas,2023,Q2,685667,182,125.58,174.64,69,35.4,60,4.5,6603.0,Reported,Upscale,4,MXN,19.0414,-98.2063
TXN14798,5121,CHN08,Milan,Italy,Europe,2020,Q1,828630,465,153.45,222.18,33,33.3,60,,6745.0,Reported,Luxury,5,EUR,45.4654,9.1859
TXN14799,5122,CHN03,Melbourne,Australia,Asia Pacific,2021,Q4,1797606,568,244.24,325.71,43,36.2,80,4.8,12318.0,Reported,Luxury,5,AUD,-37.8136,144.9631
TXN14800,2748,CHN11,Nara,Japan,Asia Pacific,2022,Q3,4105886,253,159.39,188.71,63,29.1,280,4.7,12539.0,Reported,Upper-Upscale,5,JPY,34.6851,135.8048
TXN14801,5123,CHN07,Thessaloniki,Greece,Europe,2021,Q1,270864,114,50.16,70.11,44,36.0,60,4.6,7109.0,Reported,Upscale,4,EUR,40.6401,22.9444
TXN14802,1898,CHN12,Turin,Italy,Europe,2021,Q2,636745,238,116.62,163.03,49,22.3,60,4.7,14328.0,Reported,Upscale,4,EUR,45.0703,7.6869
TXN14803,5124,CHN07,Abha,Saudi Arabia,Middle East,2020,Q4,165600,40,12.0,17.37,30,18.6,150,3.9,518.0,Reported,Economy,2,SAR,18.2164,42.5053
TXN14804,5125,CHN04,Suzhou,China,Asia Pacific,2025,Q4,1617581,297,219.78,269.99,74,38.6,80,4.4,3011.0,Estimated,Upscale,4,CNY,31.2983,120.5832
TXN14805,5126,CHN10,Malacca,Malaysia,Asia Pacific,2020,Q1,401760,124,37.2,47.05,30,20.7,120,4.4,7352.0,Reported,Upscale,4,MYR,2.1896,102.2501
TXN14806,5127,CHN10,Kuala Lumpur,Malaysia,Asia Pacific,2021,Q2,5667480,346,155.7,194.31,45,39.5,400,4.8,5651.0,Reported,Luxury,5,MYR,3.139,101.6869
TXN14807,5128,CHN12,Jeonju,South Korea,Asia Pacific,2021,Q1,959850,237,106.65,143.86,45,42.1,100,4.5,10332.0,Reported,Upscale,4,KRW,35.8242,127.148
TXN14808,5058,CHN07,Hue,Vietnam,Asia Pacific,2019,Q2,1393392,87,69.6,80.73,80,21.8,220,4.1,1315.0,Reported,Midscale,3,VND,16.4637,107.5909
TXN14809,5129,CHN11,Mecca,Saudi Arabia,Middle East,2019,Q2,432323,107,79.18,108.16,74,26.8,60,4.1,,Reported,Midscale,3,SAR,21.3891,39.8579
TXN14810,5130,CHN04,Belem,Brazil,Americas,2020,Q1,1160640,403,128.96,156.47,32,40.7,100,4.7,12944.0,Reported,Luxury,5,BRL,-1.4558,-48.5044
TXN14811,5131,CHN05,York,UK,Europe,2022,Q4,1708854,203,123.83,149.09,61,26.1,150,4.4,5641.0,Reported,Upscale,4,GBP,53.96,-1.0873
TXN14812,5132,CHN02,Sapa,Vietnam,Asia Pacific,2020,Q4,517997,276,93.84,132.52,34,39.7,60,4.7,6152.0,Reported,Upper-Upscale,5,VND,0.0,0.0
TXN14813,5133,CHN08,Nagoya,Japan,Asia Pacific,2024,Q1,2405376,522,334.08,416.78,64,38.8,80,4.9,13253.0,Reported,Luxury,5,JPY,35.1815,136.9066
TXN14814,5134,CHN08,Fez,Morocco,Africa,2023,Q4,1136016,196,123.48,160.04,63,22.4,100,4.6,7222.0,Reported,Upscale,4,MAD,34.0181,-5.0078
TXN14815,1871,CHN10,Orlando,USA,Americas,2024,Q1,12594960,714,499.8,581.67,70,37.0,280,4.9,11290.0,Reported,Luxury,5,USD,28.5383,-81.3792
TXN14816,5135,CHN04,Athens,Greece,Europe,2025,Q2,17119885,1323,1045.17,1371.93,79,35.8,180,4.7,14663.0,Estimated,Luxury,5,EUR,37.9838,23.7275
TXN14817,5136,CHN06,Jaipur,India,Asia Pacific,2022,Q2,999180,150,91.5,105.95,61,22.0,120,4.4,9725.0,Reported,Upscale,4,INR,26.9124,75.7873
TXN14818,5137,CHN10,Amalfi,Italy,Europe,2025,Q2,18128510,924,711.48,838.19,77,28.9,280,4.8,9058.0,Estimated,Luxury,5,EUR,40.634,14.6027
TXN14819,4502,CHN08,Langkawi,Malaysia,Asia Pacific,2022,Q3,1762205,347,239.43,347.13,69,22.7,80,4.8,12189.0,Reported,Luxury,5,MYR,6.35,99.8
TXN14820,3156,CHN05,Hoi An,Vietnam,Asia Pacific,2021,Q2,5935821,448,232.96,310.88,52,32.7,280,4.8,12941.0,Reported,Luxury,5,VND,15.8801,108.338
TXN14821,5138,CHN08,Delhi,India,Asia Pacific,2024,Q3,2522861,394,342.78,454.77,87,40.5,80,4.8,6009.0,Reported,Luxury,5,INR,28.6139,77.209
TXN14822,3283,CHN01,Oxford,UK,Europe,2025,Q2,8702967,898,637.58,810.25,71,36.8,150,4.7,8406.0,Estimated,Luxury,5,GBP,51.752,-1.2577
TXN14823,5139,CHN02,Evora,Portugal,Europe,2023,Q3,4574682,758,621.56,768.36,82,31.7,80,4.9,8405.0,Reported,Luxury,5,EUR,0.0,0.0
TXN14824,2701,CHN09,Woodlands,Singapore,Asia Pacific,2020,Q1,381348,107,35.31,46.53,33,26.4,120,4.4,5874.0,Reported,Upscale,4,SGD,1.437,103.7862
TXN14825,5140,CHN05,Tabuk,Saudi Arabia,Middle East,2024,Q3,5360472,390,323.7,372.93,83,28.2,180,4.7,10369.0,Reported,Upper-Upscale,5,SAR,0.0,0.0
TXN14826,1544,CHN09,Clarke Quay,Singapore,Asia Pacific,2020,Q3,1018477,136,50.32,69.34,37,24.2,220,4.5,9843.0,Reported,Upper-Upscale,4,SGD,1.2906,103.8467
TXN14827,5141,CHN10,Yanbu,Saudi Arabia,Middle East,2022,Q4,1050566,156,95.16,108.58,61,27.8,120,4.4,1268.0,Reported,Upscale,4,SAR,0.0,0.0
TXN14828,5142,CHN09,Hiroshima,Japan,Asia Pacific,2024,Q1,3359664,202,133.32,175.7,66,36.7,280,4.7,12530.0,Reported,Upper-Upscale,4,JPY,34.3853,132.4553
TXN14829,5143,CHN06,Chiang Mai,Thailand,Asia Pacific,2024,Q4,1233389,63,47.88,62.37,76,14.8,280,4.0,374.0,Reported,Economy,2,THB,18.7883,98.9853
TXN14830,5144,CHN04,Andong,South Korea,Asia Pacific,2022,Q4,580842,69,42.09,51.57,61,25.3,150,4.0,3796.0,Reported,Economy,2,KRW,36.5684,128.7294
TXN14831,5145,CHN02,Tangier,Morocco,Africa,2022,Q1,11144700,610,353.8,412.82,58,30.0,350,4.8,6305.0,Reported,Luxury,5,MAD,35.7595,-5.833
TXN14832,5146,CHN08,Guadalajara,Mexico,Americas,2020,Q1,1651914,309,101.97,142.91,33,41.2,180,4.7,12815.0,Reported,Luxury,5,MXN,20.6597,-103.3496
TXN14833,5147,CHN02,Paris,France,Europe,2024,Q4,17401248,1704,1260.96,1631.87,74,32.4,150,4.7,7601.0,Reported,Luxury,5,EUR,48.8566,2.3522
TXN14834,5148,CHN04,Delft,Netherlands,Europe,2022,Q2,3202290,345,234.6,272.78,68,26.8,150,4.7,10565.0,Reported,Upper-Upscale,5,EUR,0.0,0.0
TXN14835,5149,CHN02,Daegu,South Korea,Asia Pacific,2022,Q4,1071874,73,41.61,47.68,57,17.2,280,4.4,377.0,Reported,Midscale,3,KRW,35.8714,128.6014
TXN14836,5150,CHN08,Ipoh,Malaysia,Asia Pacific,2020,Q1,1064880,272,78.88,105.22,29,29.3,150,4.8,14252.0,Reported,Luxury,5,MYR,4.5975,101.0901
TXN14837,2361,CHN12,Rhodes,Greece,Europe,2021,Q1,2310390,597,256.71,369.78,43,27.2,100,4.8,14616.0,Reported,Luxury,5,EUR,36.4349,28.2176
TXN14838,5151,CHN05,Zakynthos,Greece,Europe,2024,Q1,2512620,423,279.18,392.04,66,39.4,100,4.8,3352.0,Reported,Upper-Upscale,5,EUR,37.7902,20.9051
TXN14839,5152,CHN07,Hiroshima,Japan,Asia Pacific,2024,Q4,687902,62,41.54,47.5,67,15.7,180,3.9,2989.0,Reported,Economy,2,JPY,34.3853,132.4553
TXN14840,5153,CHN08,Sokcho,South Korea,Asia Pacific,2023,Q3,9817136,412,304.88,417.73,74,43.3,350,4.8,9088.0,Reported,Luxury,5,KRW,38.207,128.5918
TXN14841,5154,CHN05,Komodo,Indonesia,Asia Pacific,2025,Q2,3264352,590,448.4,631.25,76,26.0,80,4.8,14934.0,Estimated,Luxury,5,IDR,0.0,0.0
TXN14842,5155,CHN12,Hangzhou,China,Asia Pacific,2021,Q3,1960851,173,96.88,133.91,56,37.9,220,4.6,13456.0,Reported,Upscale,4,CNY,30.2741,120.1551
TXN14843,5156,CHN04,Rabat,Morocco,Africa,2021,Q3,2996403,727,407.12,597.76,56,22.5,80,4.8,2172.0,Reported,Luxury,5,MAD,33.9716,-6.8498
TXN14844,5157,CHN04,Changi,Singapore,Asia Pacific,2023,Q1,12831840,532,356.44,399.83,67,43.2,400,4.7,14632.0,Reported,Luxury,5,SGD,1.3644,103.9915
TXN14845,3623,CHN12,Bali,Indonesia,Asia Pacific,2021,Q4,2663584,658,289.52,419.38,44,25.4,100,4.9,11053.0,Reported,Luxury,5,IDR,-8.3405,115.092
TXN14846,5158,CHN04,York,UK,Europe,2022,Q2,205842,58,37.7,43.63,65,23.2,60,4.1,3571.0,Reported,Economy,2,GBP,53.96,-1.0873
TXN14847,2906,CHN09,Labuan Bajo,Indonesia,Asia Pacific,2019,Q3,1453140,195,157.95,223.87,81,42.3,100,4.4,11661.0,Reported,Upper-Upscale,4,IDR,0.0,0.0
TXN14848,5159,CHN04,Sintra,Portugal,Europe,2024,Q4,25461828,1146,790.74,905.65,69,19.8,350,4.7,11975.0,Reported,Luxury,5,EUR,38.7978,-9.3902
TXN14849,5160,CHN01,Strasbourg,France,Europe,2020,Q2,857657,238,78.54,112.99,33,36.3,120,4.6,13246.0,Reported,Upper-Upscale,5,EUR,48.5734,7.7521
TXN14850,5161,CHN03,Athens,Greece,Europe,2024,Q3,2711976,289,245.65,338.72,85,20.9,120,4.6,12820.0,Reported,Upscale,4,EUR,37.9838,23.7275
TXN14851,4485,CHN08,Strasbourg,France,Europe,2022,Q4,2978316,327,179.85,207.69,55,27.9,180,4.7,9007.0,Reported,Luxury,5,EUR,48.5734,7.7521
TXN14852,5162,CHN06,Berlin,Germany,Europe,2025,Q3,2142496,71,58.22,71.41,82,15.3,400,4.1,4683.0,Estimated,Economy,2,EUR,52.52,13.405
TXN14853,5163,CHN11,Chennai,India,Asia Pacific,2025,Q1,1504440,199,139.3,183.08,70,19.8,120,4.7,8169.0,Estimated,Upscale,4,INR,13.0827,80.2707
TXN14854,5164,CHN05,Salvador,Brazil,Americas,2020,Q1,261144,156,48.36,56.1,31,30.6,60,4.6,9726.0,Reported,Upscale,4,BRL,-12.9714,-38.5014
TXN14855,3366,CHN09,Ipoh,Malaysia,Asia Pacific,2019,Q4,1287706,162,116.64,154.39,72,29.9,120,4.4,4249.0,Reported,Upscale,4,MYR,4.5975,101.0901
TXN14856,5165,CHN11,Busan,South Korea,Asia Pacific,2023,Q3,1586816,98,78.4,95.98,80,11.6,220,4.1,1475.0,Reported,Midscale,3,KRW,35.1796,129.0756
TXN14857,5108,CHN03,Busan,South Korea,Asia Pacific,2022,Q2,3868301,369,236.16,337.73,64,30.4,180,4.7,13233.0,Reported,Luxury,5,KRW,35.1796,129.0756
TXN14858,5166,CHN02,Incheon,South Korea,Asia Pacific,2020,Q4,519763,214,70.62,81.68,33,31.2,80,4.5,13961.0,Reported,Upper-Upscale,4,KRW,37.4563,126.7052
TXN14859,5167,CHN05,Belem,Brazil,Americas,2019,Q3,956340,225,173.25,243.72,77,23.9,60,4.7,6741.0,Reported,Upscale,4,BRL,-1.4558,-48.5044
TXN14860,5168,CHN08,Toledo,Spain,Europe,2025,Q4,4724706,201,146.73,195.24,73,21.3,350,4.5,2388.0,Estimated,Upscale,4,EUR,39.8628,-4.0273
TXN14861,1842,CHN12,Pamukkale,Turkey,Europe/Middle East,2021,Q3,2006962,159,77.91,103.93,49,21.1,280,4.5,5186.0,Reported,Upscale,4,TRY,37.9214,29.1189
TXN14862,5169,CHN05,Tangier,Morocco,Africa,2025,Q1,2352528,527,326.74,417.29,62,19.9,80,4.8,5526.0,Estimated,Luxury,5,MAD,35.7595,-5.833
TXN14863,5170,CHN06,Coimbra,Portugal,Europe,2021,Q3,427138,73,38.69,43.43,53,13.9,120,4.2,2197.0,Reported,Midscale,3,EUR,0.0,0.0
TXN14864,5171,CHN01,Fez,Morocco,Africa,2024,Q4,3616704,364,262.08,302.51,72,34.1,150,,5576.0,Reported,Upper-Upscale,5,MAD,34.0181,-5.0078
TXN14865,4057,CHN02,Eindhoven,Netherlands,Europe,2019,Q2,975156,94,71.44,100.79,76,20.0,150,4.4,617.0,Reported,Midscale,3,EUR,51.4416,5.4697
TXN14866,1901,CHN01,Penang,Malaysia,Asia Pacific,2019,Q3,7279518,367,282.59,352.73,77,32.9,280,4.6,12399.0,Reported,Luxury,5,MYR,5.4141,100.3288
TXN14867,5172,CHN07,New Orleans,USA,Americas,2025,Q3,3257628,185,160.95,224.32,87,27.0,220,4.7,8307.0,Estimated,Upscale,4,USD,29.9511,-90.0715
TXN14868,4273,CHN05,Seville,Spain,Europe,2023,Q3,7153920,540,432.0,553.91,80,21.7,180,4.8,5833.0,Reported,Luxury,5,EUR,37.3891,-5.9845
TXN14869,5173,CHN04,Cologne,Germany,Europe,2024,Q3,1153570,129,104.49,122.37,81,16.6,120,4.2,4137.0,Reported,Midscale,3,EUR,50.9333,6.95
TXN14870,5174,CHN06,Bali,Indonesia,Asia Pacific,2022,Q2,322140,59,35.4,40.68,60,27.2,100,3.9,1258.0,Reported,Economy,2,IDR,-8.3405,115.092
TXN14871,1603,CHN08,Orchard Road,Singapore,Asia Pacific,2022,Q2,2997540,540,329.4,427.01,61,26.4,100,4.7,9289.0,Reported,Luxury,5,SGD,1.3048,103.8318
TXN14872,1417,CHN08,New York,USA,Americas,2022,Q2,3654542,333,223.11,315.4,67,23.0,180,4.6,5008.0,Reported,Upscale,4,USD,40.7128,-74.006
TXN14873,3399,CHN10,Versailles,France,Europe,2019,Q4,17664920,844,548.6,681.67,65,28.1,350,4.9,4018.0,Reported,Luxury,5,EUR,48.8014,2.1301
TXN14874,3758,CHN12,Belem,Brazil,Americas,2024,Q3,2778547,156,137.28,181.31,88,11.8,220,4.1,2840.0,Reported,Midscale,3,BRL,-1.4558,-48.5044
TXN14875,5175,CHN05,Chinatown,Singapore,Asia Pacific,2019,Q1,5682420,619,420.92,534.14,68,42.2,150,4.8,9812.0,Reported,Luxury,5,SGD,1.2826,103.8446
TXN14876,4887,CHN02,Bristol,UK,Europe,2021,Q1,736560,124,54.56,70.27,44,37.7,150,4.5,14268.0,Reported,Upscale,4,GBP,51.4545,-2.5879
TXN14877,5176,CHN10,Salvador,Brazil,Americas,2024,Q4,5029824,670,455.6,517.34,68,42.8,120,4.8,7487.0,Reported,Luxury,5,BRL,-12.9714,-38.5014
TXN14878,5177,CHN09,Sydney,Australia,Asia Pacific,2024,Q3,2287488,296,248.64,349.04,84,26.8,100,4.5,8937.0,Reported,Upper-Upscale,4,AUD,-33.8688,151.2093
TXN14879,5178,CHN11,Gold Coast,Australia,Asia Pacific,2024,Q4,1038312,114,75.24,106.57,66,17.7,150,4.3,2731.0,Reported,Midscale,3,AUD,-28.0167,153.4
TXN14880,5179,CHN07,Malacca,Malaysia,Asia Pacific,2023,Q1,360144,82,50.02,64.77,61,20.4,80,4.2,3743.0,Reported,Midscale,3,MYR,2.1896,102.2501
TXN14881,5180,CHN02,Istanbul,Turkey,Europe/Middle East,2020,Q1,277884,83,25.73,31.59,31,23.7,120,4.1,4610.0,Reported,Midscale,3,TRY,41.0082,28.9784
TXN14882,5181,CHN05,Malacca,Malaysia,Asia Pacific,2022,Q4,3313656,621,360.18,479.83,58,29.7,100,4.9,13986.0,Reported,Luxury,5,MYR,2.1896,102.2501
TXN14883,3692,CHN06,Puebla,Mexico,Americas,2021,Q2,212285,81,38.88,48.68,48,24.2,60,4.3,712.0,Reported,Midscale,3,MXN,19.0414,-98.2063
TXN14884,5182,CHN01,Fortaleza,Brazil,Americas,2020,Q3,2913824,214,79.18,108.24,37,26.0,400,4.8,8671.0,Reported,Upper-Upscale,5,BRL,-3.7319,-38.5267
TXN14885,5183,CHN03,Bodrum,Turkey,Europe/Middle East,2023,Q1,788724,109,73.03,106.53,67,13.7,120,4.2,2118.0,Reported,Midscale,3,TRY,37.0344,27.4305
TXN14886,5184,CHN04,Washington DC,USA,Americas,2020,Q3,212520,55,23.1,29.6,42,12.5,100,4.0,4726.0,Reported,Economy,2,USD,38.9072,-77.0369
TXN14887,2566,CHN03,Gyeongju,South Korea,Asia Pacific,2021,Q2,858312,131,62.88,71.96,48,35.6,150,4.5,12981.0,Reported,Upper-Upscale,4,KRW,35.8562,129.2247
TXN14888,2604,CHN08,Fukuoka,Japan,Asia Pacific,2020,Q1,1074816,311,99.52,123.18,32,40.9,120,4.9,9460.0,Reported,Luxury,5,JPY,33.5904,130.4017
TXN14889,5185,CHN04,Seville,Spain,Europe,2023,Q1,5668425,295,179.95,263.48,61,34.9,350,4.4,10790.0,Reported,Upscale,4,EUR,37.3891,-5.9845
TXN14890,5186,CHN12,Chefchaouen,Morocco,Africa,2023,Q4,852012,147,92.61,121.47,63,10.2,100,4.3,1447.0,Reported,Midscale,3,MAD,35.1688,-5.2636
TXN14891,1970,CHN11,Perth,Australia,Asia Pacific,2019,Q2,1705813,127,104.14,118.87,82,12.6,180,4.3,2881.0,Reported,Midscale,3,AUD,-31.9505,115.8605
TXN14892,5187,CHN07,Seville,Spain,Europe,2025,Q4,850816,170,115.6,161.02,68,22.9,80,4.5,4572.0,Estimated,Upscale,4,EUR,37.3891,-5.9845
TXN14893,5188,CHN06,Darwin,Australia,Asia Pacific,2022,Q3,733387,91,66.43,95.65,73,26.3,120,4.3,1067.0,Reported,Midscale,3,AUD,-12.4634,130.8456
TXN14894,3676,CHN07,Sharjah,UAE,Middle East,2024,Q1,1632960,63,45.36,54.4,72,8.6,400,3.9,2902.0,Reported,Economy,2,AED,25.3463,55.4209
TXN14895,4411,CHN09,Oxford,UK,Europe,2024,Q2,1849848,176,135.52,185.26,77,42.7,150,4.6,12255.0,Reported,Upscale,4,GBP,51.752,-1.2577
TXN14896,5189,CHN12,Gold Coast,Australia,Asia Pacific,2023,Q2,5067972,255,198.9,287.33,78,20.8,280,,8908.0,Reported,Upscale,4,AUD,-28.0167,153.4
TXN14897,5190,CHN12,Coimbra,Portugal,Europe,2019,Q3,3781890,315,274.05,391.65,87,41.7,150,4.4,12890.0,Reported,Upscale,4,EUR,0.0,0.0
TXN14898,2528,CHN10,Bristol,UK,Europe,2020,Q1,204930,115,37.95,45.74,33,22.7,60,4.6,3204.0,Reported,Upscale,4,GBP,51.4545,-2.5879
TXN14899,5191,CHN11,Madrid,Spain,Europe,2021,Q2,359268,140,65.8,96.35,47,25.7,60,4.7,10606.0,Reported,Upscale,4,EUR,40.4168,-3.7038
TXN14900,5192,CHN04,Lombok,Indonesia,Asia Pacific,2023,Q1,2643984,172,104.92,121.96,61,32.4,280,4.7,9337.0,Reported,Upscale,4,IDR,-8.5833,116.35
TXN14901,5193,CHN10,Naples,Italy,Europe,2025,Q4,871718,188,118.44,139.18,63,33.5,80,4.5,3326.0,Estimated,Upscale,4,EUR,40.8518,14.2681
TXN14902,5194,CHN01,Fujairah,UAE,Middle East,2022,Q2,4626440,205,127.1,155.21,62,19.4,400,4.5,12224.0,Reported,Upper-Upscale,4,AED,25.1288,56.3264
TXN14903,5195,CHN01,Suzhou,China,Asia Pacific,2022,Q4,478106,116,64.96,90.27,56,22.7,80,4.4,10216.0,Reported,Upscale,4,CNY,31.2983,120.5832
TXN14904,5196,CHN04,Sydney,Australia,Asia Pacific,2022,Q3,2338934,642,423.72,551.8,66,42.8,60,4.6,3552.0,Reported,Luxury,5,AUD,-33.8688,151.2093
TXN14905,5197,CHN10,Gyeongju,South Korea,Asia Pacific,2020,Q2,914477,97,35.89,44.63,37,37.9,280,4.6,4420.0,Reported,Upscale,4,KRW,35.8562,129.2247
TXN14906,5198,CHN06,Varanasi,India,Asia Pacific,2023,Q1,450288,106,62.54,87.48,59,9.9,80,4.4,3617.0,Reported,Midscale,3,INR,25.3176,82.9739
TXN14907,4539,CHN08,Puebla,Mexico,Americas,2020,Q4,619344,132,44.88,62.92,34,43.3,150,4.4,7994.0,Reported,Upscale,4,MXN,19.0414,-98.2063
TXN14908,5199,CHN06,Abu Dhabi,UAE,Middle East,2025,Q4,535808,112,72.8,99.95,65,25.0,80,4.1,737.0,Estimated,Midscale,3,AED,24.4539,54.3773
TXN14909,5200,CHN12,Kuching,Malaysia,Asia Pacific,2021,Q3,5580058,624,336.96,386.68,54,26.0,180,4.9,8982.0,Reported,Luxury,5,MYR,1.5497,110.3626
TXN14910,5201,CHN04,Daegu,South Korea,Asia Pacific,2025,Q3,4049472,524,440.16,498.98,84,30.6,100,4.7,8257.0,Estimated,Luxury,5,KRW,35.8714,128.6014
TXN14911,5202,CHN10,Amsterdam,Netherlands,Europe,2022,Q3,1736040,185,125.8,172.3,68,22.8,150,4.7,10360.0,Reported,Upscale,4,EUR,52.3676,4.9041
TXN14912,2642,CHN03,New York,USA,Americas,2025,Q1,699840,216,129.6,168.55,60,14.6,60,4.4,2715.0,Estimated,Midscale,3,USD,40.7128,-74.006
TXN14913,5203,CHN04,London,UK,Europe,2024,Q1,23088240,1018,641.34,777.45,63,29.0,400,4.9,3400.0,Reported,Luxury,5,GBP,51.5074,-0.1278
TXN14914,5204,CHN03,Bandung,Indonesia,Asia Pacific,2025,Q4,2317517,492,314.88,430.48,64,37.0,80,4.7,9580.0,Estimated,Luxury,5,IDR,-6.9175,107.6191
TXN14915,5205,CHN08,Al Ula,Saudi Arabia,Middle East,2020,Q4,1352400,140,42.0,50.22,30,37.2,350,4.3,10100.0,Reported,Upscale,4,SAR,0.0,0.0
TXN14916,5206,CHN05,Fortaleza,Brazil,Americas,2023,Q3,4420416,520,400.4,576.64,77,43.2,120,4.7,10632.0,Reported,Luxury,5,BRL,-3.7319,-38.5267
TXN14917,5207,CHN06,Goa,India,Asia Pacific,2022,Q1,263952,47,24.44,28.33,52,15.9,120,3.8,,Reported,Economy,2,INR,15.2993,74.124
TXN14918,5208,CHN05,Groningen,Netherlands,Europe,2021,Q4,6935696,401,188.47,223.7,47,36.8,400,4.7,1712.0,Reported,Luxury,5,EUR,0.0,0.0
TXN14919,5209,CHN07,Verona,Italy,Europe,2025,Q1,1251720,57,34.77,47.23,61,13.4,400,3.8,3460.0,Estimated,Economy,2,EUR,45.4384,10.9916
TXN14920,5210,CHN09,Malaga,Spain,Europe,2019,Q2,1155773,294,211.68,237.87,72,35.3,60,4.9,,Reported,Luxury,5,EUR,36.7213,-4.4214
TXN14921,5211,CHN11,Phuket,Thailand,Asia Pacific,2022,Q3,2260440,108,70.2,99.07,65,12.1,350,,4662.0,Reported,Midscale,3,THB,7.8804,98.3923
TXN14922,5212,CHN03,Gyeongju,South Korea,Asia Pacific,2022,Q3,25247376,1089,784.08,1016.1,72,22.9,350,4.7,5492.0,Reported,Luxury,5,KRW,35.8562,129.2247
TXN14923,5213,CHN07,Ouarzazate,Morocco,Africa,2023,Q2,798034,203,146.16,174.14,72,34.3,60,4.5,1076.0,Reported,Upscale,4,MAD,0.0,0.0
TXN14924,5214,CHN06,Izmir,Turkey,Europe/Middle East,2019,Q1,549585,59,40.71,51.68,69,26.7,150,4.1,1961.0,Reported,Economy,2,TRY,38.4192,27.1287
TXN14925,5215,CHN12,Cameron Highlands,Malaysia,Asia Pacific,2021,Q3,655334,112,59.36,79.08,53,25.9,120,4.1,4264.0,Reported,Midscale,3,MYR,0.0,0.0
TXN14926,2979,CHN12,Al Ain,UAE,Middle East,2020,Q1,701568,87,27.84,40.72,32,26.7,280,4.1,772.0,Reported,Midscale,3,AED,24.2075,55.7447
TXN14927,5216,CHN01,Bologna,Italy,Europe,2021,Q4,3754262,347,145.74,174.44,42,35.1,280,4.9,12998.0,Reported,Luxury,5,EUR,44.4949,11.3426
TXN14928,5217,CHN09,Nice,France,Europe,2022,Q4,2596608,168,100.8,134.07,60,43.4,280,4.4,6218.0,Reported,Upper-Upscale,4,EUR,43.7102,7.262
TXN14929,5218,CHN02,Tokyo,Japan,Asia Pacific,2023,Q1,3370320,151,93.62,130.3,62,20.2,400,4.3,1372.0,Reported,Midscale,3,JPY,35.6762,139.6503
TXN14930,5219,CHN07,Adelaide,Australia,Asia Pacific,2023,Q2,2956153,214,147.66,174.05,69,19.1,220,4.5,7784.0,Reported,Upscale,4,AUD,-34.9285,138.6007
TXN14931,5220,CHN07,Kanchanaburi,Thailand,Asia Pacific,2022,Q3,811440,126,88.2,115.3,70,28.2,100,4.4,2323.0,Reported,Upscale,4,THB,0.0,0.0
TXN14932,5221,CHN10,Sokcho,South Korea,Asia Pacific,2024,Q2,1960686,171,143.64,199.87,84,39.2,150,4.6,9899.0,Reported,Upscale,4,KRW,38.207,128.5918
TXN14933,5222,CHN08,Jurong,Singapore,Asia Pacific,2025,Q4,6281318,381,243.84,279.67,64,38.2,280,4.9,11687.0,Estimated,Luxury,5,SGD,1.3404,103.709
TXN14934,1409,CHN07,Malacca,Malaysia,Asia Pacific,2025,Q1,223992,61,41.48,58.0,68,14.0,60,4.0,1881.0,Estimated,Economy,2,MYR,2.1896,102.2501
TXN14935,2841,CHN02,Toledo,Spain,Europe,2019,Q1,2396385,291,177.51,246.93,61,21.3,150,4.4,3467.0,Reported,Upper-Upscale,4,EUR,39.8628,-4.0273
TXN14936,5223,CHN07,Natal,Brazil,Americas,2021,Q2,478878,46,23.92,27.88,52,10.2,220,4.1,3625.0,Reported,Economy,2,BRL,-5.7945,-35.211
TXN14937,5224,CHN02,Las Vegas,USA,Americas,2021,Q3,12675208,757,393.64,541.12,52,38.6,350,4.7,7906.0,Reported,Luxury,5,USD,36.1699,-115.1398
TXN14938,5225,CHN10,Brasilia,Brazil,Americas,2023,Q3,2352293,149,116.22,144.28,78,29.5,220,4.5,10089.0,Reported,Upscale,4,BRL,-15.7975,-47.8919
TXN14939,2023,CHN08,Los Cabos,Mexico,Americas,2019,Q3,5097030,445,369.35,504.49,83,27.7,150,4.7,3906.0,Reported,Luxury,5,MXN,22.8905,-109.9167
TXN14940,5226,CHN12,Ras Al Khaimah,UAE,Middle East,2023,Q2,7873320,309,216.3,314.74,70,36.7,400,4.6,4726.0,Reported,Upscale,4,AED,25.8007,55.9762
TXN14941,5227,CHN08,Casablanca,Morocco,Africa,2020,Q3,883200,300,120.0,171.65,40,35.5,80,4.9,2843.0,Reported,Luxury,5,MAD,33.5731,-7.5898
TXN14942,5228,CHN11,Makassar,Indonesia,Asia Pacific,2019,Q3,1553622,101,76.76,93.73,76,8.5,220,4.1,1808.0,Reported,Midscale,3,IDR,0.0,0.0
TXN14943,4231,CHN09,Cancun,Mexico,Americas,2019,Q4,9909504,374,269.28,305.09,72,24.4,400,4.7,4066.0,Reported,Luxury,5,MXN,21.1619,-86.8515
TXN14944,5229,CHN08,Jakarta,Indonesia,Asia Pacific,2023,Q1,7843500,415,249.0,313.29,60,34.3,350,4.7,4158.0,Reported,Luxury,5,IDR,-6.2088,106.8456
TXN14945,5230,CHN05,Lombok,Indonesia,Asia Pacific,2023,Q2,1398852,366,256.2,315.96,70,24.6,60,4.8,8832.0,Reported,Upper-Upscale,5,IDR,-8.5833,116.35
TXN14946,5231,CHN10,Nha Trang,Vietnam,Asia Pacific,2021,Q1,7883190,582,250.26,307.9,43,26.9,350,4.9,6948.0,Reported,Luxury,5,VND,12.2388,109.1967
TXN14947,1373,CHN08,Amsterdam,Netherlands,Europe,2021,Q1,2542320,428,188.32,272.25,44,35.7,150,4.9,12317.0,Reported,Luxury,5,EUR,52.3676,4.9041
TXN14948,5137,CHN10,Amalfi,Italy,Europe,2024,Q2,9672800,897,708.63,977.88,79,28.7,150,4.8,13805.0,Reported,Luxury,5,EUR,40.634,14.6027
TXN14949,5232,CHN10,Lisbon,Portugal,Europe,2022,Q3,3532800,150,96.0,134.56,64,28.2,400,4.5,12705.0,Reported,Upscale,4,EUR,38.7223,-9.1393
TXN14950,5233,CHN01,Sapporo,Japan,Asia Pacific,2022,Q2,8440068,393,231.87,295.46,59,27.4,400,4.7,8289.0,Reported,Luxury,5,JPY,43.0618,141.3545
TXN14951,5234,CHN03,Tulum,Mexico,Americas,2024,Q1,5738040,231,159.39,234.36,69,22.2,400,4.6,5100.0,Reported,Upscale,4,MXN,20.2114,-87.4654
TXN14952,5235,CHN01,Pattaya,Thailand,Asia Pacific,2023,Q1,860436,257,159.34,185.93,62,23.2,60,4.4,2816.0,Reported,Upper-Upscale,4,THB,12.9236,100.8825
TXN14953,5236,CHN07,Chicago,USA,Americas,2023,Q1,400896,116,74.24,91.69,64,16.3,60,4.2,4732.0,Reported,Midscale,3,USD,41.8781,-87.6298
TXN14954,1476,CHN05,Da Lat,Vietnam,Asia Pacific,2025,Q4,2874816,496,312.48,455.19,63,26.0,100,4.9,2990.0,Estimated,Luxury,5,VND,0.0,0.0
TXN14955,5237,CHN10,Ayutthaya,Thailand,Asia Pacific,2021,Q2,6381575,613,318.76,430.54,52,24.9,220,4.7,4746.0,Reported,Luxury,5,THB,14.3532,100.5659
TXN14956,5238,CHN06,Ha Long Bay,Vietnam,Asia Pacific,2024,Q4,938326,61,46.36,53.59,76,17.1,220,3.9,2724.0,Reported,Economy,2,VND,20.9101,107.1839
TXN14957,5239,CHN03,Rabat,Morocco,Africa,2022,Q1,424800,100,59.0,67.36,59,10.4,80,4.2,4710.0,Reported,Midscale,3,MAD,33.9716,-6.8498
TXN14958,5240,CHN04,Little India,Singapore,Asia Pacific,2025,Q1,12154212,699,482.31,606.66,69,34.0,280,4.8,14005.0,Estimated,Luxury,5,SGD,1.3066,103.8518
TXN14959,5241,CHN07,Sapa,Vietnam,Asia Pacific,2020,Q3,1440352,103,39.14,52.9,38,29.9,400,4.6,9734.0,Reported,Upscale,4,VND,0.0,0.0
TXN14960,5242,CHN05,Crete,Greece,Europe,2025,Q1,3504060,412,259.56,378.8,63,36.0,150,4.7,1067.0,Estimated,Upper-Upscale,5,EUR,35.2401,24.8093
TXN14961,5243,CHN04,Bristol,UK,Europe,2023,Q1,6453720,394,256.1,372.38,65,19.0,280,4.6,4356.0,Reported,Upper-Upscale,5,GBP,51.4545,-2.5879
TXN14962,5244,CHN02,Chinatown,Singapore,Asia Pacific,2024,Q2,1468958,177,134.52,182.93,76,42.3,120,4.7,11154.0,Reported,Upscale,4,SGD,1.2826,103.8446
TXN14963,3542,CHN09,Los Cabos,Mexico,Americas,2024,Q4,1140340,185,123.95,147.03,67,29.6,100,4.5,1939.0,Reported,Upper-Upscale,4,MXN,22.8905,-109.9167
TXN14964,5245,CHN05,Miami,USA,Americas,2019,Q2,4589894,592,420.32,596.7,71,32.2,120,4.8,6712.0,Reported,Luxury,5,USD,25.7617,-80.1918
TXN14965,2594,CHN09,Medina,Saudi Arabia,Middle East,2024,Q1,6348384,376,251.92,364.64,67,30.3,280,4.9,,Reported,Luxury,5,SAR,24.5247,39.5692
TXN14966,5246,CHN11,Honolulu,USA,Americas,2019,Q1,4900896,286,194.48,251.31,68,39.7,280,5.0,12295.0,Reported,Upper-Upscale,5,USD,21.3069,-157.8583
TXN14967,5247,CHN02,Chinatown,Singapore,Asia Pacific,2022,Q3,1279978,93,63.24,84.98,68,25.8,220,4.4,2386.0,Reported,Midscale,3,SGD,1.2826,103.8446
TXN14968,2464,CHN10,Mykonos,Greece,Europe,2021,Q2,3250520,190,89.3,110.78,47,20.9,400,4.7,13981.0,Reported,Upscale,4,EUR,37.4467,25.3289
TXN14969,5248,CHN11,Zakynthos,Greece,Europe,2020,Q4,573804,81,28.35,41.53,35,15.1,220,4.2,2842.0,Reported,Midscale,3,EUR,37.7902,20.9051
TXN14970,5150,CHN08,Ipoh,Malaysia,Asia Pacific,2023,Q1,2224800,412,247.2,361.58,60,31.5,100,4.8,12137.0,Reported,Luxury,5,MYR,4.5975,101.0901
TXN14971,5249,CHN06,Rio de Janeiro,Brazil,Americas,2023,Q2,287123,58,39.44,54.84,68,25.4,80,3.9,3993.0,Reported,Economy,2,BRL,-22.9068,-43.1729
TXN14972,5250,CHN10,Ibiza,Spain,Europe,2022,Q1,9657360,526,268.26,334.53,51,35.7,400,4.7,,Reported,Luxury,5,EUR,38.9067,1.4206
TXN14973,5251,CHN05,Dammam,Saudi Arabia,Middle East,2021,Q4,1608381,533,218.53,294.43,41,35.2,80,4.9,13799.0,Reported,Luxury,5,SAR,26.4207,50.0888
TXN14974,3819,CHN12,Cappadocia,Turkey,Europe/Middle East,2024,Q3,3371174,347,305.36,352.61,88,22.5,120,4.4,5530.0,Reported,Upscale,4,TRY,38.6431,34.8289
TXN14975,5252,CHN09,Orlando,USA,Americas,2021,Q2,2207205,275,134.75,194.97,49,30.6,180,4.8,4467.0,Reported,Luxury,5,USD,28.5383,-81.3792
TXN14976,5253,CHN11,Sintra,Portugal,Europe,2020,Q3,1143744,74,31.08,43.58,42,23.1,400,4.1,4052.0,Reported,Midscale,3,EUR,38.7978,-9.3902
TXN14977,5254,CHN11,Ras Al Khaimah,UAE,Middle East,2020,Q2,473054,76,28.88,33.04,38,17.8,180,4.4,3491.0,Reported,Midscale,3,AED,25.8007,55.9762
TXN14978,5255,CHN12,Malaga,Spain,Europe,2022,Q1,306180,105,56.7,63.78,54,9.7,60,4.3,980.0,Reported,Midscale,3,EUR,36.7213,-4.4214
TXN14979,5256,CHN05,Brasilia,Brazil,Americas,2019,Q4,11486706,517,356.73,518.4,69,33.3,350,4.9,3083.0,Reported,Luxury,5,BRL,-15.7975,-47.8919
TXN14980,5257,CHN06,Ankara,Turkey,Europe/Middle East,2020,Q1,529200,70,21.0,28.59,30,19.8,280,4.4,2003.0,Reported,Midscale,3,TRY,39.9334,32.8597
TXN14981,2333,CHN09,Oaxaca,Mexico,Americas,2021,Q3,1046261,117,63.18,88.43,54,19.1,180,4.7,6359.0,Reported,Upscale,4,MXN,17.0732,-96.7266
TXN14982,5258,CHN09,Madrid,Spain,Europe,2025,Q3,5230016,187,142.12,200.25,76,38.0,400,4.4,4697.0,Estimated,Upper-Upscale,4,EUR,40.4168,-3.7038
TXN14983,5259,CHN07,Venice,Italy,Europe,2021,Q2,1719900,105,47.25,67.26,45,10.6,400,4.2,3230.0,Reported,Midscale,3,EUR,45.4408,12.3155
TXN14984,5260,CHN06,Kota Kinabalu,Malaysia,Asia Pacific,2021,Q1,176904,39,16.38,20.98,42,20.8,120,3.9,3687.0,Reported,Economy,2,MYR,5.9788,116.0753
TXN14985,5261,CHN07,Kusadasi,Turkey,Europe/Middle East,2021,Q1,702405,121,52.03,62.59,43,25.0,150,4.7,13937.0,Reported,Upscale,4,TRY,0.0,0.0
TXN14986,5262,CHN03,Krabi,Thailand,Asia Pacific,2021,Q3,371238,97,50.44,64.07,52,21.0,80,4.3,2560.0,Reported,Midscale,3,THB,8.0863,98.9063
TXN14987,5263,CHN06,Suwon,South Korea,Asia Pacific,2020,Q2,289089,38,14.44,18.05,38,14.5,220,3.9,385.0,Reported,Economy,2,KRW,37.2636,127.0286
TXN14988,5264,CHN11,Cappadocia,Turkey,Europe/Middle East,2025,Q3,2871504,204,173.4,222.11,85,24.3,180,4.6,6138.0,Estimated,Upscale,4,TRY,38.6431,34.8289
TXN14989,5265,CHN01,Darwin,Australia,Asia Pacific,2025,Q4,4565537,309,225.57,256.2,73,20.2,220,4.8,1558.0,Estimated,Upper-Upscale,5,AUD,-12.4634,130.8456
TXN14990,5266,CHN11,Agadir,Morocco,Africa,2020,Q4,901232,79,24.49,29.47,31,8.2,400,4.1,1313.0,Reported,Midscale,3,MAD,30.4278,-9.5981
TXN14991,5267,CHN11,Lyon,France,Europe,2025,Q1,877716,86,54.18,74.59,63,27.0,180,4.1,2784.0,Estimated,Midscale,3,EUR,45.764,4.8357
TXN14992,5268,CHN10,Bath,UK,Europe,2023,Q2,2777174,561,381.48,516.58,68,33.5,80,4.7,2497.0,Reported,Luxury,5,GBP,51.3811,-2.359
TXN14993,5269,CHN05,Nagoya,Japan,Asia Pacific,2023,Q3,1759334,128,106.24,137.9,83,23.4,180,4.3,3951.0,Reported,Midscale,3,JPY,35.1815,136.9066
TXN14994,1476,CHN05,Da Lat,Vietnam,Asia Pacific,2024,Q3,6949238,538,419.64,481.35,78,20.5,180,4.9,6444.0,Reported,Luxury,5,VND,0.0,0.0
TXN14995,5270,CHN06,Kanchanaburi,Thailand,Asia Pacific,2024,Q4,364320,55,39.6,50.67,72,8.5,100,,4235.0,Reported,Economy,2,THB,0.0,0.0
TXN14996,5271,CHN06,Granada,Spain,Europe,2025,Q4,1486426,108,73.44,98.66,68,18.5,220,4.4,3977.0,Estimated,Midscale,3,EUR,37.1773,-3.5986
TXN14997,4325,CHN02,Marina Bay,Singapore,Asia Pacific,2025,Q2,7567560,1188,831.6,1124.83,70,20.0,100,4.9,8512.0,Estimated,Luxury,5,SGD,1.2819,103.8636
TXN14998,5272,CHN09,Bilbao,Spain,Europe,2021,Q4,867155,274,117.82,137.77,43,38.4,80,4.7,12336.0,Reported,Luxury,5,EUR,43.263,-2.935
TXN14999,5273,CHN02,Rabat,Morocco,Africa,2025,Q1,2012040,405,279.45,407.18,69,32.5,80,4.6,4451.0,Estimated,Upper-Upscale,5,MAD,33.9716,-6.8498
TXN15000,5274,CHN01,Yanbu,Saudi Arabia,Middle East,2023,Q1,6818175,333,216.45,312.55,65,39.9,350,4.7,11005.0,Reported,Upper-Upscale,5,SAR,0.0,0.0
TXN15001,5275,CHN07,Azores,Portugal,Europe,2019,Q4,1284228,141,93.06,116.66,66,39.2,150,4.4,7551.0,Reported,Upscale,4,EUR,0.0,0.0
TXN15002,5276,CHN10,Beijing,China,Asia Pacific,2020,Q3,2248627,804,305.52,367.08,38,27.9,80,4.6,4224.0,Reported,Luxury,5,CNY,39.9042,116.4074
TXN15003,3844,CHN04,Jurong,Singapore,Asia Pacific,2022,Q1,1265328,303,175.74,205.99,58,43.5,80,4.8,14402.0,Reported,Upper-Upscale,5,SGD,1.3404,103.709
TXN15004,5277,CHN07,New Orleans,USA,Americas,2022,Q4,1380368,124,68.2,82.19,55,39.0,220,4.5,9571.0,Reported,Upscale,4,USD,29.9511,-90.0715
TXN15005,5278,CHN09,Malacca,Malaysia,Asia Pacific,2019,Q3,3805902,317,275.79,348.26,87,24.6,150,4.7,6825.0,Reported,Luxury,5,MYR,2.1896,102.2501
TXN15006,5279,CHN02,Tangier,Morocco,Africa,2025,Q1,3771630,687,419.07,597.64,61,18.6,100,5.0,10068.0,Estimated,Luxury,5,MAD,35.7595,-5.833
TXN15007,5280,CHN06,Sao Paulo,Brazil,Americas,2024,Q4,421618,57,38.19,56.12,67,25.9,120,3.8,591.0,Reported,Economy,2,BRL,-23.5505,-46.6333
TXN15008,2305,CHN11,Seoul,South Korea,Asia Pacific,2025,Q3,4638870,415,336.15,462.5,81,40.7,150,4.8,12480.0,Estimated,Upper-Upscale,5,KRW,37.5665,126.978
TXN15009,5281,CHN03,Clarke Quay,Singapore,Asia Pacific,2023,Q2,7959952,568,397.6,525.1,70,35.7,220,4.9,2524.0,Reported,Luxury,5,SGD,1.2906,103.8467
TXN15010,5282,CHN10,Medan,Indonesia,Asia Pacific,2019,Q1,673920,144,93.6,123.78,65,35.4,80,4.7,1698.0,Reported,Upscale,4,IDR,0.0,0.0
TXN15011,2993,CHN11,Hanoi,Vietnam,Asia Pacific,2021,Q2,672672,154,73.92,94.41,48,18.5,100,4.7,4308.0,Reported,Upscale,4,VND,21.0285,105.8542
TXN15012,5283,CHN01,Sintra,Portugal,Europe,2020,Q2,627463,169,57.46,71.3,34,19.7,120,4.7,5712.0,Reported,Upper-Upscale,4,EUR,38.7978,-9.3902
TXN15013,5284,CHN04,Canberra,Australia,Asia Pacific,2022,Q1,6737742,597,340.29,455.62,57,23.3,220,5.0,7013.0,Reported,Luxury,5,AUD,-35.2809,149.13
TXN15014,5285,CHN10,Cancun,Mexico,Americas,2024,Q2,1286831,179,141.41,195.17,79,35.3,100,4.6,4767.0,Reported,Upscale,4,MXN,21.1619,-86.8515
TXN15015,5286,CHN05,Jeonju,South Korea,Asia Pacific,2023,Q1,2744280,385,254.1,362.46,66,20.9,120,4.8,11132.0,Reported,Upper-Upscale,5,KRW,35.8242,127.148
TXN15016,5287,CHN05,Goa,India,Asia Pacific,2022,Q3,7178318,514,354.66,408.76,69,29.9,220,4.8,10188.0,Reported,Luxury,5,INR,15.2993,74.124
TXN15017,5288,CHN05,Heidelberg,Germany,Europe,2019,Q1,2948400,117,81.9,114.93,70,14.3,400,4.3,3381.0,Reported,Midscale,3,EUR,49.3988,8.6724
TXN15018,5289,CHN02,Mumbai,India,Asia Pacific,2022,Q1,4624515,277,146.81,204.41,53,35.5,350,4.6,3290.0,Reported,Upper-Upscale,4,INR,19.076,72.8777
TXN15019,5290,CHN07,Los Cabos,Mexico,Americas,2022,Q4,1055056,188,114.68,130.36,61,28.9,100,4.4,6953.0,Reported,Upscale,4,MXN,22.8905,-109.9167
TXN15020,5291,CHN05,Suwon,South Korea,Asia Pacific,2022,Q1,6342732,562,320.34,370.09,57,30.2,220,,14339.0,Reported,Luxury,5,KRW,37.2636,127.0286
TXN15021,5292,CHN09,Brasilia,Brazil,Americas,2024,Q1,7302960,336,231.84,299.92,69,31.9,350,4.8,9006.0,Reported,Luxury,5,BRL,-15.7975,-47.8919
TXN15022,5293,CHN03,Bologna,Italy,Europe,2022,Q4,6235944,1027,564.85,686.21,55,32.6,120,4.8,1740.0,Reported,Luxury,5,EUR,44.4949,11.3426
TXN15023,5294,CHN05,Oxford,UK,Europe,2021,Q2,5102370,356,160.2,191.28,45,40.2,350,4.8,9214.0,Reported,Luxury,5,GBP,51.752,-1.2577
TXN15024,5295,CHN03,Nara,Japan,Asia Pacific,2025,Q4,7856285,442,304.98,398.34,69,30.1,280,4.8,6817.0,Estimated,Luxury,5,JPY,34.6851,135.8048
TXN15025,5296,CHN12,Antalya,Turkey,Europe/Middle East,2020,Q3,300656,86,32.68,46.5,38,14.1,100,4.2,4578.0,Reported,Midscale,3,TRY,36.8969,30.7133
TXN15026,5297,CHN07,Meteora,Greece,Europe,2022,Q3,929016,153,100.98,145.66,66,28.3,100,4.4,3896.0,Reported,Upscale,4,EUR,0.0,0.0
TXN15027,5298,CHN04,Goa,India,Asia Pacific,2022,Q1,1060488,103,53.56,68.84,52,22.6,220,4.2,3370.0,Reported,Midscale,3,INR,15.2993,74.124
TXN15028,1345,CHN09,Delhi,India,Asia Pacific,2021,Q4,1092960,150,66.0,73.97,44,39.4,180,4.6,7185.0,Reported,Upper-Upscale,4,INR,28.6139,77.209
TXN15029,5299,CHN07,Manaus,Brazil,Americas,2019,Q2,367676,91,67.34,96.19,74,19.3,60,4.2,,Reported,Midscale,3,BRL,-3.119,-60.0217
TXN15030,5300,CHN05,Guilin,China,Asia Pacific,2024,Q2,2644533,443,363.26,427.55,82,23.8,80,4.6,4398.0,Reported,Upper-Upscale,5,CNY,25.2736,110.2907
TXN15031,1421,CHN01,Oxford,UK,Europe,2022,Q4,2697127,267,162.87,216.47,61,42.3,180,,8528.0,Reported,Upper-Upscale,5,GBP,51.752,-1.2577
TXN15032,5301,CHN07,Yanbu,Saudi Arabia,Middle East,2023,Q3,1705404,167,123.58,167.38,74,34.7,150,4.5,9083.0,Reported,Upscale,4,SAR,0.0,0.0
TXN15033,5302,CHN05,Madrid,Spain,Europe,2023,Q1,5382000,230,149.5,194.14,65,33.4,400,4.4,13744.0,Reported,Upscale,4,EUR,40.4168,-3.7038
TXN15034,5303,CHN07,Adelaide,Australia,Asia Pacific,2024,Q4,1711200,62,46.5,68.28,75,17.8,400,4.1,4434.0,Reported,Economy,2,AUD,-34.9285,138.6007
TXN15035,5304,CHN02,Hobart,Australia,Asia Pacific,2020,Q4,338100,105,36.75,49.44,35,37.6,100,4.4,11750.0,Reported,Upscale,4,AUD,-42.8821,147.3272
TXN15036,5305,CHN07,Kota Kinabalu,Malaysia,Asia Pacific,2020,Q2,244608,64,22.4,29.21,35,16.5,120,4.1,4602.0,Reported,Midscale,3,MYR,5.9788,116.0753
TXN15037,5306,CHN01,Manchester,UK,Europe,2025,Q4,7353192,346,228.36,304.65,66,33.8,350,4.6,4268.0,Estimated,Upper-Upscale,5,GBP,53.4808,-2.2426
TXN15038,5307,CHN07,Jurong,Singapore,Asia Pacific,2021,Q2,391810,138,71.76,89.77,52,31.5,60,4.6,12736.0,Reported,Upscale,4,SGD,1.3404,103.709
TXN15039,1158,CHN05,Meknes,Morocco,Africa,2019,Q4,10819200,480,336.0,416.65,70,33.0,350,4.8,1564.0,Reported,Luxury,5,MAD,0.0,0.0
TXN15040,5308,CHN02,Canberra,Australia,Asia Pacific,2025,Q2,4128852,398,302.48,386.61,76,32.0,150,4.9,12117.0,Estimated,Upper-Upscale,5,AUD,-35.2809,149.13
TXN15041,5309,CHN01,Fortaleza,Brazil,Americas,2025,Q1,13716648,1004,692.76,984.8,69,36.6,220,4.6,4325.0,Estimated,Luxury,5,BRL,-3.7319,-38.5267
TXN15042,4841,CHN01,Corfu,Greece,Europe,2025,Q1,2177280,336,201.6,271.02,60,26.3,120,4.7,12434.0,Estimated,Upper-Upscale,5,EUR,39.6243,19.9217
TXN15043,3758,CHN12,Belem,Brazil,Americas,2021,Q1,689634,99,42.57,51.86,43,18.0,180,4.4,3354.0,Reported,Midscale,3,BRL,-1.4558,-48.5044
TXN15044,5310,CHN09,Bandung,Indonesia,Asia Pacific,2021,Q3,5186592,261,140.94,200.4,54,20.7,400,4.7,2638.0,Reported,Luxury,5,IDR,-6.9175,107.6191
TXN15045,5311,CHN07,Rome,Italy,Europe,2025,Q4,411350,81,55.89,64.03,69,16.3,80,4.0,1112.0,Estimated,Economy,2,EUR,41.9028,12.4964
TXN15046,5312,CHN09,Rio de Janeiro,Brazil,Americas,2020,Q4,1426920,235,70.5,86.14,30,38.8,220,4.6,7704.0,Reported,Luxury,5,BRL,-22.9068,-43.1729
TXN15047,5313,CHN04,Andong,South Korea,Asia Pacific,2024,Q4,9078468,381,281.94,326.0,74,27.8,350,4.8,9603.0,Reported,Upper-Upscale,5,KRW,36.5684,128.7294
TXN15048,5314,CHN08,Kusadasi,Turkey,Europe/Middle East,2019,Q2,1551732,203,142.1,184.35,70,25.8,120,4.4,5939.0,Reported,Upscale,4,TRY,0.0,0.0
TXN15049,4315,CHN07,Guangzhou,China,Asia Pacific,2023,Q3,2098373,229,190.07,250.34,83,33.5,120,4.4,6432.0,Reported,Upscale,4,CNY,23.1291,113.2644
TXN15050,1850,CHN11,Cancun,Mexico,Americas,2024,Q2,5345777,398,326.36,401.5,82,32.9,180,5.0,8810.0,Reported,Upper-Upscale,5,MXN,21.1619,-86.8515
TXN15051,5315,CHN01,Delhi,India,Asia Pacific,2025,Q1,10799730,995,666.65,842.13,67,35.3,180,4.9,12087.0,Estimated,Luxury,5,INR,28.6139,77.209
TXN15052,5316,CHN07,Tokyo,Japan,Asia Pacific,2025,Q4,996250,141,90.24,105.03,64,8.4,120,4.3,250.0,Estimated,Midscale,3,JPY,35.6762,139.6503
TXN15053,5317,CHN06,Lombok,Indonesia,Asia Pacific,2021,Q1,148608,48,20.64,29.65,43,20.1,80,3.9,3504.0,Reported,Economy,2,IDR,-8.5833,116.35
TXN15054,5318,CHN08,Kota Kinabalu,Malaysia,Asia Pacific,2024,Q4,12599216,469,342.37,411.14,73,27.6,400,4.6,10963.0,Reported,Luxury,5,MYR,5.9788,116.0753
TXN15055,5319,CHN08,Trabzon,Turkey,Europe/Middle East,2024,Q1,6750018,467,340.91,458.6,73,35.6,220,4.8,2382.0,Reported,Luxury,5,TRY,0.0,0.0
TXN15056,5320,CHN03,Palermo,Italy,Europe,2019,Q3,29288090,1292,1136.96,1434.36,88,39.6,280,4.7,1978.0,Reported,Luxury,5,EUR,38.1157,13.3615
TXN15057,5321,CHN08,Fujairah,UAE,Middle East,2023,Q3,5030284,214,156.22,203.03,73,43.1,350,4.5,4833.0,Reported,Upscale,4,AED,25.1288,56.3264
TXN15058,5322,CHN09,Andong,South Korea,Asia Pacific,2024,Q3,6426605,378,317.52,385.62,84,27.7,220,4.7,8842.0,Reported,Luxury,5,KRW,36.5684,128.7294
TXN15059,4187,CHN09,Hoi An,Vietnam,Asia Pacific,2024,Q1,1973232,386,274.06,325.0,71,19.5,80,4.8,11034.0,Reported,Luxury,5,VND,15.8801,108.338
TXN15060,4334,CHN05,Da Nang,Vietnam,Asia Pacific,2021,Q4,479909,189,86.94,124.08,46,41.5,60,4.6,1896.0,Reported,Upscale,4,VND,16.0544,108.2022
TXN15061,5323,CHN01,Crete,Greece,Europe,2019,Q1,1831680,265,169.6,239.8,64,30.3,120,4.7,11133.0,Reported,Upper-Upscale,5,EUR,35.2401,24.8093
TXN15062,1039,CHN09,Daegu,South Korea,Asia Pacific,2025,Q2,3878784,384,284.16,383.71,74,27.0,150,4.7,8159.0,Estimated,Luxury,5,KRW,35.8714,128.6014
TXN15063,2249,CHN06,Fortaleza,Brazil,Americas,2020,Q3,939136,116,46.4,52.57,40,39.0,220,4.6,8950.0,Reported,Upscale,4,BRL,-3.7319,-38.5267
TXN15064,4424,CHN07,Orchard Road,Singapore,Asia Pacific,2025,Q2,1177176,231,161.7,202.37,70,40.9,80,4.7,8660.0,Estimated,Upscale,4,SGD,1.3048,103.8318
TXN15065,5324,CHN11,Fortaleza,Brazil,Americas,2021,Q2,512366,153,70.38,89.46,46,39.4,80,4.4,12415.0,Reported,Upscale,4,BRL,-3.7319,-38.5267
TXN15066,5325,CHN06,Canberra,Australia,Asia Pacific,2021,Q4,1149540,85,35.7,40.37,42,9.8,350,4.2,,Reported,Midscale,3,AUD,-35.2809,149.13
TXN15067,5326,CHN01,Sintra,Portugal,Europe,2019,Q3,3444480,117,93.6,116.25,80,10.0,400,4.2,3045.0,Reported,Upscale,3,EUR,38.7978,-9.3902
TXN15068,4588,CHN12,Haarlem,Netherlands,Europe,2019,Q4,2604336,337,235.9,291.96,70,28.4,120,4.5,10737.0,Reported,Upscale,4,EUR,0.0,0.0
TXN15069,5327,CHN05,Hue,Vietnam,Asia Pacific,2019,Q3,5683392,390,343.2,399.99,88,22.5,180,4.8,1730.0,Reported,Upper-Upscale,5,VND,16.4637,107.5909
TXN15070,3187,CHN07,Langkawi,Malaysia,Asia Pacific,2020,Q1,612045,67,19.43,24.18,29,9.0,350,4.3,1973.0,Reported,Midscale,3,MYR,6.35,99.8
TXN15071,5328,CHN03,Incheon,South Korea,Asia Pacific,2025,Q1,2852190,215,144.05,164.75,67,25.9,220,4.5,11887.0,Estimated,Upper-Upscale,4,KRW,37.4563,126.7052
TXN15072,5329,CHN10,Nagoya,Japan,Asia Pacific,2019,Q4,3060288,144,95.04,110.05,66,41.1,350,4.6,3664.0,Reported,Upscale,4,JPY,35.1815,136.9066
TXN15073,5330,CHN03,Palermo,Italy,Europe,2020,Q2,311111,77,28.49,41.4,37,15.2,120,4.3,3130.0,Reported,Midscale,3,EUR,38.1157,13.3615
TXN15074,5331,CHN06,Meteora,Greece,Europe,2022,Q4,343050,79,46.61,53.27,59,17.5,80,4.2,1596.0,Reported,Midscale,3,EUR,0.0,0.0
TXN15075,5332,CHN06,Rotterdam,Netherlands,Europe,2025,Q4,708768,107,77.04,100.88,72,26.7,100,4.2,1795.0,Estimated,Midscale,3,EUR,51.9244,4.4777
TXN15076,5333,CHN01,Los Cabos,Mexico,Americas,2021,Q3,3795607,329,187.53,214.81,57,42.1,220,5.0,3791.0,Reported,Luxury,5,MXN,22.8905,-109.9167
TXN15077,5334,CHN08,Strasbourg,France,Europe,2020,Q2,853580,335,117.25,166.02,35,34.6,80,4.9,4326.0,Reported,Luxury,5,EUR,48.5734,7.7521
TXN15078,5335,CHN03,Darwin,Australia,Asia Pacific,2022,Q2,549494,148,100.64,143.4,68,30.0,60,4.7,8421.0,Reported,Upper-Upscale,4,AUD,-12.4634,130.8456
TXN15079,1146,CHN06,Little India,Singapore,Asia Pacific,2022,Q2,1931748,87,53.07,75.14,61,10.9,400,4.3,1319.0,Reported,Midscale,3,SGD,1.3066,103.8518
TXN15080,5336,CHN02,Bath,UK,Europe,2025,Q4,1742802,173,126.29,152.49,73,25.9,150,4.5,1697.0,Estimated,Upscale,4,GBP,51.3811,-2.359
TXN15081,4800,CHN11,Oaxaca,Mexico,Americas,2024,Q3,1790835,88,69.52,92.23,79,10.2,280,4.2,326.0,Reported,Midscale,3,MXN,17.0732,-96.7266
TXN15082,5337,CHN09,Sapa,Vietnam,Asia Pacific,2019,Q1,976860,162,108.54,145.06,67,39.3,100,4.3,13154.0,Reported,Upscale,4,VND,0.0,0.0
TXN15083,5338,CHN01,Osaka,Japan,Asia Pacific,2023,Q4,26546784,1093,721.38,997.96,66,25.6,400,4.7,12241.0,Reported,Luxury,5,JPY,34.6937,135.5023
TXN15084,2183,CHN07,Florence,Italy,Europe,2022,Q1,186120,47,25.85,36.1,55,9.1,80,4.0,1797.0,Reported,Economy,2,EUR,43.7696,11.2558
TXN15085,5339,CHN09,Berlin,Germany,Europe,2023,Q2,4494945,445,329.3,476.34,74,32.1,150,4.6,6434.0,Reported,Luxury,5,EUR,52.52,13.405
TXN15086,5340,CHN02,Zakynthos,Greece,Europe,2019,Q1,9098892,666,459.54,522.65,69,30.4,220,4.8,6455.0,Reported,Luxury,5,EUR,37.7902,20.9051
TXN15087,5341,CHN06,Recife,Brazil,Americas,2022,Q4,1363219,98,52.92,62.27,54,28.0,280,4.2,3100.0,Reported,Midscale,3,BRL,-8.0476,-34.877
TXN15088,1140,CHN09,Playa del Carmen,Mexico,Americas,2022,Q4,1719590,144,84.96,103.12,59,18.2,220,4.6,12656.0,Reported,Upscale,4,MXN,20.6296,-87.0739
TXN15089,4847,CHN01,Las Vegas,USA,Americas,2021,Q1,3166020,410,159.9,193.01,39,28.1,220,4.9,11653.0,Reported,Luxury,5,USD,36.1699,-115.1398
TXN15090,5342,CHN04,Beijing,China,Asia Pacific,2023,Q1,328158,103,60.77,79.53,59,15.4,60,4.0,2130.0,Reported,Economy,2,CNY,39.9042,116.4074
TXN15091,5343,CHN05,Bodrum,Turkey,Europe/Middle East,2024,Q1,10137960,447,321.84,376.49,72,36.7,350,4.7,8936.0,Reported,Upper-Upscale,5,TRY,37.0344,27.4305
TXN15092,4636,CHN08,Al Ain,UAE,Middle East,2019,Q4,3994272,402,289.44,361.55,72,27.1,150,,13134.0,Reported,Luxury,5,AED,24.2075,55.7447
TXN15093,5344,CHN10,Andong,South Korea,Asia Pacific,2022,Q1,5700240,754,422.24,561.68,56,29.1,150,4.6,5660.0,Reported,Luxury,5,KRW,36.5684,128.7294
TXN15094,1862,CHN01,Hue,Vietnam,Asia Pacific,2025,Q1,7227792,1014,669.24,873.58,66,31.1,120,4.7,3076.0,Estimated,Luxury,5,VND,16.4637,107.5909
TXN15095,5345,CHN10,Hong Kong,China,Asia Pacific,2024,Q2,1872780,245,205.8,272.54,84,34.1,100,4.4,10316.0,Reported,Upscale,4,CNY,22.3193,114.1694
TXN15096,5346,CHN08,Maastricht,Netherlands,Europe,2020,Q2,487578,141,53.58,61.3,38,38.8,100,4.6,12546.0,Reported,Upscale,4,EUR,50.8514,5.691
TXN15097,5347,CHN07,Meknes,Morocco,Africa,2024,Q4,1448540,235,157.45,222.5,67,25.5,100,4.4,1177.0,Reported,Upscale,4,MAD,0.0,0.0
TXN15098,5348,CHN12,Venice,Italy,Europe,2020,Q4,1679736,358,121.72,179.25,34,38.6,150,4.6,12070.0,Reported,Upscale,4,EUR,45.4408,12.3155
TXN15099,5349,CHN12,Corfu,Greece,Europe,2024,Q1,11325798,829,572.01,731.65,69,39.7,220,4.9,7912.0,Reported,Luxury,5,EUR,39.6243,19.9217
TXN15100,4274,CHN09,Miami,USA,Americas,2019,Q2,2623421,168,131.04,149.59,78,23.0,220,4.7,3821.0,Reported,Upscale,4,USD,25.7617,-80.1918
TXN15101,5350,CHN05,Pamukkale,Turkey,Europe/Middle East,2025,Q4,1849586,459,335.07,432.54,73,22.4,60,4.8,4175.0,Estimated,Luxury,5,TRY,37.9214,29.1189
TXN15102,5351,CHN09,Madeira,Portugal,Europe,2020,Q2,3030846,244,95.16,130.85,39,31.0,350,4.7,7297.0,Reported,Luxury,5,EUR,32.6669,-16.9241
TXN15103,2187,CHN07,Merida,Mexico,Americas,2025,Q1,651240,108,72.36,83.47,67,13.1,100,4.4,3261.0,Estimated,Midscale,3,MXN,20.9674,-89.5926
TXN15104,5352,CHN04,Hanoi,Vietnam,Asia Pacific,2023,Q4,450708,69,48.99,70.8,71,10.7,100,4.1,3004.0,Reported,Economy,2,VND,21.0285,105.8542
TXN15105,5353,CHN11,Cascais,Portugal,Europe,2020,Q3,185472,63,25.2,36.97,40,16.7,80,4.3,546.0,Reported,Midscale,3,EUR,0.0,0.0
TXN15106,5354,CHN03,Kuala Lumpur,Malaysia,Asia Pacific,2022,Q1,440550,89,48.95,71.57,55,23.2,100,4.2,2288.0,Reported,Midscale,3,MYR,3.139,101.6869
TXN15107,5355,CHN09,Birmingham,UK,Europe,2023,Q2,4176900,340,255.0,332.61,75,30.7,180,5.0,13532.0,Reported,Luxury,5,GBP,52.4862,-1.8904
TXN15108,1398,CHN09,Bangkok,Thailand,Asia Pacific,2022,Q2,1398852,305,192.15,270.99,63,32.2,80,4.7,5392.0,Reported,Luxury,5,THB,13.7563,100.5018
TXN15109,5356,CHN04,Birmingham,UK,Europe,2023,Q1,12535380,974,633.1,804.2,65,28.7,220,4.7,1325.0,Reported,Luxury,5,GBP,52.4862,-1.8904
TXN15110,5357,CHN03,Natal,Brazil,Americas,2020,Q3,1204022,123,46.74,62.38,38,24.5,280,4.7,10402.0,Reported,Upper-Upscale,4,BRL,-5.7945,-35.211
TXN15111,5358,CHN02,Johor Bahru,Malaysia,Asia Pacific,2021,Q2,2129946,332,156.04,186.26,47,32.1,150,4.7,6557.0,Reported,Upper-Upscale,5,MYR,1.4927,103.7414
TXN15112,5359,CHN03,Yanbu,Saudi Arabia,Middle East,2022,Q4,7274624,353,197.68,236.16,56,34.0,400,4.6,8657.0,Reported,Luxury,5,SAR,0.0,0.0
TXN15113,4231,CHN09,Cancun,Mexico,Americas,2023,Q3,2735712,354,297.36,380.84,84,18.8,100,4.6,4892.0,Reported,Luxury,5,MXN,21.1619,-86.8515
TXN15114,5360,CHN11,Labuan Bajo,Indonesia,Asia Pacific,2025,Q3,2825909,179,139.62,166.62,78,41.7,220,4.6,4527.0,Estimated,Upscale,4,IDR,0.0,0.0
TXN15115,5361,CHN06,Zakynthos,Greece,Europe,2022,Q4,979855,97,59.17,81.82,61,20.1,180,4.2,1995.0,Reported,Midscale,3,EUR,37.7902,20.9051
TXN15116,5362,CHN06,Coimbra,Portugal,Europe,2020,Q3,1663452,126,51.66,67.93,41,20.8,350,4.5,3430.0,Reported,Upscale,4,EUR,0.0,0.0
TXN15117,2283,CHN08,Changi,Singapore,Asia Pacific,2022,Q1,3004155,187,95.37,129.27,51,18.6,350,4.4,13812.0,Reported,Upscale,4,SGD,1.3644,103.9915
TXN15118,5363,CHN05,Ayutthaya,Thailand,Asia Pacific,2022,Q1,5516028,413,218.89,285.69,53,40.7,280,4.9,11230.0,Reported,Luxury,5,THB,14.3532,100.5659
TXN15119,5364,CHN05,Xian,China,Asia Pacific,2021,Q4,1138077,329,154.63,228.3,47,35.8,80,4.7,6016.0,Reported,Luxury,5,CNY,34.3416,108.9398
TXN15120,5365,CHN07,Riyadh,Saudi Arabia,Middle East,2022,Q3,2052943,161,101.43,113.96,63,41.2,220,4.4,5820.0,Reported,Upscale,4,SAR,24.6877,46.7219
TXN15121,5366,CHN11,Hanoi,Vietnam,Asia Pacific,2023,Q1,1704780,82,54.12,78.79,66,15.1,350,4.3,4621.0,Reported,Midscale,3,VND,21.0285,105.8542
TXN15122,5367,CHN03,Al Ain,UAE,Middle East,2023,Q1,2025765,109,64.31,76.72,59,27.9,350,4.4,623.0,Reported,Midscale,3,AED,24.2075,55.7447
TXN15123,5368,CHN12,Izmir,Turkey,Europe/Middle East,2022,Q1,6764076,589,341.62,419.01,58,37.3,220,4.8,14977.0,Reported,Luxury,5,TRY,38.4192,27.1287
TXN15124,5369,CHN01,Liverpool,UK,Europe,2025,Q4,16359790,1283,808.29,1171.02,63,39.8,220,4.9,1138.0,Estimated,Luxury,5,GBP,53.4084,-2.9916
TXN15125,5187,CHN07,Seville,Spain,Europe,2022,Q1,2741040,141,76.14,103.24,54,26.7,400,4.6,12430.0,Reported,Upscale,4,EUR,37.3891,-5.9845
TXN15126,5370,CHN05,Gold Coast,Australia,Asia Pacific,2025,Q4,1289472,128,93.44,125.71,73,16.8,150,4.4,999.0,Estimated,Midscale,3,AUD,-28.0167,153.4
TXN15127,5371,CHN08,Thessaloniki,Greece,Europe,2020,Q2,993793,146,49.64,64.82,34,36.4,220,4.6,2714.0,Reported,Upscale,4,EUR,40.6401,22.9444
TXN15128,5372,CHN06,Corfu,Greece,Europe,2019,Q4,2349257,159,116.07,159.64,73,38.8,220,4.6,3503.0,Reported,Upscale,4,EUR,39.6243,19.9217
TXN15129,5373,CHN12,Valencia,Spain,Europe,2022,Q4,362774,124,65.72,88.83,53,23.5,60,4.2,3519.0,Reported,Midscale,3,EUR,39.4699,-0.3763
TXN15130,5374,CHN02,Zhangjiajie,China,Asia Pacific,2019,Q4,3062496,760,554.8,790.94,73,38.0,60,4.8,9303.0,Reported,Luxury,5,CNY,29.117,110.4793
TXN15131,5375,CHN08,Strasbourg,France,Europe,2021,Q1,374220,165,69.3,91.35,42,35.2,60,4.5,12070.0,Reported,Upscale,4,EUR,48.5734,7.7521
TXN15132,5376,CHN03,Mumbai,India,Asia Pacific,2022,Q1,1382940,197,102.44,130.96,52,31.9,150,4.7,9411.0,Reported,Upscale,4,INR,19.076,72.8777
TXN15133,5377,CHN03,Nara,Japan,Asia Pacific,2022,Q4,1013141,161,91.77,111.85,57,35.4,120,4.3,12286.0,Reported,Upper-Upscale,4,JPY,34.6851,135.8048
TXN15134,5378,CHN11,Bur Dubai,UAE,Middle East,2023,Q1,1154142,87,58.29,66.02,67,19.3,220,4.3,973.0,Reported,Midscale,3,AED,25.2535,55.296
TXN15135,5379,CHN01,Agadir,Morocco,Africa,2021,Q1,823680,104,41.6,52.76,40,23.2,220,4.6,6934.0,Reported,Upscale,4,MAD,30.4278,-9.5981
TXN15136,3089,CHN02,Nagoya,Japan,Asia Pacific,2020,Q2,1107943,267,101.46,122.38,38,36.7,120,4.9,2909.0,Reported,Upper-Upscale,5,JPY,35.1815,136.9066
TXN15137,1807,CHN07,Abu Dhabi,UAE,Middle East,2021,Q3,243984,65,33.15,39.11,51,17.5,80,4.3,1271.0,Reported,Midscale,3,AED,24.4539,54.3773
TXN15138,5380,CHN06,New York,USA,Americas,2022,Q4,1788480,90,48.6,57.63,54,14.1,400,3.9,784.0,Reported,Economy,2,USD,40.7128,-74.006
TXN15139,3451,CHN11,Meknes,Morocco,Africa,2020,Q3,690690,55,21.45,26.49,39,20.9,350,4.4,2129.0,Reported,Midscale,3,MAD,0.0,0.0
TXN15140,5381,CHN08,Varanasi,India,Asia Pacific,2024,Q4,4269720,221,165.75,201.07,75,34.9,280,4.7,5325.0,Reported,Upscale,4,INR,25.3176,82.9739
TXN15141,5382,CHN11,Mexico City,Mexico,Americas,2025,Q1,1154736,108,71.28,92.36,66,16.5,180,4.4,4712.0,Estimated,Midscale,3,MXN,19.4326,-99.1332
TXN15142,5383,CHN06,Antalya,Turkey,Europe/Middle East,2021,Q1,594216,131,55.02,73.4,42,30.2,120,4.5,13289.0,Reported,Upscale,4,TRY,36.8969,30.7133
TXN15143,5384,CHN09,Barcelona,Spain,Europe,2022,Q1,2657844,199,105.47,138.44,53,35.7,280,4.5,13553.0,Reported,Upper-Upscale,4,EUR,41.3851,2.1734
TXN15144,5385,CHN03,Evora,Portugal,Europe,2020,Q2,667066,77,26.18,37.08,34,27.4,280,4.2,3735.0,Reported,Midscale,3,EUR,0.0,0.0
TXN15145,5386,CHN09,Berlin,Germany,Europe,2025,Q4,5821760,226,158.2,206.88,70,22.7,400,4.5,4329.0,Estimated,Upper-Upscale,4,EUR,52.52,13.405
TXN15146,3515,CHN10,Ras Al Khaimah,UAE,Middle East,2022,Q3,1328774,354,240.72,314.32,68,34.7,60,4.8,12240.0,Reported,Luxury,5,AED,25.8007,55.9762
TXN15147,3814,CHN08,Hoi An,Vietnam,Asia Pacific,2025,Q4,1236480,210,134.4,198.02,64,37.6,100,4.6,4185.0,Estimated,Upscale,4,VND,15.8801,108.338
TXN15148,5387,CHN10,Rio de Janeiro,Brazil,Americas,2023,Q4,3088164,501,335.67,476.08,67,28.9,100,4.7,4803.0,Reported,Luxury,5,BRL,-22.9068,-43.1729
TXN15149,2044,CHN02,Medan,Indonesia,Asia Pacific,2020,Q1,648585,71,20.59,24.69,29,11.3,350,4.3,4202.0,Reported,Midscale,3,IDR,0.0,0.0
TXN15150,5388,CHN05,Meknes,Morocco,Africa,2022,Q4,1902854,417,258.54,342.53,62,22.5,80,4.8,6559.0,Reported,Luxury,5,MAD,0.0,0.0
TXN15151,5389,CHN11,Kochi,India,Asia Pacific,2019,Q1,1542240,90,61.2,90.26,68,14.1,280,4.3,2896.0,Reported,Midscale,3,INR,9.9312,76.2673
TXN15152,5390,CHN01,Canberra,Australia,Asia Pacific,2022,Q1,3507840,240,139.2,160.69,58,24.0,280,5.0,14211.0,Reported,Upper-Upscale,5,AUD,-35.2809,149.13
TXN15153,5391,CHN01,Belem,Brazil,Americas,2021,Q4,264960,80,36.0,43.65,45,18.4,80,4.1,524.0,Reported,Upscale,3,BRL,-1.4558,-48.5044
TXN15154,5392,CHN09,Hamburg,Germany,Europe,2022,Q4,1046592,158,94.8,128.25,60,30.0,120,4.3,10573.0,Reported,Upper-Upscale,4,EUR,53.5511,9.9937
TXN15155,5393,CHN01,Daegu,South Korea,Asia Pacific,2023,Q1,7473600,346,207.6,245.52,60,33.5,400,4.9,5682.0,Reported,Upper-Upscale,5,KRW,35.8714,128.6014
TXN15156,5394,CHN06,Leiden,Netherlands,Europe,2024,Q3,3393880,124,105.4,155.46,85,9.8,350,4.4,,Reported,Midscale,3,EUR,0.0,0.0
TXN15157,5395,CHN07,Phuket,Thailand,Asia Pacific,2025,Q1,2406096,154,95.48,139.72,62,37.6,280,4.7,,Estimated,Upscale,4,THB,7.8804,98.3923
TXN15158,5396,CHN11,Dresden,Germany,Europe,2021,Q4,1587276,213,95.85,111.37,45,37.3,180,5.0,14632.0,Reported,Upper-Upscale,5,EUR,51.0509,13.7383
TXN15159,2368,CHN04,Groningen,Netherlands,Europe,2022,Q2,6013280,295,188.8,239.89,64,22.4,350,4.9,1017.0,Reported,Upper-Upscale,5,EUR,0.0,0.0
TXN15160,3437,CHN04,Oaxaca,Mexico,Americas,2019,Q1,2684556,159,106.53,124.35,67,33.1,280,4.4,11912.0,Reported,Upscale,4,MXN,17.0732,-96.7266
TXN15161,5397,CHN07,Woodlands,Singapore,Asia Pacific,2021,Q1,257040,68,28.56,40.56,42,27.5,100,4.2,2021.0,Reported,Midscale,3,SGD,1.437,103.7862
TXN15162,2292,CHN02,Bath,UK,Europe,2022,Q2,1648237,75,51.75,63.23,69,11.4,350,4.3,4950.0,Reported,Midscale,3,GBP,51.3811,-2.359
TXN15163,5398,CHN06,Rabat,Morocco,Africa,2019,Q4,624128,106,67.84,85.15,64,26.2,100,4.3,696.0,Reported,Midscale,3,MAD,33.9716,-6.8498
TXN15164,5399,CHN03,Frankfurt,Germany,Europe,2021,Q4,3152196,423,190.35,237.1,45,18.7,180,4.7,6747.0,Reported,Luxury,5,EUR,50.1109,8.6821
TXN15165,5400,CHN01,Meteora,Greece,Europe,2019,Q3,1548360,110,93.5,117.89,85,20.8,180,4.4,1487.0,Reported,Upscale,3,EUR,0.0,0.0
TXN15166,5401,CHN06,Mumbai,India,Asia Pacific,2022,Q4,1345960,95,52.25,74.01,55,19.4,280,4.2,1499.0,Reported,Midscale,3,INR,19.076,72.8777
TXN15167,5402,CHN09,Coimbra,Portugal,Europe,2020,Q4,333960,110,36.3,50.7,33,41.8,100,4.6,13626.0,Reported,Upscale,4,EUR,0.0,0.0
TXN15168,2400,CHN10,Essaouira,Morocco,Africa,2022,Q1,3290760,554,304.7,436.23,55,36.8,120,4.9,2824.0,Reported,Luxury,5,MAD,31.5125,-9.77
TXN15169,1314,CHN10,Suwon,South Korea,Asia Pacific,2025,Q1,2810808,169,111.54,136.6,66,25.1,280,4.4,13262.0,Estimated,Upscale,4,KRW,37.2636,127.0286
TXN15170,5403,CHN01,Canberra,Australia,Asia Pacific,2021,Q3,5160758,954,467.46,544.36,49,29.4,120,5.0,14436.0,Reported,Luxury,5,AUD,-35.2809,149.13
TXN15171,4791,CHN06,Hua Hin,Thailand,Asia Pacific,2020,Q3,464968,38,14.44,17.41,38,11.8,350,4.1,2707.0,Reported,Economy,2,THB,12.5684,99.9578
TXN15172,5404,CHN03,Jurong,Singapore,Asia Pacific,2020,Q1,886356,283,82.07,116.95,29,28.8,120,5.0,6641.0,Reported,Luxury,5,SGD,1.3404,103.709
TXN15173,5405,CHN03,Fukuoka,Japan,Asia Pacific,2020,Q4,261096,86,28.38,39.3,33,26.6,100,4.4,4789.0,Reported,Midscale,3,JPY,33.5904,130.4017
TXN15174,5406,CHN07,Ayutthaya,Thailand,Asia Pacific,2019,Q3,1003094,59,49.56,59.61,84,16.0,220,3.8,830.0,Reported,Economy,2,THB,14.3532,100.5659
TXN15175,4544,CHN03,Istanbul,Turkey,Europe/Middle East,2019,Q4,5275648,224,143.36,176.42,64,32.4,400,4.5,1463.0,Reported,Upper-Upscale,4,TRY,41.0082,28.9784
TXN15176,5407,CHN10,Verona,Italy,Europe,2021,Q1,4972968,598,251.16,287.93,42,30.7,220,4.8,10775.0,Reported,Luxury,5,EUR,45.4384,10.9916
TXN15177,5408,CHN04,San Francisco,USA,Americas,2022,Q3,3818322,401,276.69,335.06,69,28.1,150,4.4,1488.0,Reported,Upscale,4,USD,37.7749,-122.4194
TXN15178,5409,CHN04,Sokcho,South Korea,Asia Pacific,2019,Q4,9016920,675,445.5,528.05,66,22.0,220,5.0,1254.0,Reported,Luxury,5,KRW,38.207,128.5918
TXN15179,2292,CHN02,Bath,UK,Europe,2022,Q4,1813504,88,49.28,57.9,56,9.8,400,4.1,4460.0,Reported,Midscale,3,GBP,51.3811,-2.359
TXN15180,5410,CHN01,Jaipur,India,Asia Pacific,2023,Q4,8206915,1199,743.38,1029.34,62,40.1,120,4.6,3399.0,Reported,Luxury,5,INR,26.9124,75.7873
TXN15181,3863,CHN03,Ankara,Turkey,Europe/Middle East,2025,Q3,2074526,437,375.82,432.26,86,28.1,60,4.7,1216.0,Estimated,Luxury,5,TRY,39.9334,32.8597
TXN15182,5411,CHN05,Valencia,Spain,Europe,2021,Q4,3198150,515,231.75,299.52,45,43.2,150,4.7,11781.0,Reported,Luxury,5,EUR,39.4699,-0.3763
TXN15183,4313,CHN02,Florianopolis,Brazil,Americas,2021,Q2,1558966,243,114.21,143.86,47,38.1,150,4.6,14444.0,Reported,Upper-Upscale,4,BRL,-27.5954,-48.548
TXN15184,5412,CHN02,Hong Kong,China,Asia Pacific,2021,Q2,679442,122,62.22,73.44,51,20.4,120,4.1,4785.0,Reported,Midscale,3,CNY,22.3193,114.1694
TXN15185,2188,CHN01,Merida,Mexico,Americas,2021,Q2,1066593,91,41.86,59.77,46,34.0,280,4.6,5439.0,Reported,Upscale,4,MXN,20.9674,-89.5926
TXN15186,2638,CHN12,Nha Trang,Vietnam,Asia Pacific,2020,Q2,536609,91,32.76,37.8,36,19.6,180,4.3,2145.0,Reported,Midscale,3,VND,12.2388,109.1967
TXN15187,5413,CHN02,Seoul,South Korea,Asia Pacific,2025,Q2,13403991,943,669.53,776.5,71,42.8,220,4.7,2983.0,Estimated,Luxury,5,KRW,37.5665,126.978
TXN15188,5414,CHN08,Sydney,Australia,Asia Pacific,2023,Q4,7520080,335,204.35,260.83,61,31.7,400,4.6,13358.0,Reported,Upscale,4,AUD,-33.8688,151.2093
TXN15189,5415,CHN10,Fortaleza,Brazil,Americas,2025,Q2,3829644,167,120.24,167.41,72,29.6,350,4.5,12588.0,Estimated,Upscale,4,BRL,-3.7319,-38.5267
TXN15190,5416,CHN01,Krabi,Thailand,Asia Pacific,2025,Q2,8620521,347,270.66,384.3,78,21.2,350,4.9,4845.0,Estimated,Upper-Upscale,5,THB,8.0863,98.9063
TXN15191,2708,CHN10,Cologne,Germany,Europe,2019,Q2,7505316,580,458.2,575.12,79,36.1,180,4.6,6997.0,Reported,Luxury,5,EUR,50.9333,6.95
TXN15192,2628,CHN08,Izmir,Turkey,Europe/Middle East,2024,Q2,2735460,501,375.75,472.97,75,34.9,80,4.9,4335.0,Reported,Luxury,5,TRY,38.4192,27.1287
TXN15193,5417,CHN10,Woodlands,Singapore,Asia Pacific,2024,Q3,10103330,431,392.21,570.68,91,19.0,280,4.7,9721.0,Reported,Luxury,5,SGD,1.437,103.7862
TXN15194,5418,CHN12,Langkawi,Malaysia,Asia Pacific,2019,Q4,872822,236,158.12,231.39,67,37.8,60,4.3,5827.0,Reported,Upscale,4,MYR,6.35,99.8
TXN15195,5419,CHN02,Strasbourg,France,Europe,2024,Q1,3514104,319,216.92,308.15,68,23.0,180,4.4,10007.0,Reported,Upper-Upscale,4,EUR,48.5734,7.7521
TXN15196,5420,CHN04,Natal,Brazil,Americas,2025,Q3,10967651,713,541.88,790.48,76,32.5,220,4.7,13766.0,Estimated,Luxury,5,BRL,-5.7945,-35.211
TXN15197,5421,CHN06,Agadir,Morocco,Africa,2025,Q4,685032,170,124.1,173.14,73,18.0,60,4.7,8942.0,Estimated,Upscale,4,MAD,30.4278,-9.5981
TXN15198,5422,CHN08,Makassar,Indonesia,Asia Pacific,2020,Q4,1339520,130,41.6,55.0,32,33.2,350,4.5,11885.0,Reported,Upscale,4,IDR,0.0,0.0
TXN15199,3933,CHN01,JBR,UAE,Middle East,2025,Q4,15060179,1048,744.08,1092.53,71,36.2,220,4.9,3606.0,Estimated,Luxury,5,AED,25.0777,55.1308
TXN15200,5423,CHN07,Casablanca,Morocco,Africa,2019,Q3,538016,86,73.1,95.29,85,27.3,80,4.1,2654.0,Reported,Midscale,3,MAD,33.5731,-7.5898
TXN15201,5424,CHN04,Belem,Brazil,Americas,2022,Q2,278678,58,38.28,49.23,66,20.6,80,3.9,,Reported,Economy,2,BRL,-1.4558,-48.5044
TXN15202,5425,CHN08,Obidos,Portugal,Europe,2023,Q4,11010560,440,299.2,359.24,68,37.0,400,4.8,4226.0,Reported,Luxury,5,EUR,0.0,0.0
TXN15203,3474,CHN09,Delft,Netherlands,Europe,2022,Q2,1801800,275,165.0,243.13,60,37.8,120,4.9,13284.0,Reported,Luxury,5,EUR,0.0,0.0
TXN15204,5099,CHN06,Groningen,Netherlands,Europe,2023,Q1,263520,48,29.28,36.4,61,15.7,100,4.1,484.0,Reported,Economy,2,EUR,0.0,0.0
TXN15205,5426,CHN11,Toledo,Spain,Europe,2021,Q3,3670800,228,114.0,168.65,50,34.6,350,4.8,1636.0,Reported,Upper-Upscale,5,EUR,39.8628,-4.0273
TXN15206,5427,CHN02,Osaka,Japan,Asia Pacific,2020,Q2,1048820,89,32.93,42.06,37,10.4,350,4.4,3332.0,Reported,Midscale,3,JPY,34.6937,135.5023
TXN15207,3790,CHN03,JBR,UAE,Middle East,2021,Q3,2546100,369,184.5,227.13,50,44.0,150,5.0,2486.0,Reported,Luxury,5,AED,25.0777,55.1308
TXN15208,2643,CHN05,Meteora,Greece,Europe,2024,Q1,6409692,542,395.66,514.98,73,24.6,180,4.8,11541.0,Reported,Luxury,5,EUR,0.0,0.0
TXN15209,5428,CHN01,Playa del Carmen,Mexico,Americas,2019,Q2,2994218,119,94.01,106.62,79,11.4,350,4.1,4075.0,Reported,Upscale,3,MXN,20.6296,-87.0739
TXN15210,5429,CHN08,Ibiza,Spain,Europe,2023,Q2,2962960,200,148.0,173.7,74,36.1,220,4.5,2607.0,Reported,Upscale,4,EUR,38.9067,1.4206
TXN15211,2208,CHN03,Evora,Portugal,Europe,2024,Q3,2551068,195,154.05,206.84,79,23.3,180,4.4,13826.0,Reported,Upper-Upscale,4,EUR,0.0,0.0
TXN15212,5430,CHN10,Gold Coast,Australia,Asia Pacific,2019,Q1,4907628,459,302.94,369.79,66,20.7,180,4.8,13906.0,Reported,Luxury,5,AUD,-28.0167,153.4
TXN15213,4502,CHN08,Langkawi,Malaysia,Asia Pacific,2022,Q1,3211164,374,198.22,256.93,53,25.2,180,4.7,2393.0,Reported,Luxury,5,MYR,6.35,99.8
TXN15214,4386,CHN09,Ho Chi Minh City,Vietnam,Asia Pacific,2024,Q4,4031808,166,109.56,151.76,66,19.8,400,4.6,3191.0,Reported,Upscale,4,VND,10.8231,106.6297
TXN15215,5431,CHN05,Darwin,Australia,Asia Pacific,2020,Q2,2393528,501,175.35,254.59,35,22.9,150,4.7,14089.0,Reported,Luxury,5,AUD,-12.4634,130.8456
TXN15216,3361,CHN08,Playa del Carmen,Mexico,Americas,2020,Q4,718189,287,97.58,113.9,34,18.9,80,4.6,13098.0,Reported,Luxury,5,MXN,20.6296,-87.0739
TXN15217,5432,CHN01,Mykonos,Greece,Europe,2023,Q4,2683162,392,243.04,300.64,62,37.0,120,4.6,3640.0,Reported,Upper-Upscale,4,EUR,37.4467,25.3289
TXN15218,5433,CHN04,Okinawa,Japan,Asia Pacific,2020,Q1,3778560,328,104.96,128.94,32,40.1,400,4.9,13263.0,Reported,Luxury,5,JPY,26.2124,127.6809
TXN15219,5434,CHN05,Ras Al Khaimah,UAE,Middle East,2025,Q1,4317300,492,319.8,395.91,65,31.6,150,4.8,14509.0,Estimated,Luxury,5,AED,25.8007,55.9762
TXN15220,5435,CHN01,Rabat,Morocco,Africa,2019,Q3,27917216,914,758.62,884.58,83,42.0,400,4.8,8678.0,Reported,Luxury,5,MAD,33.9716,-6.8498
TXN15221,5436,CHN10,Toulouse,France,Europe,2025,Q2,2384928,624,436.8,578.97,70,36.1,60,4.6,11743.0,Estimated,Luxury,5,EUR,43.6047,1.4442
TXN15222,5409,CHN04,Sokcho,South Korea,Asia Pacific,2025,Q3,3073536,640,556.8,648.42,87,43.6,60,,8675.0,Estimated,Luxury,5,KRW,38.207,128.5918
TXN15223,5437,CHN09,Chiang Mai,Thailand,Asia Pacific,2023,Q3,2431229,156,120.12,168.28,77,21.7,220,4.4,7819.0,Reported,Upscale,4,THB,18.7883,98.9853
TXN15224,5438,CHN01,Krabi,Thailand,Asia Pacific,2019,Q1,6483240,261,180.09,223.89,69,39.2,400,4.6,4938.0,Reported,Upper-Upscale,5,THB,8.0863,98.9063
TXN15225,5439,CHN04,Agra,India,Asia Pacific,2020,Q1,4671018,761,235.91,267.92,31,39.2,220,4.9,6637.0,Reported,Luxury,5,INR,27.1767,78.0081
TXN15226,5199,CHN06,Abu Dhabi,UAE,Middle East,2021,Q4,312984,81,34.02,48.72,42,19.5,100,4.2,4086.0,Reported,Midscale,3,AED,24.4539,54.3773
TXN15227,2624,CHN06,Bali,Indonesia,Asia Pacific,2020,Q3,143078,72,25.92,35.65,36,16.0,60,4.1,935.0,Reported,Midscale,3,IDR,-8.3405,115.092
TXN15228,5440,CHN06,Agra,India,Asia Pacific,2021,Q2,180999,39,19.89,23.83,51,10.9,100,3.9,2771.0,Reported,Economy,2,INR,27.1767,78.0081
TXN15229,5441,CHN08,Pattaya,Thailand,Asia Pacific,2021,Q2,527436,161,72.45,86.32,45,24.9,80,4.5,2445.0,Reported,Upscale,4,THB,12.9236,100.8825
TXN15230,1514,CHN03,Medina,Saudi Arabia,Middle East,2019,Q2,3921882,208,153.92,208.01,74,25.4,280,4.4,2406.0,Reported,Upscale,4,SAR,24.5247,39.5692
TXN15231,5385,CHN03,Evora,Portugal,Europe,2020,Q2,483538,82,29.52,41.39,36,13.0,180,4.2,1778.0,Reported,Midscale,3,EUR,0.0,0.0
TXN15232,5442,CHN02,Riyadh,Saudi Arabia,Middle East,2020,Q3,2099698,266,103.74,138.78,39,29.7,220,4.6,2744.0,Reported,Upper-Upscale,4,SAR,24.6877,46.7219
TXN15233,5443,CHN04,Gyeongju,South Korea,Asia Pacific,2020,Q2,1161888,84,31.92,44.46,38,16.0,400,4.3,1436.0,Reported,Midscale,3,KRW,35.8562,129.2247
TXN15234,5444,CHN01,Okinawa,Japan,Asia Pacific,2022,Q4,1937796,238,140.42,198.1,59,31.8,150,5.0,13777.0,Reported,Upper-Upscale,5,JPY,26.2124,127.6809
TXN15235,5445,CHN02,Amsterdam,Netherlands,Europe,2020,Q4,1716352,265,84.8,122.56,32,36.1,220,4.7,4186.0,Reported,Upper-Upscale,4,EUR,52.3676,4.9041
TXN15236,5446,CHN01,Maastricht,Netherlands,Europe,2020,Q4,2215360,215,68.8,98.05,32,42.2,350,5.0,7684.0,Reported,Upper-Upscale,5,EUR,50.8514,5.691
TXN15237,5447,CHN09,Rotterdam,Netherlands,Europe,2024,Q2,1214741,206,166.86,226.11,81,38.7,80,4.7,8489.0,Reported,Upper-Upscale,4,EUR,51.9244,4.4777
TXN15238,5448,CHN08,Merida,Mexico,Americas,2019,Q2,3524394,182,138.32,164.01,76,30.6,280,4.6,5913.0,Reported,Upscale,4,MXN,20.9674,-89.5926
TXN15239,2308,CHN11,Honolulu,USA,Americas,2024,Q3,1360680,116,98.6,136.74,85,17.1,150,4.1,1722.0,Reported,Midscale,3,USD,21.3069,-157.8583
TXN15240,5449,CHN06,Hoi An,Vietnam,Asia Pacific,2025,Q4,1383202,102,68.34,85.95,67,20.2,220,4.1,3960.0,Estimated,Midscale,3,VND,15.8801,108.338
TXN15241,4554,CHN11,Fortaleza,Brazil,Americas,2019,Q3,1630976,277,221.6,253.0,80,38.2,80,4.8,7671.0,Reported,Upper-Upscale,5,BRL,-3.7319,-38.5267
TXN15242,5450,CHN05,Marseille,France,Europe,2023,Q4,6385904,370,247.9,345.28,67,18.0,280,4.8,5932.0,Reported,Upper-Upscale,5,EUR,43.2965,5.3698
TXN15243,5451,CHN12,Busan,South Korea,Asia Pacific,2025,Q2,3066664,253,187.22,224.94,74,31.9,180,4.5,8701.0,Estimated,Upscale,4,KRW,35.1796,129.0756
TXN15244,5452,CHN11,Nagoya,Japan,Asia Pacific,2023,Q4,5066219,277,196.67,288.32,71,23.2,280,4.7,3394.0,Reported,Upper-Upscale,5,JPY,35.1815,136.9066
TXN15245,2393,CHN10,Lille,France,Europe,2025,Q4,4025736,442,291.72,342.62,66,35.9,150,4.9,14839.0,Estimated,Luxury,5,EUR,50.6292,3.0573
TXN15246,3934,CHN03,Stuttgart,Germany,Europe,2019,Q1,6084558,529,375.59,422.61,71,28.5,180,4.8,5536.0,Reported,Luxury,5,EUR,48.7758,9.1829
TXN15247,3846,CHN07,Coimbra,Portugal,Europe,2023,Q2,551369,83,60.59,78.21,73,13.4,100,4.1,1544.0,Reported,Midscale,3,EUR,0.0,0.0
TXN15248,2578,CHN10,Sintra,Portugal,Europe,2025,Q1,6002100,684,444.6,648.07,65,19.4,150,4.7,9335.0,Estimated,Luxury,5,EUR,38.7978,-9.3902
TXN15249,1535,CHN09,Phuket,Thailand,Asia Pacific,2021,Q4,409915,158,74.26,108.95,47,33.4,60,4.4,3456.0,Reported,Upper-Upscale,4,THB,7.8804,98.3923
TXN15250,5453,CHN10,Corfu,Greece,Europe,2023,Q3,4265212,179,132.46,176.01,74,34.8,350,4.6,14659.0,Reported,Upscale,4,EUR,39.6243,19.9217
TXN15251,2774,CHN11,Ras Al Khaimah,UAE,Middle East,2020,Q2,358722,73,26.28,35.56,36,13.7,150,4.4,4514.0,Reported,Midscale,3,AED,25.8007,55.9762
TXN15252,5454,CHN11,Amalfi,Italy,Europe,2024,Q4,2056752,207,149.04,182.99,72,31.2,150,,14345.0,Reported,Upscale,4,EUR,40.634,14.6027
TXN15253,5455,CHN11,Suzhou,China,Asia Pacific,2024,Q1,1753416,98,69.58,90.82,71,27.0,280,4.2,3520.0,Reported,Midscale,3,CNY,31.2983,120.5832
TXN15254,1892,CHN10,Strasbourg,France,Europe,2019,Q1,8685306,851,536.13,610.94,63,18.0,180,4.7,14573.0,Reported,Luxury,5,EUR,48.5734,7.7521
TXN15255,2865,CHN11,Oxford,UK,Europe,2023,Q1,2899260,177,115.05,149.19,65,18.7,280,4.5,4542.0,Reported,Upscale,4,GBP,51.752,-1.2577
TXN15256,5456,CHN03,Heidelberg,Germany,Europe,2021,Q1,819180,148,60.68,68.7,41,21.4,150,4.6,12101.0,Reported,Upper-Upscale,4,EUR,49.3988,8.6724
TXN15257,1811,CHN03,Thessaloniki,Greece,Europe,2020,Q3,381763,133,51.87,69.71,39,38.6,80,4.7,6268.0,Reported,Upper-Upscale,4,EUR,40.6401,22.9444
TXN15258,5457,CHN04,NEOM,Saudi Arabia,Middle East,2022,Q1,7501725,433,238.15,285.1,55,31.1,350,4.7,5244.0,Reported,Luxury,5,SAR,0.0,0.0
TXN15259,5458,CHN01,Groningen,Netherlands,Europe,2021,Q1,1143072,252,105.84,138.2,42,34.7,120,4.8,6856.0,Reported,Upper-Upscale,5,EUR,0.0,0.0
TXN15260,5459,CHN01,Delhi,India,Asia Pacific,2020,Q3,214618,81,29.16,32.86,36,32.0,80,4.4,9918.0,Reported,Upscale,4,INR,28.6139,77.209
TXN15261,2485,CHN11,Oaxaca,Mexico,Americas,2025,Q2,1639638,130,100.1,121.6,77,13.5,180,4.4,2621.0,Estimated,Midscale,3,MXN,17.0732,-96.7266
TXN15262,5460,CHN12,Nice,France,Europe,2023,Q1,6313410,698,467.66,542.45,67,33.1,150,4.7,4902.0,Reported,Luxury,5,EUR,43.7102,7.262
TXN15263,5264,CHN11,Cappadocia,Turkey,Europe/Middle East,2022,Q2,970424,172,106.64,151.02,62,41.5,100,,6676.0,Reported,Upscale,4,TRY,38.6431,34.8289
TXN15264,5461,CHN05,Bologna,Italy,Europe,2022,Q2,1306032,184,119.6,144.87,65,30.0,120,4.6,13663.0,Reported,Upscale,4,EUR,44.4949,11.3426
TXN15265,5462,CHN10,Dusseldorf,Germany,Europe,2023,Q1,3490560,404,258.56,305.02,64,23.5,150,4.6,2047.0,Reported,Luxury,5,EUR,51.2217,6.7762
TXN15266,5463,CHN03,Brisbane,Australia,Asia Pacific,2023,Q3,14260994,667,553.61,780.95,83,29.2,280,4.8,10430.0,Reported,Luxury,5,AUD,-27.4698,153.0251
TXN15267,5464,CHN09,Dresden,Germany,Europe,2019,Q4,4228504,196,131.32,174.11,67,23.5,350,4.5,13731.0,Reported,Upper-Upscale,4,EUR,51.0509,13.7383
TXN15268,2680,CHN08,Bur Dubai,UAE,Middle East,2019,Q2,10370360,370,284.9,390.72,77,27.5,400,4.7,3660.0,Reported,Luxury,5,AED,25.2535,55.296
TXN15269,5134,CHN08,Fez,Morocco,Africa,2020,Q2,824242,148,50.32,63.53,34,28.8,180,4.4,7243.0,Reported,Upscale,4,MAD,34.0181,-5.0078
TXN15270,5081,CHN08,Lisbon,Portugal,Europe,2024,Q1,3444210,245,173.95,237.5,71,28.4,220,4.7,10986.0,Reported,Upscale,4,EUR,38.7223,-9.1393
TXN15271,5465,CHN05,Da Lat,Vietnam,Asia Pacific,2023,Q3,5601254,604,507.36,577.36,84,22.0,120,4.6,2662.0,Reported,Luxury,5,VND,0.0,0.0
TXN15272,1623,CHN08,Nara,Japan,Asia Pacific,2024,Q4,9073702,476,352.24,454.02,74,41.2,280,4.9,10894.0,Reported,Luxury,5,JPY,34.6851,135.8048
TXN15273,5466,CHN04,Honolulu,USA,Americas,2020,Q1,1988550,491,147.3,174.88,30,32.5,150,4.8,9208.0,Reported,Luxury,5,USD,21.3069,-157.8583
TXN15274,5467,CHN08,NEOM,Saudi Arabia,Middle East,2022,Q1,1261656,396,233.64,315.51,59,36.9,60,4.7,5705.0,Reported,Luxury,5,SAR,0.0,0.0
TXN15275,5468,CHN07,Hanoi,Vietnam,Asia Pacific,2023,Q3,3366059,179,130.67,185.07,73,28.8,280,4.7,,Reported,Upscale,4,VND,21.0285,105.8542
TXN15276,5469,CHN09,Toledo,Spain,Europe,2022,Q2,1069723,158,97.96,115.76,62,41.5,120,4.7,12948.0,Reported,Upper-Upscale,4,EUR,39.8628,-4.0273
TXN15277,1076,CHN03,Porto,Portugal,Europe,2020,Q1,2840400,1052,315.6,412.64,30,23.6,100,4.6,13696.0,Reported,Luxury,5,EUR,41.1579,-8.6291
TXN15278,5005,CHN09,Evora,Portugal,Europe,2022,Q1,2148552,147,85.26,116.96,58,34.2,280,4.6,1942.0,Reported,Upscale,4,EUR,0.0,0.0
TXN15279,5002,CHN10,Lyon,France,Europe,2020,Q1,237600,100,33.0,39.89,33,32.7,80,4.5,4887.0,Reported,Upscale,4,EUR,45.764,4.8357
TXN15280,5470,CHN12,Rotterdam,Netherlands,Europe,2025,Q4,2630390,722,476.52,552.26,66,39.6,60,4.7,13122.0,Estimated,Luxury,5,EUR,51.9244,4.4777
TXN15281,1039,CHN09,Daegu,South Korea,Asia Pacific,2025,Q2,5447042,358,272.08,374.72,76,23.6,220,4.7,12146.0,Estimated,Luxury,5,KRW,35.8714,128.6014
TXN15282,1206,CHN02,Sokcho,South Korea,Asia Pacific,2023,Q1,3593880,149,99.83,112.79,67,18.4,400,4.6,,Reported,Upscale,4,KRW,38.207,128.5918
TXN15283,5471,CHN07,Deira,UAE,Middle East,2021,Q1,400950,45,20.25,26.92,45,9.3,220,3.8,2284.0,Reported,Economy,2,AED,25.2697,55.3095
TXN15284,5472,CHN08,Cologne,Germany,Europe,2024,Q3,2424384,244,219.6,281.17,90,35.8,120,4.5,11836.0,Reported,Upscale,4,EUR,50.9333,6.95
TXN15285,4949,CHN06,York,UK,Europe,2022,Q3,803436,82,58.22,67.92,71,25.6,150,4.4,1776.0,Reported,Midscale,3,GBP,53.96,-1.0873
TXN15286,2837,CHN03,Jeju Island,South Korea,Asia Pacific,2021,Q4,3275568,460,197.8,238.28,43,19.9,180,4.8,6714.0,Reported,Luxury,5,KRW,33.4996,126.5312
TXN15287,2965,CHN11,Bur Dubai,UAE,Middle East,2021,Q1,1923390,142,61.06,81.79,43,26.3,350,4.4,8751.0,Reported,Upscale,4,AED,25.2535,55.296
TXN15288,5473,CHN04,Little India,Singapore,Asia Pacific,2021,Q1,1706400,790,316.0,456.09,40,20.3,60,4.9,9154.0,Reported,Luxury,5,SGD,1.3066,103.8518
TXN15289,5474,CHN06,Makassar,Indonesia,Asia Pacific,2022,Q4,1768608,89,48.06,63.92,54,20.2,400,4.4,4283.0,Reported,Midscale,3,IDR,0.0,0.0
TXN15290,5475,CHN03,Washington DC,USA,Americas,2023,Q1,1707804,251,158.13,230.87,63,32.3,120,4.6,13646.0,Reported,Upper-Upscale,4,USD,38.9072,-77.0369
TXN15291,5348,CHN12,Venice,Italy,Europe,2023,Q3,10754285,497,417.48,567.44,84,28.5,280,4.6,5886.0,Reported,Upscale,4,EUR,45.4408,12.3155
TXN15292,1588,CHN10,Dresden,Germany,Europe,2023,Q1,1642680,169,101.4,147.79,60,23.7,180,4.4,9624.0,Reported,Upscale,4,EUR,51.0509,13.7383
TXN15293,5476,CHN06,Andong,South Korea,Asia Pacific,2020,Q1,769230,74,24.42,34.73,33,10.4,350,4.1,2134.0,Reported,Midscale,3,KRW,36.5684,128.7294
TXN15294,5477,CHN10,The Hague,Netherlands,Europe,2019,Q3,7815474,449,386.14,521.33,86,35.7,220,5.0,13822.0,Reported,Luxury,5,EUR,52.0705,4.3007
TXN15295,1223,CHN11,Washington DC,USA,Americas,2022,Q1,1960200,99,54.45,73.46,55,26.8,400,4.2,3041.0,Reported,Midscale,3,USD,38.9072,-77.0369
TXN15296,5478,CHN05,Venice,Italy,Europe,2021,Q2,3255034,432,198.72,271.39,46,38.2,180,4.9,8665.0,Reported,Upper-Upscale,5,EUR,45.4408,12.3155
TXN15297,5479,CHN10,Strasbourg,France,Europe,2021,Q4,4544064,420,176.4,217.22,42,41.0,280,5.0,13930.0,Reported,Luxury,5,EUR,48.5734,7.7521
TXN15298,5480,CHN06,Malaga,Spain,Europe,2022,Q3,1716646,98,66.64,88.85,68,11.2,280,4.3,3943.0,Reported,Midscale,3,EUR,36.7213,-4.4214
TXN15299,5481,CHN09,Delhi,India,Asia Pacific,2025,Q2,2713620,350,248.5,296.34,71,39.1,120,4.8,11564.0,Estimated,Luxury,5,INR,28.6139,77.209
TXN15300,5482,CHN02,Jurong,Singapore,Asia Pacific,2025,Q2,11585174,782,578.68,729.68,74,19.3,220,4.8,7761.0,Estimated,Luxury,5,SGD,1.3404,103.709
TXN15301,3677,CHN01,Heidelberg,Germany,Europe,2019,Q4,1305590,108,78.84,113.63,73,41.9,180,4.4,12000.0,Reported,Upscale,4,EUR,49.3988,8.6724
TXN15302,5483,CHN04,Kota Kinabalu,Malaysia,Asia Pacific,2025,Q4,2422066,309,219.39,290.43,71,27.4,120,4.5,14160.0,Estimated,Upscale,4,MYR,5.9788,116.0753
TXN15303,5484,CHN10,Hoi An,Vietnam,Asia Pacific,2023,Q2,23337132,903,641.13,904.82,71,31.6,400,4.8,9257.0,Reported,Luxury,5,VND,15.8801,108.338
TXN15304,2572,CHN06,Edinburgh,UK,Europe,2021,Q4,1235744,73,33.58,48.32,46,26.1,400,4.3,2342.0,Reported,Midscale,3,GBP,55.9533,-3.1883
TXN15305,5485,CHN11,Yogyakarta,Indonesia,Asia Pacific,2020,Q2,336118,57,20.52,26.19,36,17.7,180,4.1,4227.0,Reported,Midscale,3,IDR,-7.7971,110.3688
TXN15306,5486,CHN10,Delft,Netherlands,Europe,2021,Q1,1829520,121,50.82,65.37,42,33.4,400,4.7,5613.0,Reported,Upscale,4,EUR,0.0,0.0
TXN15307,5487,CHN06,Heidelberg,Germany,Europe,2022,Q4,1584792,145,78.3,107.57,54,28.2,220,4.6,7211.0,Reported,Upscale,4,EUR,49.3988,8.6724
TXN15308,5488,CHN06,Bur Dubai,UAE,Middle East,2020,Q3,546075,71,26.98,35.48,38,22.9,220,4.2,216.0,Reported,Midscale,3,AED,25.2535,55.296
TXN15309,5489,CHN11,NEOM,Saudi Arabia,Middle East,2021,Q4,813243,77,31.57,43.65,41,20.3,280,4.3,258.0,Reported,Midscale,3,SAR,0.0,0.0
TXN15310,5490,CHN04,Agra,India,Asia Pacific,2025,Q3,2418312,337,262.86,351.68,78,28.4,100,4.4,3249.0,Estimated,Upscale,4,INR,27.1767,78.0081
TXN15311,5491,CHN12,Corfu,Greece,Europe,2019,Q4,506515,124,91.76,129.96,74,8.4,60,4.3,1492.0,Reported,Midscale,3,EUR,39.6243,19.9217
TXN15312,5492,CHN04,Clarke Quay,Singapore,Asia Pacific,2022,Q3,1137562,69,44.16,56.05,64,15.3,280,3.9,4257.0,Reported,Economy,2,SGD,1.2906,103.8467
TXN15313,5493,CHN12,Santorini,Greece,Europe,2019,Q2,18116790,974,711.02,956.8,73,41.7,280,5.0,11197.0,Reported,Luxury,5,EUR,36.3932,25.4615
TXN15314,5494,CHN10,Cairns,Australia,Asia Pacific,2019,Q4,2565420,429,278.85,337.66,65,38.5,100,4.9,2550.0,Reported,Luxury,5,AUD,-16.9186,145.7781
TXN15315,5495,CHN01,JBR,UAE,Middle East,2019,Q1,1136052,314,210.38,239.82,67,35.3,60,4.7,6114.0,Reported,Upper-Upscale,5,AED,25.0777,55.1308
TXN15316,5496,CHN04,Mumbai,India,Asia Pacific,2025,Q3,5278592,326,260.8,343.99,80,30.3,220,4.4,4876.0,Estimated,Upscale,4,INR,19.076,72.8777
TXN15317,5497,CHN06,Sapporo,Japan,Asia Pacific,2023,Q2,2461368,112,77.28,102.92,69,19.9,350,4.2,4320.0,Reported,Midscale,3,JPY,43.0618,141.3545
TXN15318,5498,CHN11,Cancun,Mexico,Americas,2024,Q4,4211760,218,163.5,214.6,75,25.0,280,4.5,4396.0,Reported,Upscale,4,MXN,21.1619,-86.8515
TXN15319,5499,CHN08,Cannes,France,Europe,2020,Q1,2237760,296,88.8,114.59,30,34.7,280,5.0,3572.0,Reported,Luxury,5,EUR,43.5528,7.0174
TXN15320,5500,CHN11,Dubai,UAE,Middle East,2024,Q4,14990112,558,407.34,480.22,73,37.0,400,4.8,2888.0,Reported,Upper-Upscale,5,AED,25.2048,55.2708
TXN15321,5501,CHN07,Darwin,Australia,Asia Pacific,2023,Q3,4590432,154,124.74,180.53,81,43.1,400,4.5,11873.0,Reported,Upscale,4,AUD,-12.4634,130.8456
TXN15322,1907,CHN09,Surabaya,Indonesia,Asia Pacific,2025,Q2,2197541,172,134.16,182.19,78,33.6,180,4.5,2744.0,Estimated,Upscale,4,IDR,-7.2575,112.7521
TXN15323,5502,CHN09,Kuching,Malaysia,Asia Pacific,2020,Q3,826675,128,49.92,65.56,39,39.0,180,4.4,5893.0,Reported,Upper-Upscale,4,MYR,1.5497,110.3626
TXN15324,5503,CHN05,Kota Kinabalu,Malaysia,Asia Pacific,2024,Q3,4217096,559,458.38,590.03,82,19.8,100,5.0,3239.0,Reported,Luxury,5,MYR,5.9788,116.0753
TXN15325,5504,CHN06,Medina,Saudi Arabia,Middle East,2021,Q3,2030854,119,63.07,87.18,53,33.0,350,4.4,8355.0,Reported,Upscale,4,SAR,24.5247,39.5692
TXN15326,5505,CHN05,Paris,France,Europe,2021,Q1,3326400,840,369.6,421.92,44,21.0,100,4.7,4088.0,Reported,Luxury,5,EUR,48.8566,2.3522
TXN15327,5506,CHN06,Guadalajara,Mexico,Americas,2021,Q3,120557,39,21.84,29.9,56,21.3,60,3.9,2795.0,Reported,Economy,2,MXN,20.6597,-103.3496
TXN15328,5507,CHN01,Ankara,Turkey,Europe/Middle East,2024,Q2,2591316,339,284.76,373.84,84,40.4,100,4.9,11495.0,Reported,Upper-Upscale,5,TRY,39.9334,32.8597
TXN15329,5508,CHN12,Cancun,Mexico,Americas,2024,Q1,3278070,285,202.35,288.1,71,32.3,180,4.7,13928.0,Reported,Upscale,4,MXN,21.1619,-86.8515
TXN15330,5509,CHN01,Marseille,France,Europe,2021,Q4,4858336,322,132.02,149.77,41,25.1,400,4.7,6040.0,Reported,Luxury,5,EUR,43.2965,5.3698
TXN15331,5510,CHN09,Ras Al Khaimah,UAE,Middle East,2024,Q1,3798900,225,150.75,203.69,67,23.3,280,4.6,2373.0,Reported,Upper-Upscale,4,AED,25.8007,55.9762
TXN15332,5511,CHN05,Kyoto,Japan,Asia Pacific,2025,Q2,2428444,563,444.77,577.5,79,19.5,60,4.8,3639.0,Estimated,Upper-Upscale,5,JPY,35.0116,135.7681
TXN15333,3025,CHN02,Mecca,Saudi Arabia,Middle East,2023,Q1,12925440,1020,652.8,926.41,64,31.1,220,4.8,5365.0,Reported,Luxury,5,SAR,21.3891,39.8579
TXN15334,4454,CHN08,Tokyo,Japan,Asia Pacific,2021,Q4,2488968,501,225.45,293.25,45,42.8,120,4.6,3431.0,Reported,Luxury,5,JPY,35.6762,139.6503
TXN15335,5512,CHN12,Lombok,Indonesia,Asia Pacific,2020,Q4,2671312,244,82.96,100.44,34,28.6,350,4.5,10063.0,Reported,Upscale,4,IDR,-8.5833,116.35
TXN15336,5513,CHN04,Bandung,Indonesia,Asia Pacific,2019,Q3,8383040,1072,911.2,1088.24,85,31.3,100,4.9,8573.0,Reported,Luxury,5,IDR,-6.9175,107.6191
TXN15337,5514,CHN03,Rhodes,Greece,Europe,2023,Q3,36753264,1233,998.73,1136.12,81,43.6,400,4.8,7975.0,Reported,Luxury,5,EUR,36.4349,28.2176
TXN15338,5515,CHN09,Frankfurt,Germany,Europe,2022,Q2,1129128,188,124.08,181.22,66,35.8,100,4.6,2732.0,Reported,Upper-Upscale,4,EUR,50.1109,8.6821
TXN15339,5516,CHN03,Naples,Italy,Europe,2021,Q2,2999014,359,183.09,228.61,51,23.0,180,4.8,11974.0,Reported,Luxury,5,EUR,40.8518,14.2681
TXN15340,5517,CHN07,Natal,Brazil,Americas,2019,Q2,1581653,136,96.56,131.34,71,40.6,180,4.4,8233.0,Reported,Upscale,4,BRL,-5.7945,-35.211
TXN15341,5518,CHN11,Essaouira,Morocco,Africa,2023,Q3,1384416,95,68.4,84.65,72,14.7,220,4.3,1188.0,Reported,Midscale,3,MAD,31.5125,-9.77
TXN15342,5519,CHN05,Pattaya,Thailand,Asia Pacific,2024,Q4,2977856,595,404.6,504.86,68,35.5,80,4.9,4098.0,Reported,Luxury,5,THB,12.9236,100.8825
TXN15343,3883,CHN05,Medina,Saudi Arabia,Middle East,2023,Q1,16739280,694,464.98,667.28,67,28.0,400,4.8,7608.0,Reported,Luxury,5,SAR,24.5247,39.5692
TXN15344,5520,CHN07,Athens,Greece,Europe,2019,Q4,1799078,97,69.84,92.0,72,25.9,280,4.3,1961.0,Reported,Midscale,3,EUR,37.9838,23.7275
TXN15345,5521,CHN07,Orchard Road,Singapore,Asia Pacific,2023,Q2,2984982,132,93.72,111.89,71,14.7,350,4.2,1456.0,Reported,Midscale,3,SGD,1.3048,103.8318
TXN15346,1435,CHN12,Brisbane,Australia,Asia Pacific,2022,Q1,1290384,206,119.48,154.1,58,20.4,120,4.5,11958.0,Reported,Upscale,4,AUD,-27.4698,153.0251
TXN15347,5522,CHN09,Woodlands,Singapore,Asia Pacific,2025,Q2,6324136,340,248.2,328.98,73,23.1,280,4.8,7074.0,Estimated,Luxury,5,SGD,1.437,103.7862
TXN15348,2526,CHN06,Suzhou,China,Asia Pacific,2021,Q1,218880,76,30.4,40.61,40,23.4,80,4.3,1728.0,Reported,Midscale,3,CNY,31.2983,120.5832
TXN15349,5523,CHN05,Al Ain,UAE,Middle East,2022,Q1,3612924,378,223.02,262.32,59,20.6,180,4.8,10924.0,Reported,Luxury,5,AED,24.2075,55.7447
TXN15350,2160,CHN03,Krabi,Thailand,Asia Pacific,2025,Q4,1123136,218,152.6,176.98,70,41.7,80,4.4,8187.0,Estimated,Upscale,4,THB,8.0863,98.9063
TXN15351,5275,CHN07,Azores,Portugal,Europe,2025,Q2,2556154,168,127.68,144.94,76,30.6,220,4.5,8028.0,Estimated,Upscale,4,EUR,0.0,0.0
TXN15352,5524,CHN01,Marseille,France,Europe,2020,Q2,1737372,860,318.2,413.11,37,34.7,60,4.6,5939.0,Reported,Luxury,5,EUR,43.2965,5.3698
TXN15353,5525,CHN11,Natal,Brazil,Americas,2025,Q2,664300,100,73.0,103.59,73,23.2,100,4.1,1558.0,Estimated,Midscale,3,BRL,-5.7945,-35.211
TXN15354,1009,CHN07,Deira,UAE,Middle East,2024,Q4,639823,173,115.91,154.79,67,26.0,60,4.5,12060.0,Reported,Upscale,4,AED,25.2697,55.3095
TXN15355,5526,CHN11,Da Nang,Vietnam,Asia Pacific,2024,Q2,2079168,102,81.6,116.29,80,18.2,280,4.3,3617.0,Reported,Midscale,3,VND,16.0544,108.2022
TXN15356,5527,CHN03,New York,USA,Americas,2025,Q3,9526048,430,369.8,515.3,86,19.0,280,4.6,12344.0,Estimated,Upscale,4,USD,40.7128,-74.006
TXN15357,5528,CHN10,Bath,UK,Europe,2025,Q1,14467824,926,574.12,777.84,62,39.6,280,4.8,13200.0,Estimated,Luxury,5,GBP,51.3811,-2.359
TXN15358,5529,CHN05,Mexico City,Mexico,Americas,2021,Q2,4209005,438,210.24,291.75,48,26.7,220,4.8,14033.0,Reported,Luxury,5,MXN,19.4326,-99.1332
TXN15359,2672,CHN12,Fortaleza,Brazil,Americas,2021,Q3,945760,257,128.5,147.55,50,30.4,80,4.7,6492.0,Reported,Upscale,4,BRL,-3.7319,-38.5267
TXN15360,4636,CHN08,Al Ain,UAE,Middle East,2023,Q4,8644412,433,268.46,333.45,62,18.2,350,4.7,14695.0,Reported,Luxury,5,AED,24.2075,55.7447
TXN15361,5530,CHN11,Rio de Janeiro,Brazil,Americas,2020,Q1,424710,143,47.19,66.85,33,26.0,100,4.4,10517.0,Reported,Upscale,4,BRL,-22.9068,-43.1729
TXN15362,5531,CHN11,Ipoh,Malaysia,Asia Pacific,2024,Q4,2294186,122,89.06,116.14,73,19.5,280,4.1,4515.0,Reported,Midscale,3,MYR,4.5975,101.0901
TXN15363,5532,CHN06,San Francisco,USA,Americas,2020,Q4,478584,102,34.68,44.86,34,8.9,150,4.3,3187.0,Reported,Midscale,3,USD,37.7749,-122.4194
TXN15364,5533,CHN04,Bangkok,Thailand,Asia Pacific,2021,Q1,3891888,858,360.36,407.82,42,42.1,120,4.6,6794.0,Reported,Luxury,5,THB,13.7563,100.5018
TXN15365,5534,CHN10,Bodrum,Turkey,Europe/Middle East,2022,Q3,2472960,150,96.0,114.2,64,36.8,280,4.4,7493.0,Reported,Upscale,4,TRY,37.0344,27.4305
TXN15366,5535,CHN08,Bodrum,Turkey,Europe/Middle East,2023,Q1,3520530,442,260.78,336.72,59,28.6,150,4.8,2583.0,Reported,Luxury,5,TRY,37.0344,27.4305
TXN15367,5536,CHN07,Dubai,UAE,Middle East,2021,Q4,687553,79,33.97,39.04,43,13.8,220,4.1,643.0,Reported,Economy,2,AED,25.2048,55.2708
TXN15368,5537,CHN04,Cambridge,UK,Europe,2025,Q2,982800,120,90.0,113.25,75,25.3,120,4.1,4587.0,Estimated,Midscale,3,GBP,52.2053,0.1218
TXN15369,5538,CHN01,Bangalore,India,Asia Pacific,2022,Q3,644736,96,70.08,99.09,73,11.3,100,4.4,256.0,Reported,Upscale,3,INR,12.9716,77.5946
TXN15370,5539,CHN06,Varanasi,India,Asia Pacific,2022,Q1,642510,55,32.45,42.62,59,27.6,220,3.9,2976.0,Reported,Economy,2,INR,25.3176,82.9739
TXN15371,5540,CHN02,Genting,Malaysia,Asia Pacific,2022,Q2,737100,90,54.0,78.15,60,16.9,150,,1768.0,Reported,Midscale,3,MYR,0.0,0.0
TXN15372,5541,CHN12,Changi,Singapore,Asia Pacific,2023,Q1,4430052,339,223.74,285.06,66,21.8,220,4.6,13841.0,Reported,Upscale,4,SGD,1.3644,103.9915
TXN15373,4181,CHN10,Fukuoka,Japan,Asia Pacific,2025,Q1,7683984,462,304.92,398.36,66,21.6,280,4.8,14844.0,Estimated,Luxury,5,JPY,33.5904,130.4017
TXN15374,2025,CHN01,Bodrum,Turkey,Europe/Middle East,2021,Q1,1985310,342,147.06,167.71,43,41.1,150,4.8,7071.0,Reported,Luxury,5,TRY,37.0344,27.4305
TXN15375,2004,CHN04,Turin,Italy,Europe,2024,Q1,1509300,172,111.8,142.69,65,20.5,150,4.6,8372.0,Reported,Upscale,4,EUR,45.0703,7.6869
TXN15376,5542,CHN04,Mexico City,Mexico,Americas,2024,Q4,2280680,335,247.9,359.25,74,35.1,100,4.4,13764.0,Reported,Upscale,4,MXN,19.4326,-99.1332
TXN15377,5543,CHN07,Ayutthaya,Thailand,Asia Pacific,2022,Q2,1523750,183,111.63,142.33,61,26.1,150,4.7,13413.0,Reported,Upscale,4,THB,14.3532,100.5659
TXN15378,5544,CHN11,Little India,Singapore,Asia Pacific,2022,Q2,498534,107,68.48,97.98,64,12.0,80,4.1,1236.0,Reported,Midscale,3,SGD,1.3066,103.8518
TXN15379,1424,CHN09,Brisbane,Australia,Asia Pacific,2020,Q3,2973348,243,92.34,115.72,38,30.6,350,4.6,14538.0,Reported,Luxury,5,AUD,-27.4698,153.0251
TXN15380,5545,CHN09,Lyon,France,Europe,2022,Q2,2263061,314,207.24,290.87,66,33.1,120,4.7,13964.0,Reported,Luxury,5,EUR,45.764,4.8357
TXN15381,5546,CHN11,Ajman,UAE,Middle East,2023,Q2,7131852,311,223.92,283.13,72,32.6,350,4.8,3193.0,Reported,Upper-Upscale,5,AED,25.4052,55.5136
TXN15382,5547,CHN05,Kusadasi,Turkey,Europe/Middle East,2021,Q4,9651168,558,262.26,379.67,47,18.6,400,4.8,8446.0,Reported,Luxury,5,TRY,0.0,0.0
TXN15383,5548,CHN01,Cancun,Mexico,Americas,2020,Q2,697515,219,76.65,96.72,35,31.3,100,4.7,2940.0,Reported,Upper-Upscale,5,MXN,21.1619,-86.8515
TXN15384,5549,CHN06,Adelaide,Australia,Asia Pacific,2023,Q3,983002,106,89.04,106.42,84,10.1,120,4.1,1711.0,Reported,Midscale,3,AUD,-34.9285,138.6007
TXN15385,4242,CHN02,Oxford,UK,Europe,2025,Q2,5275725,773,579.75,803.31,75,26.1,100,4.8,4917.0,Estimated,Luxury,5,GBP,51.752,-1.2577
TXN15386,5550,CHN01,Evora,Portugal,Europe,2024,Q3,3756544,116,102.08,148.69,88,13.9,400,4.1,1491.0,Reported,Upscale,3,EUR,0.0,0.0
TXN15387,5551,CHN04,Daegu,South Korea,Asia Pacific,2021,Q1,129600,60,24.0,35.23,40,22.6,60,4.0,2727.0,Reported,Economy,2,KRW,35.8714,128.6014
TXN15388,5552,CHN04,Jakarta,Indonesia,Asia Pacific,2025,Q3,1943040,440,352.0,451.61,80,42.2,60,4.7,3064.0,Estimated,Upper-Upscale,5,IDR,-6.2088,106.8456
TXN15389,5015,CHN05,Ayutthaya,Thailand,Asia Pacific,2019,Q2,9898980,420,310.8,382.33,74,36.1,350,4.9,14662.0,Reported,Luxury,5,THB,14.3532,100.5659
TXN15390,2908,CHN04,Al Ain,UAE,Middle East,2019,Q3,11440476,1011,829.02,1019.56,82,21.7,150,4.9,5215.0,Reported,Luxury,5,AED,24.2075,55.7447
TXN15391,5553,CHN07,Tangier,Morocco,Africa,2023,Q4,1713408,194,124.16,165.75,64,20.6,150,4.6,6654.0,Reported,Upscale,4,MAD,35.7595,-5.833
TXN15392,5554,CHN04,Lombok,Indonesia,Asia Pacific,2019,Q4,731290,69,44.16,50.42,64,9.3,180,4.1,3945.0,Reported,Economy,2,IDR,-8.5833,116.35
TXN15393,5555,CHN02,Hoi An,Vietnam,Asia Pacific,2021,Q1,306072,109,42.51,61.32,39,43.4,80,4.6,14571.0,Reported,Upscale,4,VND,15.8801,108.338
TXN15394,5556,CHN11,London,UK,Europe,2025,Q2,6103188,540,372.6,439.61,69,18.8,180,4.7,9855.0,Estimated,Upper-Upscale,5,GBP,51.5074,-0.1278
TXN15395,5557,CHN09,Maastricht,Netherlands,Europe,2021,Q4,2248480,130,61.1,90.41,47,31.8,400,4.7,9240.0,Reported,Upscale,4,EUR,50.8514,5.691
TXN15396,5558,CHN08,Bali,Indonesia,Asia Pacific,2025,Q2,9718709,418,305.14,355.09,73,27.3,350,5.0,8794.0,Estimated,Luxury,5,IDR,-8.3405,115.092
TXN15397,2475,CHN11,Lille,France,Europe,2024,Q3,1134360,137,123.3,167.07,90,13.0,100,4.1,4420.0,Reported,Midscale,3,EUR,50.6292,3.0573
TXN15398,5559,CHN12,Nara,Japan,Asia Pacific,2019,Q3,5221920,300,258.0,342.38,86,25.0,220,,11620.0,Reported,Upscale,4,JPY,34.6851,135.8048
TXN15399,5560,CHN10,Little India,Singapore,Asia Pacific,2021,Q4,3993315,337,155.02,218.99,46,22.3,280,4.9,2500.0,Reported,Luxury,5,SGD,1.3066,103.8518
TXN15400,5561,CHN10,Turin,Italy,Europe,2022,Q4,5345568,538,322.8,452.13,60,42.3,180,4.7,11482.0,Reported,Luxury,5,EUR,45.0703,7.6869
TXN15401,2919,CHN10,Jaipur,India,Asia Pacific,2019,Q1,9302400,380,258.4,310.06,68,38.9,400,4.9,11728.0,Reported,Luxury,5,INR,26.9124,75.7873
TXN15402,5562,CHN02,Orlando,USA,Americas,2020,Q4,133253,71,24.14,32.33,34,10.2,60,4.3,2897.0,Reported,Midscale,3,USD,28.5383,-81.3792
TXN15403,5563,CHN08,San Francisco,USA,Americas,2020,Q3,5651100,450,175.5,257.11,39,39.3,350,4.6,9906.0,Reported,Luxury,5,USD,37.7749,-122.4194
TXN15404,5564,CHN01,Lyon,France,Europe,2019,Q3,1392696,290,252.3,334.06,87,36.4,60,4.9,6299.0,Reported,Upper-Upscale,5,EUR,45.764,4.8357
TXN15405,5565,CHN02,Chiang Mai,Thailand,Asia Pacific,2020,Q2,311220,75,28.5,34.05,38,10.9,120,4.2,3718.0,Reported,Midscale,3,THB,18.7883,98.9853
TXN15406,5566,CHN01,Marrakech,Morocco,Africa,2025,Q1,6299370,303,199.98,291.88,66,28.2,350,4.6,3122.0,Estimated,Upper-Upscale,4,MAD,31.6295,-7.9811
TXN15407,5567,CHN03,Ha Long Bay,Vietnam,Asia Pacific,2021,Q4,2224376,157,69.08,92.64,44,42.4,350,4.4,12918.0,Reported,Upper-Upscale,4,VND,20.9101,107.1839
TXN15408,3957,CHN07,Bordeaux,France,Europe,2021,Q4,735540,130,53.3,67.87,41,41.7,150,4.7,2491.0,Reported,Upscale,4,EUR,44.8378,-0.5792
TXN15409,5568,CHN05,Lille,France,Europe,2023,Q2,3528252,359,258.48,348.43,72,30.4,150,4.8,,Reported,Upper-Upscale,5,EUR,50.6292,3.0573
TXN15410,5569,CHN02,Merida,Mexico,Americas,2021,Q3,1584461,299,143.52,185.84,48,24.3,120,4.8,10375.0,Reported,Upper-Upscale,5,MXN,20.9674,-89.5926
TXN15411,5570,CHN11,Versailles,France,Europe,2024,Q3,3601110,307,260.95,360.69,85,28.0,150,4.7,9651.0,Reported,Upper-Upscale,5,EUR,48.8014,2.1301
TXN15412,5571,CHN12,Hobart,Australia,Asia Pacific,2020,Q2,775047,167,56.78,65.86,34,41.2,150,4.5,10169.0,Reported,Upscale,4,AUD,-42.8821,147.3272
TXN15413,2685,CHN06,Kochi,India,Asia Pacific,2024,Q1,1093680,62,43.4,49.68,70,8.3,280,4.0,731.0,Reported,Economy,2,INR,9.9312,76.2673
TXN15414,5572,CHN04,Thessaloniki,Greece,Europe,2024,Q4,14221728,1130,858.8,1157.42,76,34.3,180,5.0,5107.0,Reported,Luxury,5,EUR,40.6401,22.9444
TXN15415,3579,CHN09,Jakarta,Indonesia,Asia Pacific,2019,Q3,1599972,341,289.85,410.53,85,42.5,60,4.7,12715.0,Reported,Luxury,5,IDR,-6.2088,106.8456
TXN15416,5573,CHN07,Ajman,UAE,Middle East,2021,Q4,1201888,71,32.66,46.86,46,20.1,400,4.3,,Reported,Midscale,3,AED,25.4052,55.5136
TXN15417,5574,CHN02,Al Ain,UAE,Middle East,2020,Q3,1143192,218,82.84,107.47,38,19.2,150,4.5,6639.0,Reported,Upper-Upscale,4,AED,24.2075,55.7447
TXN15418,5575,CHN01,Puerto Vallarta,Mexico,Americas,2024,Q1,21838320,1238,866.6,1172.93,70,38.9,280,4.9,4817.0,Reported,Luxury,5,MXN,20.6534,-105.2253
TXN15419,1603,CHN08,Orchard Road,Singapore,Asia Pacific,2021,Q1,1184490,535,219.35,283.48,41,25.5,60,4.8,5003.0,Reported,Luxury,5,SGD,1.3048,103.8318
TXN15420,5576,CHN08,Madrid,Spain,Europe,2024,Q4,3491805,227,172.52,241.07,76,30.0,220,4.4,2154.0,Reported,Upscale,4,EUR,40.4168,-3.7038
TXN15421,5577,CHN01,Toledo,Spain,Europe,2025,Q1,7858620,924,582.12,859.48,63,24.8,150,4.7,2183.0,Estimated,Luxury,5,EUR,39.8628,-4.0273
TXN15422,1511,CHN07,Seoul,South Korea,Asia Pacific,2022,Q2,1425497,214,130.54,179.42,61,19.6,120,4.5,1876.0,Reported,Upscale,4,KRW,37.5665,126.978
TXN15423,5578,CHN08,Bologna,Italy,Europe,2022,Q2,4060056,312,202.8,296.82,65,35.6,220,5.0,3367.0,Reported,Luxury,5,EUR,44.4949,11.3426
TXN15424,5579,CHN06,Genting,Malaysia,Asia Pacific,2023,Q3,2458792,92,76.36,97.26,83,18.3,350,4.3,3067.0,Reported,Midscale,3,MYR,0.0,0.0
TXN15425,5580,CHN06,Delft,Netherlands,Europe,2020,Q4,83849,49,15.19,19.78,31,18.0,60,3.9,2733.0,Reported,Economy,2,EUR,0.0,0.0
TXN15426,5581,CHN12,Guadalajara,Mexico,Americas,2023,Q2,6694688,242,183.92,231.58,76,33.7,400,4.4,3774.0,Reported,Upscale,4,MXN,20.6597,-103.3496
TXN15427,5582,CHN09,Bologna,Italy,Europe,2019,Q1,1186920,314,219.8,279.66,70,18.5,60,4.8,9213.0,Reported,Luxury,5,EUR,44.4949,11.3426
TXN15428,1068,CHN05,Marseille,France,Europe,2024,Q3,11525263,703,569.43,735.51,81,42.7,220,4.9,3209.0,Reported,Luxury,5,EUR,43.2965,5.3698
TXN15429,5583,CHN07,Deira,UAE,Middle East,2024,Q4,1260676,193,137.03,191.62,71,42.9,100,4.4,8716.0,Reported,Upscale,4,AED,25.2697,55.3095
TXN15430,5584,CHN02,Guilin,China,Asia Pacific,2022,Q3,1465781,374,265.54,355.12,71,26.7,60,4.8,3734.0,Reported,Upper-Upscale,5,CNY,25.2736,110.2907
TXN15431,5585,CHN04,Amalfi,Italy,Europe,2025,Q1,6526710,1051,725.19,847.52,69,25.1,100,4.7,7876.0,Estimated,Luxury,5,EUR,40.634,14.6027
TXN15432,5586,CHN03,Da Lat,Vietnam,Asia Pacific,2023,Q4,1692018,201,122.61,161.93,61,21.5,150,4.6,7925.0,Reported,Upper-Upscale,4,VND,0.0,0.0
TXN15433,4387,CHN06,Casablanca,Morocco,Africa,2024,Q3,2649600,200,160.0,207.14,80,25.4,180,4.5,,Reported,Upscale,4,MAD,33.5731,-7.5898
TXN15434,5587,CHN02,Edinburgh,UK,Europe,2020,Q4,770040,450,139.5,160.34,31,33.3,60,4.9,8235.0,Reported,Luxury,5,GBP,55.9533,-3.1883
TXN15435,5588,CHN01,Busan,South Korea,Asia Pacific,2020,Q4,307354,174,55.68,65.87,32,30.3,60,4.5,9875.0,Reported,Upper-Upscale,4,KRW,35.1796,129.0756
TXN15436,5589,CHN05,Koh Samui,Thailand,Asia Pacific,2021,Q4,539856,163,73.35,95.46,45,19.9,80,4.6,1849.0,Reported,Upscale,4,THB,9.512,100.0136
TXN15437,5590,CHN06,Jeddah,Saudi Arabia,Middle East,2023,Q1,4853520,214,134.82,172.32,63,37.4,400,4.5,11978.0,Reported,Upscale,4,SAR,21.5433,39.1728
TXN15438,5591,CHN11,Lombok,Indonesia,Asia Pacific,2020,Q4,795984,206,72.1,103.93,35,24.8,120,5.0,7450.0,Reported,Upper-Upscale,5,IDR,-8.5833,116.35
TXN15439,5592,CHN06,New Orleans,USA,Americas,2022,Q3,866364,86,62.78,79.19,73,10.9,150,4.2,3954.0,Reported,Midscale,3,USD,29.9511,-90.0715
TXN15440,5593,CHN05,Playa del Carmen,Mexico,Americas,2021,Q2,11186448,591,307.32,405.88,52,30.4,400,4.7,2361.0,Reported,Luxury,5,MXN,20.6296,-87.0739
TXN15441,5594,CHN09,Adelaide,Australia,Asia Pacific,2019,Q2,2623421,168,131.04,158.98,78,33.2,220,4.7,4955.0,Reported,Upper-Upscale,4,AUD,-34.9285,138.6007
TXN15442,5595,CHN09,Izmir,Turkey,Europe/Middle East,2025,Q4,1339520,208,145.6,204.13,70,41.6,100,4.4,6383.0,Estimated,Upper-Upscale,4,TRY,38.4192,27.1287
TXN15443,5596,CHN12,Krabi,Thailand,Asia Pacific,2019,Q1,844668,237,156.42,215.9,66,28.0,60,4.7,12582.0,Reported,Upscale,4,THB,8.0863,98.9063
TXN15444,5597,CHN05,Natal,Brazil,Americas,2025,Q4,5338116,614,386.82,541.84,63,33.4,150,4.8,3626.0,Estimated,Luxury,5,BRL,-5.7945,-35.211
TXN15445,5598,CHN02,Guadalajara,Mexico,Americas,2023,Q1,1663200,100,66.0,76.33,66,15.8,280,4.3,4055.0,Reported,Midscale,3,MXN,20.6597,-103.3496
TXN15446,1881,CHN05,Mumbai,India,Asia Pacific,2022,Q1,1196424,191,110.78,124.45,58,27.0,120,4.6,2164.0,Reported,Upscale,4,INR,19.076,72.8777
TXN15447,5599,CHN12,New Orleans,USA,Americas,2022,Q2,1923230,111,75.48,85.75,68,17.8,280,4.3,4847.0,Reported,Midscale,3,USD,29.9511,-90.0715
TXN15448,5600,CHN03,Krabi,Thailand,Asia Pacific,2023,Q3,3240608,595,440.3,554.11,74,42.9,80,4.7,,Reported,Luxury,5,THB,8.0863,98.9063
TXN15449,5601,CHN08,Jurong,Singapore,Asia Pacific,2020,Q1,698058,139,43.09,50.75,31,37.6,180,,6075.0,Reported,Upscale,4,SGD,1.3404,103.709
TXN15450,5602,CHN05,Little India,Singapore,Asia Pacific,2025,Q2,5261620,236,165.2,218.65,70,19.2,350,4.5,10273.0,Estimated,Upscale,4,SGD,1.3066,103.8518
TXN15451,5603,CHN05,Ajman,UAE,Middle East,2024,Q1,15649200,621,434.7,524.82,70,32.2,400,5.0,7602.0,Reported,Luxury,5,AED,25.4052,55.5136
TXN15452,5604,CHN06,Trabzon,Turkey,Europe/Middle East,2020,Q4,376243,71,22.72,32.71,32,27.3,180,4.1,2322.0,Reported,Midscale,3,TRY,0.0,0.0
TXN15453,5605,CHN04,Ajman,UAE,Middle East,2023,Q2,3094728,545,425.1,542.66,78,28.3,80,4.8,11649.0,Reported,Luxury,5,AED,25.4052,55.5136
TXN15454,2465,CHN05,Strasbourg,France,Europe,2023,Q2,10204740,534,400.5,577.81,75,29.6,280,5.0,6926.0,Reported,Luxury,5,EUR,48.5734,7.7521
TXN15455,2625,CHN05,Salvador,Brazil,Americas,2024,Q3,15349280,485,417.1,500.17,86,33.9,400,4.8,12993.0,Reported,Luxury,5,BRL,-12.9714,-38.5014
TXN15456,5606,CHN09,Naples,Italy,Europe,2021,Q1,1650600,131,52.4,65.79,40,43.3,350,4.5,9572.0,Reported,Upper-Upscale,4,EUR,40.8518,14.2681
TXN15457,5607,CHN07,Los Angeles,USA,Americas,2025,Q1,1594845,83,50.63,69.41,61,10.8,350,4.0,2644.0,Estimated,Economy,2,USD,34.0522,-118.2437
TXN15458,5608,CHN01,Mecca,Saudi Arabia,Middle East,2025,Q1,5164992,336,204.96,293.53,61,32.7,280,4.7,4144.0,Estimated,Upper-Upscale,4,SAR,21.3891,39.8579
TXN15459,5609,CHN10,Shanghai,China,Asia Pacific,2021,Q3,2704800,150,73.5,88.82,49,28.3,400,4.6,13219.0,Reported,Upscale,4,CNY,31.2304,121.4737
TXN15460,3170,CHN12,Birmingham,UK,Europe,2023,Q1,7008120,721,432.6,493.73,60,27.8,180,4.7,12222.0,Reported,Luxury,5,GBP,52.4862,-1.8904
TXN15461,2910,CHN07,Cameron Highlands,Malaysia,Asia Pacific,2019,Q3,660744,57,47.88,68.7,84,9.0,150,4.0,770.0,Reported,Economy,2,MYR,0.0,0.0
TXN15462,5610,CHN01,Lombok,Indonesia,Asia Pacific,2023,Q2,3950856,335,241.2,303.34,72,23.2,180,4.7,6796.0,Reported,Upper-Upscale,5,IDR,-8.5833,116.35
TXN15463,5611,CHN06,Guangzhou,China,Asia Pacific,2023,Q1,361800,60,40.2,54.16,67,21.9,100,3.8,4736.0,Reported,Economy,2,CNY,23.1291,113.2644
TXN15464,5612,CHN06,Komodo,Indonesia,Asia Pacific,2020,Q1,279180,47,14.1,17.55,30,21.2,220,3.9,4985.0,Reported,Economy,2,IDR,0.0,0.0
TXN15465,5613,CHN12,Florianopolis,Brazil,Americas,2022,Q1,6506280,620,328.6,475.28,53,27.8,220,4.9,2285.0,Reported,Luxury,5,BRL,-27.5954,-48.548
TXN15466,5178,CHN11,Gold Coast,Australia,Asia Pacific,2023,Q3,1280916,119,92.82,117.63,78,21.5,150,4.3,4066.0,Reported,Midscale,3,AUD,-28.0167,153.4
TXN15467,1915,CHN11,Kochi,India,Asia Pacific,2024,Q1,1475496,207,136.62,154.59,66,28.4,120,4.4,11036.0,Reported,Upscale,4,INR,9.9312,76.2673
TXN15468,5614,CHN02,Tabuk,Saudi Arabia,Middle East,2023,Q2,9886240,388,271.6,374.57,70,25.2,400,4.6,10419.0,Reported,Upper-Upscale,5,SAR,0.0,0.0
TXN15469,5615,CHN03,Ha Long Bay,Vietnam,Asia Pacific,2022,Q1,7667640,361,212.99,255.71,59,35.1,400,4.8,4711.0,Reported,Luxury,5,VND,20.9101,107.1839
TXN15470,5616,CHN10,Canberra,Australia,Asia Pacific,2019,Q4,3619924,154,112.42,128.13,73,25.1,350,4.4,10271.0,Reported,Upscale,4,AUD,-35.2809,149.13
TXN15471,5617,CHN05,Birmingham,UK,Europe,2023,Q3,3371432,502,366.46,458.44,73,33.2,100,4.7,6467.0,Reported,Luxury,5,GBP,52.4862,-1.8904
TXN15472,5618,CHN08,Coimbra,Portugal,Europe,2020,Q4,2995373,342,116.28,145.33,34,33.6,280,4.8,,Reported,Luxury,5,EUR,0.0,0.0
TXN15473,5619,CHN02,Antalya,Turkey,Europe/Middle East,2021,Q2,2383982,229,119.08,167.88,52,23.5,220,4.4,3841.0,Reported,Upper-Upscale,4,TRY,36.8969,30.7133
TXN15474,5620,CHN03,Istanbul,Turkey,Europe/Middle East,2023,Q1,1244160,128,76.8,102.62,60,16.0,180,4.1,619.0,Reported,Midscale,3,TRY,41.0082,28.9784
TXN15475,5621,CHN07,Lisbon,Portugal,Europe,2025,Q2,841277,107,77.04,101.47,72,12.6,120,4.4,583.0,Estimated,Midscale,3,EUR,38.7223,-9.1393
TXN15476,3757,CHN02,Amalfi,Italy,Europe,2022,Q3,4880563,614,442.08,502.66,72,31.8,120,4.8,13942.0,Reported,Luxury,5,EUR,40.634,14.6027
TXN15477,5622,CHN07,Guadalajara,Mexico,Americas,2025,Q4,1812326,152,109.44,127.43,72,25.1,180,4.4,8212.0,Estimated,Upscale,4,MXN,20.6597,-103.3496
TXN15478,5623,CHN05,Canberra,Australia,Asia Pacific,2022,Q3,2570885,319,232.87,261.31,73,28.1,120,4.9,3668.0,Reported,Upper-Upscale,5,AUD,-35.2809,149.13
TXN15479,5624,CHN09,Tangier,Morocco,Africa,2020,Q1,165240,102,30.6,36.6,30,40.3,60,4.4,4319.0,Reported,Upscale,4,MAD,35.7595,-5.833
TXN15480,5625,CHN03,Nagoya,Japan,Asia Pacific,2024,Q1,3094848,597,429.84,576.87,72,24.0,80,4.6,3903.0,Reported,Luxury,5,JPY,35.1815,136.9066
TXN15481,1865,CHN05,Ankara,Turkey,Europe/Middle East,2025,Q1,8716365,413,276.71,393.71,67,35.9,350,4.9,11342.0,Estimated,Upper-Upscale,5,TRY,39.9334,32.8597
TXN15482,5296,CHN12,Antalya,Turkey,Europe/Middle East,2020,Q4,579931,103,35.02,46.9,34,27.7,180,4.3,2044.0,Reported,Midscale,3,TRY,36.8969,30.7133
TXN15483,5472,CHN08,Cologne,Germany,Europe,2020,Q3,325901,144,59.04,80.88,41,26.7,60,4.3,11165.0,Reported,Upscale,4,EUR,50.9333,6.95
TXN15484,3757,CHN02,Amalfi,Italy,Europe,2025,Q1,5854464,847,542.08,677.59,64,42.4,120,4.8,1649.0,Estimated,Luxury,5,EUR,40.634,14.6027
TXN15485,5626,CHN06,Palermo,Italy,Europe,2022,Q3,664387,59,40.12,51.07,68,18.9,180,4.1,4598.0,Reported,Economy,2,EUR,38.1157,13.3615
TXN15486,5627,CHN02,Hobart,Australia,Asia Pacific,2024,Q1,1761480,466,326.2,380.31,70,20.2,60,4.9,5616.0,Reported,Upper-Upscale,5,AUD,-42.8821,147.3272
TXN15487,5628,CHN10,Brasilia,Brazil,Americas,2025,Q1,861696,176,119.68,135.14,68,25.4,80,4.5,5452.0,Estimated,Upscale,4,BRL,-15.7975,-47.8919
TXN15488,5629,CHN05,Paris,France,Europe,2020,Q3,2389939,528,216.48,282.27,41,20.1,120,4.6,13665.0,Reported,Luxury,5,EUR,48.8566,2.3522
TXN15489,5630,CHN04,Johor Bahru,Malaysia,Asia Pacific,2024,Q2,2299752,78,63.18,83.27,81,27.1,400,4.0,206.0,Reported,Economy,2,MYR,1.4927,103.7414
TXN15490,5631,CHN12,Zakynthos,Greece,Europe,2024,Q3,8164080,261,221.85,294.56,85,41.0,400,4.5,14197.0,Reported,Upscale,4,EUR,37.7902,20.9051
TXN15491,5632,CHN03,Beijing,China,Asia Pacific,2024,Q3,4785886,167,148.63,185.32,89,15.1,350,4.3,3394.0,Reported,Midscale,3,CNY,39.9042,116.4074
TXN15492,4077,CHN03,Agadir,Morocco,Africa,2022,Q1,5977944,409,237.22,298.88,58,38.1,280,5.0,8111.0,Reported,Luxury,5,MAD,30.4278,-9.5981
TXN15493,4108,CHN08,Agra,India,Asia Pacific,2021,Q4,6745440,390,183.3,219.55,47,35.3,400,4.9,11761.0,Reported,Luxury,5,INR,27.1767,78.0081
TXN15494,5633,CHN10,Brisbane,Australia,Asia Pacific,2024,Q3,11267682,527,437.41,557.62,83,36.5,280,4.8,14592.0,Reported,Luxury,5,AUD,-27.4698,153.0251
TXN15495,5634,CHN01,Beijing,China,Asia Pacific,2024,Q2,45080490,1685,1415.4,2063.65,84,37.0,350,4.7,6657.0,Reported,Luxury,5,CNY,39.9042,116.4074
TXN15496,5635,CHN01,Dusseldorf,Germany,Europe,2020,Q3,2926851,299,113.62,148.37,38,37.7,280,4.8,7521.0,Reported,Luxury,5,EUR,51.2217,6.7762
TXN15497,5636,CHN07,Ho Chi Minh City,Vietnam,Asia Pacific,2019,Q3,5791584,183,157.38,204.87,86,25.2,400,4.5,3517.0,Reported,Upscale,4,VND,10.8231,106.6297
TXN15498,5637,CHN05,Amalfi,Italy,Europe,2020,Q4,2342246,442,141.44,165.32,32,29.7,180,4.7,8241.0,Reported,Luxury,5,EUR,40.634,14.6027
TXN15499,5638,CHN04,Bandung,Indonesia,Asia Pacific,2023,Q2,1261260,180,138.6,201.86,77,43.4,100,4.4,5020.0,Reported,Upscale,4,IDR,-6.9175,107.6191
TXN15500,5639,CHN08,Ibiza,Spain,Europe,2024,Q1,1888218,479,349.67,456.34,73,19.1,60,4.6,6281.0,Reported,Luxury,5,EUR,38.9067,1.4206
